filename,width,height,class,xmin,ymin,xmax,ymax
frame_1581_jpg.rf.02d4fb8b748812b8502e996903786670.jpg,1280,720,hand,640,155,1071,697
frame_1581_jpg.rf.02d4fb8b748812b8502e996903786670.jpg,1280,720,hand,0,217,367,719
frame_1581_jpg.rf.02d4fb8b748812b8502e996903786670.jpg,1280,720,hand,276,498,453,670
frame_1581_jpg.rf.02d4fb8b748812b8502e996903786670.jpg,1280,720,hand,648,489,817,676
frame_1581_jpg.rf.02d4fb8b748812b8502e996903786670.jpg,1280,720,face,422,2,643,167
Ana_Sebastiao_0001_jpg.rf.034a731175c2d89b9cdb23a06cd1ab28.jpg,250,250,face,83,88,174,192
Alejandro_Avila_0003_jpg.rf.009d9bbc27f01c4cbf635d5e1c2e8a8b.jpg,250,250,face,159,32,247,145
Alejandro_Avila_0003_jpg.rf.009d9bbc27f01c4cbf635d5e1c2e8a8b.jpg,250,250,face,83,75,173,191
George_W_Bush_0046_jpg.rf.05201c9a429fba9a4b71c7cb679facb3.jpg,250,250,face,87,98,161,197
George_W_Bush_0046_jpg.rf.05201c9a429fba9a4b71c7cb679facb3.jpg,250,250,hand,54,162,122,249
Anwar_Ibrahim_0002_jpg.rf.05b7d55903c0b6687657d06d95948cc4.jpg,250,250,face,78,97,182,193
Amelia_Vega_0007_jpg.rf.077bd08c74ea540ed8f8b789aadf1bac.jpg,250,250,face,80,88,168,197
frame_0052_jpg.rf.013fe27412596e6d9be91cd292f6e468.jpg,1280,720,face,459,0,691,171
frame_0052_jpg.rf.013fe27412596e6d9be91cd292f6e468.jpg,1280,720,hand,130,321,345,529
frame_0052_jpg.rf.013fe27412596e6d9be91cd292f6e468.jpg,1280,720,hand,757,353,933,538
frame_0052_jpg.rf.013fe27412596e6d9be91cd292f6e468.jpg,1280,720,hand,843,291,1250,703
Alejandro_Toledo_0038_jpg.rf.04efa5a3044e3353632b1cac1cdc11a5.jpg,250,250,face,70,77,165,189
Alejandro_Toledo_0038_jpg.rf.04efa5a3044e3353632b1cac1cdc11a5.jpg,250,250,hand,103,161,181,245
Alexandra_Jackson_0001_jpg.rf.0581cfc7cd8dbfc8e5f99fbe5a8609a9.jpg,250,250,face,102,95,180,183
frame_2698_jpg.rf.07f649c25a6c32bf89141f54fbe5cdfd.jpg,1280,720,hand,363,349,521,471
frame_2698_jpg.rf.07f649c25a6c32bf89141f54fbe5cdfd.jpg,1280,720,hand,667,345,758,460
Laurent_Gbagbo_0002_jpg.rf.07cd74537d8ada955972b0e50ad8f1ed.jpg,250,250,face,70,79,183,218
Laurent_Gbagbo_0002_jpg.rf.07cd74537d8ada955972b0e50ad8f1ed.jpg,250,250,hand,0,131,110,249
Atal_Bihari_Vajpayee_0002_jpg.rf.086aedff0b5fef47bc198b4bfb3ef33c.jpg,250,250,face,83,84,184,184
Alexandra_Pelosi_0001_jpg.rf.0c90bc8bfaf973c6ba04942c8b8ac0e4.jpg,250,250,face,91,94,173,195
Amelie_Mauresmo_0007_jpg.rf.0abdb2cf25a980542672f4cb7883541c.jpg,250,250,face,86,91,173,182
Beyonce_Knowles_0001_jpg.rf.0a22b8bbbc6d68804692616f0a023632.jpg,250,250,face,73,90,167,208
Beyonce_Knowles_0001_jpg.rf.0a22b8bbbc6d68804692616f0a023632.jpg,250,250,hand,126,191,203,248
Ann_Veneman_0010_jpg.rf.07edffc8997965c8d8ff931c807cca3e.jpg,250,250,face,92,95,183,190
Ann_Veneman_0010_jpg.rf.07edffc8997965c8d8ff931c807cca3e.jpg,250,250,hand,48,140,136,248
Celso_Lafer_0001_jpg.rf.082b99f7228b0bfaf0b6388c182aaee3.jpg,250,250,face,83,96,177,195
Celso_Lafer_0001_jpg.rf.082b99f7228b0bfaf0b6388c182aaee3.jpg,250,250,hand,85,172,165,238
Celso_Lafer_0001_jpg.rf.082b99f7228b0bfaf0b6388c182aaee3.jpg,250,250,hand,106,156,186,227
Bernardo_Segura_0001_jpg.rf.0f144a7f68f98c50801e8dc989d72ebb.jpg,250,250,face,64,88,162,196
Bernardo_Segura_0001_jpg.rf.0f144a7f68f98c50801e8dc989d72ebb.jpg,250,250,hand,92,175,160,247
Bernardo_Segura_0001_jpg.rf.0f144a7f68f98c50801e8dc989d72ebb.jpg,250,250,face,169,123,249,209
Khum_Bahadur_Khadka_0001_jpg.rf.0f1622da2b53883cf2a638f2c4172282.jpg,250,250,face,194,120,249,192
Khum_Bahadur_Khadka_0001_jpg.rf.0f1622da2b53883cf2a638f2c4172282.jpg,250,250,face,84,93,175,200
Khum_Bahadur_Khadka_0001_jpg.rf.0f1622da2b53883cf2a638f2c4172282.jpg,250,250,face,34,121,76,179
Khum_Bahadur_Khadka_0001_jpg.rf.0f1622da2b53883cf2a638f2c4172282.jpg,250,250,hand,38,188,139,249
Allyson_Felix_0002_jpg.rf.10ce91d135199808f59dab623502fe39.jpg,250,250,face,79,94,173,186
Allyson_Felix_0002_jpg.rf.10ce91d135199808f59dab623502fe39.jpg,250,250,hand,44,164,106,249
George_W_Bush_0331_jpg.rf.161bd68bce2d319a640d483c316c6b96.jpg,250,250,face,85,96,169,193
George_W_Bush_0331_jpg.rf.161bd68bce2d319a640d483c316c6b96.jpg,250,250,hand,19,80,66,180
Alicia_Keys_0001_jpg.rf.0f5aef827ed85cecc562d2bdd1b69a19.jpg,250,250,face,80,95,167,190
Allan_Kemakeza_0001_jpg.rf.1237f86f4cb47cb3e1f03a8472d4a336.jpg,250,250,face,85,87,190,202
Amer_al-Saadi_0002_jpg.rf.14145440996dea2788cb999baf6a9460.jpg,250,250,face,66,89,160,196
Andy_Roddick_0002_jpg.rf.0ca8748642d60c075dfee9bb308510ef.jpg,250,250,face,80,91,205,209
Andy_Roddick_0002_jpg.rf.0ca8748642d60c075dfee9bb308510ef.jpg,250,250,hand,0,193,72,249
Andy_Roddick_0002_jpg.rf.0ca8748642d60c075dfee9bb308510ef.jpg,250,250,hand,197,167,249,249
Angela_Bassett_0001_jpg.rf.14b2f6f00a4e74c071bd06e8155041fd.jpg,250,250,face,81,88,178,207
frame_2433_jpg.rf.15576164a9e2a0b5bf074cc79ae32946.jpg,1280,720,hand,318,187,513,395
frame_2433_jpg.rf.15576164a9e2a0b5bf074cc79ae32946.jpg,1280,720,hand,649,213,867,434
Alejandro_Avila_0001_jpg.rf.1411eaf529431bedb19b76e978832e99.jpg,250,250,face,74,76,172,195
Aretha_Franklin_0001_jpg.rf.0e35a04d3f3234c24dfb0789fb76b0b9.jpg,250,250,face,83,94,173,203
Aretha_Franklin_0001_jpg.rf.0e35a04d3f3234c24dfb0789fb76b0b9.jpg,250,250,hand,0,52,31,114
Catherine_Deneuve_0001_jpg.rf.098a328e2068351f3480cce93c8e617d.jpg,250,250,hand,18,139,76,240
Catherine_Deneuve_0001_jpg.rf.098a328e2068351f3480cce93c8e617d.jpg,250,250,face,75,91,158,194
frame_0003_jpg.rf.0e2b5d8ec2e653d8c724c4bfb7fb3817.jpg,1280,720,hand,275,307,479,480
frame_0003_jpg.rf.0e2b5d8ec2e653d8c724c4bfb7fb3817.jpg,1280,720,hand,637,330,866,499
Anders_Fogh_Rasmussen_0002_jpg.rf.16f2233075ea5de9e06f978cefb2873b.jpg,250,250,face,82,95,175,191
Bryan_Thomas_0001_jpg.rf.165af557deb13d4b6f4a9c0602c4811f.jpg,250,250,face,84,88,178,190
Ai_Sugiyama_0003_jpg.rf.184b1db7794fcc4780e7617cf692f92b.jpg,250,250,face,84,62,173,191
Ai_Sugiyama_0003_jpg.rf.184b1db7794fcc4780e7617cf692f92b.jpg,250,250,hand,178,124,238,211
Aline_Chretien_0001_jpg.rf.195c3ed8bd1b3ff39f8872c73212c94c.jpg,250,250,face,69,96,161,188
Byron_Scott_0002_jpg.rf.167fd0be773644440a36533cc1b74841.jpg,250,250,face,78,90,167,195
Kevin_Sorbo_0001_jpg.rf.1b0d9ef138aa363a75111c1bfcbfd5e6.jpg,250,250,face,79,94,162,212
Kevin_Sorbo_0001_jpg.rf.1b0d9ef138aa363a75111c1bfcbfd5e6.jpg,250,250,hand,0,103,82,249
Angela_Bassett_0002_jpg.rf.1a4bdda690d743acc5091f70b85ea18f.jpg,250,250,face,81,89,168,197
Lane_Bryant_0001_jpg.rf.1b28d07fa62da774ac014e53f5a097d1.jpg,250,250,face,79,88,167,186
Lane_Bryant_0001_jpg.rf.1b28d07fa62da774ac014e53f5a097d1.jpg,250,250,hand,67,193,200,249
Brandon_Hammond_0001_jpg.rf.1d1b5c35e514e51ff206051872e5aafd.jpg,250,250,face,77,94,167,192
Fidel_Castro_0003_jpg.rf.19db894d4abe7c52e94ae06ab225dfe3.jpg,250,250,hand,49,141,114,249
Fidel_Castro_0003_jpg.rf.19db894d4abe7c52e94ae06ab225dfe3.jpg,250,250,face,76,93,170,191
Alan_Zemaitis_0001_jpg.rf.1eafdb3d9c725657b00c9f52b7bcd5f8.jpg,250,250,face,84,94,186,206
Alan_Tang_Kwong-wing_0001_jpg.rf.1e04eec37f089507f4cf60dfff7adf53.jpg,250,250,face,71,67,165,187
frame_1770_jpg.rf.1c1265d3247c3f115dcd42e7339a3d59.jpg,1280,720,hand,388,173,562,337
frame_1770_jpg.rf.1c1265d3247c3f115dcd42e7339a3d59.jpg,1280,720,hand,701,252,882,395
frame_1471_jpg.rf.1cae162caa3e79a0cc5f8fdad186113b.jpg,1280,720,hand,120,282,340,502
frame_1471_jpg.rf.1cae162caa3e79a0cc5f8fdad186113b.jpg,1280,720,hand,594,250,846,507
frame_1471_jpg.rf.1cae162caa3e79a0cc5f8fdad186113b.jpg,1280,720,face,603,0,821,186
Alvaro_Uribe_0023_jpg.rf.1f19a646fb98f8c243c7ece21829fb7e.jpg,250,250,hand,0,157,43,233
Alvaro_Uribe_0023_jpg.rf.1f19a646fb98f8c243c7ece21829fb7e.jpg,250,250,face,85,87,164,183
Boutros_Boutros_Ghali_0001_jpg.rf.15ca734a5b992fd48890e1cdccc48bc6.jpg,250,250,face,62,90,164,196
Anthony_Pisciotti_0001_jpg.rf.1ddea9b88794fab1dcd448aab9d3409f.jpg,250,250,face,75,95,159,181
Anthony_Pisciotti_0001_jpg.rf.1ddea9b88794fab1dcd448aab9d3409f.jpg,250,250,hand,32,212,115,249
Leonard_Hamilton_0001_jpg.rf.1f277b5e93c75dc408c877df4c4d393a.jpg,250,250,face,83,95,170,192
Leonard_Hamilton_0001_jpg.rf.1f277b5e93c75dc408c877df4c4d393a.jpg,250,250,hand,0,138,86,246
Alejandro_Toledo_0026_jpg.rf.1ef2743795746fc2269ab64312813825.jpg,250,250,face,84,58,173,190
Alejandro_Toledo_0023_jpg.rf.1dfff83acca85f001b92d57592a3eb73.jpg,250,250,face,76,73,185,205
Alejandro_Toledo_0023_jpg.rf.1dfff83acca85f001b92d57592a3eb73.jpg,250,250,hand,151,0,224,66
frame_0146_jpg.rf.1dbf48c3cd07de4546cff019eb3771a2.jpg,1280,720,hand,592,188,782,341
frame_0146_jpg.rf.1dbf48c3cd07de4546cff019eb3771a2.jpg,1280,720,hand,779,231,1035,387
frame_0146_jpg.rf.1dbf48c3cd07de4546cff019eb3771a2.jpg,1280,720,hand,644,486,1058,719
Alberto_Fujimori_0002_jpg.rf.219ded2b8d9bd36eda79e5eadfaba61c.jpg,250,250,face,77,91,193,204
Agnes_Bruckner_0001_jpg.rf.2235c15441ed095da6bd0fce1b059e66.jpg,250,250,face,84,55,187,184
frame_0865_jpg.rf.1a2112f8dfda9b7c5bccf109e58d3209.jpg,1280,720,hand,405,407,531,552
frame_0865_jpg.rf.1a2112f8dfda9b7c5bccf109e58d3209.jpg,1280,720,hand,239,508,476,719
frame_0865_jpg.rf.1a2112f8dfda9b7c5bccf109e58d3209.jpg,1280,720,hand,633,500,861,719
frame_0865_jpg.rf.1a2112f8dfda9b7c5bccf109e58d3209.jpg,1280,720,hand,707,420,782,518
frame_0865_jpg.rf.1a2112f8dfda9b7c5bccf109e58d3209.jpg,1280,720,face,549,0,712,162
frame_0012_jpg.rf.1c512eaa89756635880a27441e9eccce.jpg,1280,720,hand,765,470,952,651
frame_0012_jpg.rf.1c512eaa89756635880a27441e9eccce.jpg,1280,720,hand,206,361,394,557
frame_0012_jpg.rf.1c512eaa89756635880a27441e9eccce.jpg,1280,720,hand,540,364,740,533
BB_King_0001_jpg.rf.23db8dad4f1b9122ef72a322ef92cc85.jpg,250,250,face,66,84,176,204
Li_Peng_0005_jpg.rf.228649b6b7896a3726572b3e6374d1f0.jpg,250,250,face,79,89,155,180
Li_Peng_0005_jpg.rf.228649b6b7896a3726572b3e6374d1f0.jpg,250,250,hand,145,176,208,249
Ainsworth_Dyer_0001_jpg.rf.22302a4a2013123ca77695973c2e5a4c.jpg,250,250,face,80,77,177,196
Aung_San_Suu_Kyi_0001_jpg.rf.22660ea5c191cb39e7cc3d97a248e841.jpg,250,250,face,89,98,175,186
Aby_Har-Even_0001_jpg.rf.25c237ae65ed268d333e38ddbc363f7a.jpg,250,250,face,68,31,196,190
Bill_Kong_0001_jpg.rf.246d4ccbabd649572e35b5b04a09b56c.jpg,250,250,face,82,92,176,187
Li_Ka-shing_0001_jpg.rf.1fee0f00138bde3b6ae590294e023149.jpg,250,250,face,195,99,249,170
Li_Ka-shing_0001_jpg.rf.1fee0f00138bde3b6ae590294e023149.jpg,250,250,face,103,90,162,177
Li_Ka-shing_0001_jpg.rf.1fee0f00138bde3b6ae590294e023149.jpg,250,250,hand,142,154,216,217
Alanis_Morissette_0001_jpg.rf.26f4ae8961988bcf9539a5666ee62ad6.jpg,250,250,face,85,77,177,205
Ahmed_Ibrahim_Bilal_0001_jpg.rf.27c36b0b02c7c89f32cd3a6028644516.jpg,250,250,face,72,51,175,191
Laura_Bush_0040_jpg.rf.26a36241e884b1e2fe197a337c5e1ee5.jpg,250,250,hand,159,10,242,111
Laura_Bush_0040_jpg.rf.26a36241e884b1e2fe197a337c5e1ee5.jpg,250,250,face,81,88,166,196
frame_0763_jpg.rf.22f722cd7381790b5a2c7d087438f5ac.jpg,1280,720,hand,78,168,280,368
frame_0763_jpg.rf.22f722cd7381790b5a2c7d087438f5ac.jpg,1280,720,hand,372,147,520,337
frame_0763_jpg.rf.22f722cd7381790b5a2c7d087438f5ac.jpg,1280,720,hand,644,468,1022,719
Andy_Roddick_0004_jpg.rf.283f4ed4df6a37de29e1c1ec65393eab.jpg,250,250,face,82,84,175,185
Andy_Roddick_0004_jpg.rf.283f4ed4df6a37de29e1c1ec65393eab.jpg,250,250,hand,0,129,62,204
Andy_Roddick_0004_jpg.rf.283f4ed4df6a37de29e1c1ec65393eab.jpg,250,250,hand,201,64,249,142
Akmal_Taher_0001_jpg.rf.257f2a0537cf96a0be6f650bc5357c80.jpg,250,250,face,90,61,185,190
Chanda_Rubin_0001_jpg.rf.2849afce94ed36a1728f2360243a327f.jpg,250,250,face,89,92,186,196
Chanda_Rubin_0001_jpg.rf.2849afce94ed36a1728f2360243a327f.jpg,250,250,hand,61,0,156,59
Abdul_Rahman_0001_jpg.rf.2b9d3622b963d02ce5a75afefba9a5e4.jpg,250,250,face,66,42,188,210
Amanda_Plumer_0001_jpg.rf.2a8142bc0e6ad60eb2a4ec67bbcb4340.jpg,250,250,face,52,87,165,210
Amanda_Plumer_0001_jpg.rf.2a8142bc0e6ad60eb2a4ec67bbcb4340.jpg,250,250,hand,22,19,76,68
frame_0230_jpg.rf.24975fd6a22cb3341de95eed409c1dc3.jpg,1280,720,hand,276,82,464,282
frame_0045_jpg.rf.2819036e3ff83904e0a129e9573c6c83.jpg,1280,720,hand,504,215,745,398
frame_0045_jpg.rf.2819036e3ff83904e0a129e9573c6c83.jpg,1280,720,hand,709,259,991,453
Adriana_Perez_Navarro_0001_jpg.rf.24f2440e6941eb0aeb8041aec5332473.jpg,250,250,face,73,48,175,194
George_W_Bush_0092_jpg.rf.2c387c454393e0babc70310c403aeb1c.jpg,250,250,face,83,93,171,203
George_W_Bush_0092_jpg.rf.2c387c454393e0babc70310c403aeb1c.jpg,250,250,hand,156,87,249,217
Larry_Brown_0002_jpg.rf.2d266dbac725c3b7a943dfaa065b355f.jpg,250,250,face,85,94,170,206
Larry_Brown_0002_jpg.rf.2d266dbac725c3b7a943dfaa065b355f.jpg,250,250,hand,122,124,188,228
Leo_Mullin_0001_jpg.rf.2a02b1bac900c2386a40100c7d6c603a.jpg,250,250,face,78,99,163,193
Leo_Mullin_0001_jpg.rf.2a02b1bac900c2386a40100c7d6c603a.jpg,250,250,hand,127,173,237,242
Alexa_Vega_0001_jpg.rf.28a0c3aed8af45afa50cf9b6acd9d9d6.jpg,250,250,face,76,76,163,187
Carlton_Baugh_0001_jpg.rf.2e7918d9cd405ce3c6a62202c709b46f.jpg,250,250,face,74,90,189,202
Aicha_El_Ouafi_0003_jpg.rf.308059ee515a284853879f4d05baae57.jpg,250,250,face,73,59,170,200
Aicha_El_Ouafi_0003_jpg.rf.308059ee515a284853879f4d05baae57.jpg,250,250,hand,169,100,230,213
Albaro_Recoba_0001_jpg.rf.2cdf5153e854919d8bf5fb63f9a8db82.jpg,250,250,face,77,94,171,186
Albaro_Recoba_0001_jpg.rf.2cdf5153e854919d8bf5fb63f9a8db82.jpg,250,250,hand,2,92,71,196
Geoff_Hoon_0005_jpg.rf.320043602eef2c67aa1cb59c65f6d7ba.jpg,250,250,face,74,91,160,201
Geoff_Hoon_0005_jpg.rf.320043602eef2c67aa1cb59c65f6d7ba.jpg,250,250,hand,10,144,69,249
Bixente_LIzarazu_0001_jpg.rf.31c5f151a15f67906c4cce5a74c51d6e.jpg,250,250,face,85,98,172,192
Bixente_LIzarazu_0001_jpg.rf.31c5f151a15f67906c4cce5a74c51d6e.jpg,250,250,hand,180,165,239,231
Carol_Moseley_Braun_0001_jpg.rf.340cf5405809c57e6c91fa3868224f2a.jpg,250,250,face,71,93,173,197
Azmi_Bishara_0001_jpg.rf.34e1b3e5bf7d454436b1df8c47a615f9.jpg,250,250,face,85,89,174,192
Azmi_Bishara_0001_jpg.rf.34e1b3e5bf7d454436b1df8c47a615f9.jpg,250,250,face,184,103,221,141
Azmi_Bishara_0001_jpg.rf.34e1b3e5bf7d454436b1df8c47a615f9.jpg,250,250,hand,141,174,208,249
Azmi_Bishara_0001_jpg.rf.34e1b3e5bf7d454436b1df8c47a615f9.jpg,250,250,hand,167,193,234,249
Azmi_Bishara_0001_jpg.rf.34e1b3e5bf7d454436b1df8c47a615f9.jpg,250,250,face,44,101,64,132
Allyson_Felix_0001_jpg.rf.2fc685557e663a30d6cfcda729c056fd.jpg,250,250,face,85,90,175,188
Abdullah_Gul_0001_jpg.rf.344788dac3d102732b1b786cc0c4a9c7.jpg,250,250,face,84,26,208,200
Ernesto_Zedillo_0001_jpg.rf.33fec0c7243b99445ed5ca97f575c3e9.jpg,250,250,hand,41,133,126,195
Ernesto_Zedillo_0001_jpg.rf.33fec0c7243b99445ed5ca97f575c3e9.jpg,250,250,face,91,100,164,176
Alice_Fisher_0002_jpg.rf.336866422315653ef9ad624615e472e7.jpg,250,250,face,83,94,168,184
frame_0549_jpg.rf.37f32274d2eb1b12b495ed45c31d6f78.jpg,1280,720,hand,435,232,636,414
Adoor_Gopalakarishnan_0001_jpg.rf.3a708e3ba78b7518d3ae14408fb8e23e.jpg,250,250,face,60,53,172,191
Adoor_Gopalakarishnan_0001_jpg.rf.3a708e3ba78b7518d3ae14408fb8e23e.jpg,250,250,hand,64,115,133,204
Amer_al-Saadi_0004_jpg.rf.31ebb360d91a10727f5c4fb8da8c6068.jpg,250,250,face,62,100,94,172
Amer_al-Saadi_0004_jpg.rf.31ebb360d91a10727f5c4fb8da8c6068.jpg,250,250,face,95,90,177,191
Ariel_Sharon_0061_jpg.rf.3e802a84a19e4650d70d4c77af1096cf.jpg,250,250,face,78,92,185,199
Ariel_Sharon_0061_jpg.rf.3e802a84a19e4650d70d4c77af1096cf.jpg,250,250,hand,59,146,137,249
frame_0033_jpg.rf.3c6eeb33849ae8a92c5a57900abb401b.jpg,1280,720,face,472,0,619,115
frame_0033_jpg.rf.3c6eeb33849ae8a92c5a57900abb401b.jpg,1280,720,hand,668,304,772,419
Adel_Al-Jubeir_0001_jpg.rf.3e3599c9cd7e4d1621af877f86c21b40.jpg,250,250,face,58,36,161,181
Adel_Al-Jubeir_0001_jpg.rf.3e3599c9cd7e4d1621af877f86c21b40.jpg,250,250,hand,107,138,201,224
Amanda_Bynes_0001_jpg.rf.41c2b3a07503eb253f9c3dd8bca76425.jpg,250,250,face,76,95,170,195
Ben_Betts_0001_jpg.rf.3aa02d3183f0c07d0963ccb031098046.jpg,250,250,face,77,92,170,202
frame_0508_jpg.rf.3639a8d24ff69b2ff9bf87131e71940d.jpg,1280,720,hand,438,95,571,245
frame_0508_jpg.rf.3639a8d24ff69b2ff9bf87131e71940d.jpg,1280,720,hand,208,35,498,352
Cecilia_Cheung_0001_jpg.rf.4100c1f6f5ca97227307eb519084124a.jpg,250,250,face,78,89,173,190
Cecilia_Cheung_0001_jpg.rf.4100c1f6f5ca97227307eb519084124a.jpg,250,250,face,0,12,55,115
Afton_Smith_0001_jpg.rf.3cd18c15c74513a96627fbe5884c46b5.jpg,250,250,face,88,62,165,190
Alvaro_Noboa_0002_jpg.rf.38452cf0386a42211fcb671c4e08f00b.jpg,250,250,face,85,97,168,188
Alvaro_Noboa_0002_jpg.rf.38452cf0386a42211fcb671c4e08f00b.jpg,250,250,hand,212,167,245,212
Alvaro_Noboa_0002_jpg.rf.38452cf0386a42211fcb671c4e08f00b.jpg,250,250,hand,156,0,222,43
Alvaro_Noboa_0002_jpg.rf.38452cf0386a42211fcb671c4e08f00b.jpg,250,250,hand,13,0,80,47
Alvaro_Noboa_0002_jpg.rf.38452cf0386a42211fcb671c4e08f00b.jpg,250,250,hand,0,156,64,245
Alvaro_Noboa_0002_jpg.rf.38452cf0386a42211fcb671c4e08f00b.jpg,250,250,hand,21,101,66,131
Carlos_Alberto_0001_jpg.rf.43be22157474dbec3bdb58a7a8e59de6.jpg,250,250,face,71,87,175,191
Carlos_Alberto_0001_jpg.rf.43be22157474dbec3bdb58a7a8e59de6.jpg,250,250,hand,43,192,131,249
Abdullah_Ahmad_Badawi_0001_jpg.rf.43fa44d71bb8abf94b8e15baad553ce1.jpg,250,250,face,78,40,192,193
Bob_Hayes_0001_jpg.rf.4194b074774b4efbb0d7ff3bef0cc6ba.jpg,250,250,face,83,93,173,201
Armando_Avila_Panchame_0001_jpg.rf.42acc48cea077a9957f31346b0e9df90.jpg,250,250,face,74,92,164,192
Alvaro_Uribe_0009_jpg.rf.475dc866d4d0c308ba57adeca9d2811f.jpg,250,250,hand,38,170,134,249
Alvaro_Uribe_0009_jpg.rf.475dc866d4d0c308ba57adeca9d2811f.jpg,250,250,face,75,52,177,182
Alvaro_Uribe_0034_jpg.rf.440c105aeee2a1a573f90e5073d1f332.jpg,250,250,face,76,100,159,186
Alvaro_Uribe_0034_jpg.rf.440c105aeee2a1a573f90e5073d1f332.jpg,250,250,hand,0,33,33,147
frame_0573_jpg.rf.44903f1b116f04a0ad05d28952c91c52.jpg,1280,720,hand,403,214,635,398
frame_0573_jpg.rf.44903f1b116f04a0ad05d28952c91c52.jpg,1280,720,hand,669,198,825,364
frame_0573_jpg.rf.44903f1b116f04a0ad05d28952c91c52.jpg,1280,720,hand,0,495,328,719
frame_0573_jpg.rf.44903f1b116f04a0ad05d28952c91c52.jpg,1280,720,hand,686,344,1040,603
Andy_Roddick_0006_jpg.rf.45405af1bfd96445aedb6de0832672ce.jpg,250,250,hand,204,73,249,195
Andy_Roddick_0006_jpg.rf.45405af1bfd96445aedb6de0832672ce.jpg,250,250,face,71,91,170,196
George_W_Bush_0358_jpg.rf.47af7deb915629c5ef4fe176cfcbfbcb.jpg,250,250,face,72,96,163,211
George_W_Bush_0358_jpg.rf.47af7deb915629c5ef4fe176cfcbfbcb.jpg,250,250,hand,131,161,203,248
Anthony_Hopkins_0001_jpg.rf.484e10cfb084b80c881d3ac526b81426.jpg,250,250,face,70,94,180,204
Anthony_Hopkins_0001_jpg.rf.484e10cfb084b80c881d3ac526b81426.jpg,250,250,hand,167,132,240,215
Anthony_Hopkins_0001_jpg.rf.484e10cfb084b80c881d3ac526b81426.jpg,250,250,hand,0,129,76,212
Atal_Bihari_Vajpayee_0015_jpg.rf.4884bf0485af6ab40b43079bd9769b10.jpg,250,250,face,78,90,164,183
Atal_Bihari_Vajpayee_0015_jpg.rf.4884bf0485af6ab40b43079bd9769b10.jpg,250,250,face,0,0,82,73
Atal_Bihari_Vajpayee_0015_jpg.rf.4884bf0485af6ab40b43079bd9769b10.jpg,250,250,hand,157,187,226,249
Calvin_Joseph_Coleman_0001_jpg.rf.4a66c5567df91fc7f5315692a3ffa005.jpg,250,250,face,83,86,177,204
Aiysha_Smith_0001_jpg.rf.4ad48ba0aa83eecfe50a44dbe5337d5d.jpg,250,250,face,64,54,155,187
Adam_Herbert_0001_jpg.rf.49019f8060cbb0b4d8db60d747acea00.jpg,250,250,face,59,28,174,187
Angela_Bassett_0003_jpg.rf.4e6c6e5cd1003fd3c23063c5ff99b9fb.jpg,250,250,face,82,95,175,188
Angela_Bassett_0003_jpg.rf.4e6c6e5cd1003fd3c23063c5ff99b9fb.jpg,250,250,face,0,104,69,207
Arnoldo_Aleman_0005_jpg.rf.52ed8cded51f648f18b210aabe211eec.jpg,250,250,face,71,89,174,198
Arnoldo_Aleman_0005_jpg.rf.52ed8cded51f648f18b210aabe211eec.jpg,250,250,hand,3,164,56,249
Arnoldo_Aleman_0005_jpg.rf.52ed8cded51f648f18b210aabe211eec.jpg,250,250,hand,115,184,211,247
Amelia_Vega_0001_jpg.rf.51471273ab95455694d245a1a13b4f58.jpg,250,250,face,82,85,170,186
Brandon_Robinson_0001_jpg.rf.4b0910773e91b8c6237877fbf31c41e9.jpg,250,250,face,78,94,177,197
Bill_Paxton_0004_jpg.rf.43185af95de293fb195f1ff356fe4691.jpg,250,250,face,85,95,182,193
Bill_Paxton_0004_jpg.rf.43185af95de293fb195f1ff356fe4691.jpg,250,250,hand,168,94,248,179
Bill_Paxton_0004_jpg.rf.43185af95de293fb195f1ff356fe4691.jpg,250,250,face,0,33,40,167
Abdullah_al-Attiyah_0003_jpg.rf.4c5ce96e50f28385e8af5876957efd3c.jpg,250,250,face,62,21,196,182
Alfonso_Soriano_0001_jpg.rf.4cd55343ba4a8ba1624f18c1590397ed.jpg,250,250,face,88,94,177,210
Alejandro_Toledo_0016_jpg.rf.582408213593052f8cede09317931b89.jpg,250,250,face,85,63,171,190
Alejandro_Toledo_0016_jpg.rf.582408213593052f8cede09317931b89.jpg,250,250,hand,15,164,61,249
frame_0604_jpg.rf.53518353e253b0c75186ce8146bd85d7.jpg,1280,720,hand,623,240,806,376
frame_0604_jpg.rf.53518353e253b0c75186ce8146bd85d7.jpg,1280,720,hand,373,211,571,356
frame_0604_jpg.rf.53518353e253b0c75186ce8146bd85d7.jpg,1280,720,hand,603,493,1043,719
frame_0143_jpg.rf.4e5fcd173e0697e9e090072e1e72444a.jpg,1280,720,hand,273,71,565,317
frame_0756_jpg.rf.4edbbe0e7d2b864fa6bccecc64545adf.jpg,1280,720,hand,0,0,259,195
Garry_Kasparov_0002_jpg.rf.4a04ad80705c6393b0bab884164dddfd.jpg,250,250,face,89,95,171,189
Garry_Kasparov_0002_jpg.rf.4a04ad80705c6393b0bab884164dddfd.jpg,250,250,hand,141,142,213,200
Garry_Kasparov_0002_jpg.rf.4a04ad80705c6393b0bab884164dddfd.jpg,250,250,hand,208,130,246,201
Gary_Bergeron_0002_jpg.rf.5466a8cc37b85ad95e40ef903d2172df.jpg,250,250,face,85,97,175,200
Gary_Bergeron_0002_jpg.rf.5466a8cc37b85ad95e40ef903d2172df.jpg,250,250,hand,141,175,246,249
Candie_Kung_0004_jpg.rf.524dc9285a73cf9649351814b44be26e.jpg,250,250,face,83,96,171,185
Candie_Kung_0004_jpg.rf.524dc9285a73cf9649351814b44be26e.jpg,250,250,hand,145,148,245,249
Calvin_Harrison_0001_jpg.rf.552e6faa554c7151c8572b209d4f54f7.jpg,250,250,face,80,82,172,184
Filip_De_Winter_0001_jpg.rf.58d8bbd4ab48bac3ceabfd694e5d2a35.jpg,250,250,face,76,90,169,198
Filip_De_Winter_0001_jpg.rf.58d8bbd4ab48bac3ceabfd694e5d2a35.jpg,250,250,hand,119,183,210,247
Anjum_Hussain_0001_jpg.rf.5916e76d3c2b602de80add220e0c2a54.jpg,250,250,face,77,96,173,203
Amber_Tamblyn_0001_jpg.rf.5671156c8d5bbffaedf213c6a9904015.jpg,250,250,face,93,96,172,200
Alicia_Witt_0001_jpg.rf.5913981bb234f9e177e21328b08c73f3.jpg,250,250,face,81,94,169,188
frame_0550_jpg.rf.5acd58ee20ffbcee71e898713c34eba4.jpg,1280,720,hand,0,353,268,639
frame_0550_jpg.rf.5acd58ee20ffbcee71e898713c34eba4.jpg,1280,720,hand,571,133,1063,559
Alberta_Lee_0001_jpg.rf.568440eb2065258a781f6e543f5cb1a4.jpg,250,250,face,82,61,183,192
Alberta_Lee_0001_jpg.rf.568440eb2065258a781f6e543f5cb1a4.jpg,250,250,face,0,162,88,249
Anna_Kournikova_0002_jpg.rf.5b9e386a1906420c0ebd3119c9627895.jpg,250,250,face,92,93,177,186
Anna_Kournikova_0002_jpg.rf.5b9e386a1906420c0ebd3119c9627895.jpg,250,250,hand,10,49,68,117
Aaron_Tippin_0001_jpg.rf.4a2c4fe1e39bc4eb17ffbea6670138d1.jpg,250,250,face,44,39,162,191
frame_1089_jpg.rf.5f71355414b4289017f9e78dd9d13857.jpg,1280,720,hand,768,306,940,443
frame_1089_jpg.rf.5f71355414b4289017f9e78dd9d13857.jpg,1280,720,hand,584,287,766,438
frame_1089_jpg.rf.5f71355414b4289017f9e78dd9d13857.jpg,1280,720,hand,508,434,740,707
Anibal_Ibarra_0001_jpg.rf.5b2d1d41abf2383431739b7176b7ad8f.jpg,250,250,hand,62,162,127,248
Anibal_Ibarra_0001_jpg.rf.5b2d1d41abf2383431739b7176b7ad8f.jpg,250,250,hand,127,156,192,248
Anibal_Ibarra_0001_jpg.rf.5b2d1d41abf2383431739b7176b7ad8f.jpg,250,250,face,80,88,174,190
Allyson_Felix_0005_jpg.rf.5d346c5faa6878d65d70de3dd3dd4ad4.jpg,250,250,face,80,92,165,187
Allison_Janney_0001_jpg.rf.5bd53aacdf85ffd0b9cf988f1f41a79a.jpg,250,250,face,78,90,167,198
Fernando_Vargas_0004_jpg.rf.5c845ba0a5b53e55a3b37aa97f27e6da.jpg,250,250,face,75,95,171,186
Fernando_Vargas_0004_jpg.rf.5c845ba0a5b53e55a3b37aa97f27e6da.jpg,250,250,hand,72,153,172,226
Fernando_Vargas_0004_jpg.rf.5c845ba0a5b53e55a3b37aa97f27e6da.jpg,250,250,hand,57,181,131,229
frame_0321_jpg.rf.5925dbde0a017d97209fb4b46a99c109.jpg,1280,720,hand,308,196,533,426
frame_0321_jpg.rf.5925dbde0a017d97209fb4b46a99c109.jpg,1280,720,hand,642,209,840,325
frame_0134_jpg.rf.5d980127bfae63b186725b6f86224599.jpg,1280,720,hand,459,156,820,430
frame_0134_jpg.rf.5d980127bfae63b186725b6f86224599.jpg,1280,720,hand,0,135,149,371
Abdul_Majeed_Shobokshi_0001_jpg.rf.6106cc77a6c0df352ec5d5dc7e3b3246.jpg,250,250,face,31,15,154,188
Anderson_Varejao_0001_jpg.rf.635d548fffbb5fb29b810496a668e37a.jpg,250,250,face,88,95,176,194
Anderson_Varejao_0001_jpg.rf.635d548fffbb5fb29b810496a668e37a.jpg,250,250,hand,0,175,77,249
frame_0151_jpg.rf.5fc665edabdd72fb12d4bf223e584187.jpg,1280,720,hand,101,1,415,243
frame_0151_jpg.rf.5fc665edabdd72fb12d4bf223e584187.jpg,1280,720,hand,0,513,268,719
frame_0151_jpg.rf.5fc665edabdd72fb12d4bf223e584187.jpg,1280,720,hand,645,34,839,209
frame_0027_jpg.rf.5cd10d10d3c2ff1b10eed6e40a118bc6.jpg,1280,720,hand,297,305,466,489
frame_0027_jpg.rf.5cd10d10d3c2ff1b10eed6e40a118bc6.jpg,1280,720,hand,620,332,764,450
Ali_Adbul_Karim_Madani_0001_jpg.rf.62bf24b0116b354d0466b36247945e42.jpg,250,250,face,82,98,174,190
Ed_Mekertichian_0001_jpg.rf.65c7bcc604de9d6ab065de8801d60902.jpg,250,250,hand,17,114,80,176
Ed_Mekertichian_0001_jpg.rf.65c7bcc604de9d6ab065de8801d60902.jpg,250,250,hand,0,38,63,107
Ed_Mekertichian_0001_jpg.rf.65c7bcc604de9d6ab065de8801d60902.jpg,250,250,face,86,97,142,182
Bobo_Balde_0001_jpg.rf.655c95b50a5acc17f9307f5da84fc26d.jpg,250,250,face,74,96,166,200
Bill_Gates_0011_jpg.rf.61097b71a04c77de988961508679b95a.jpg,250,250,face,71,91,183,200
Alina_Kabaeva_0001_jpg.rf.65114913ade80eaf26e02317911c1ae9.jpg,250,250,face,73,87,165,179
frame_1392_jpg.rf.5b8778b64ea7662dde295e205eb1f514.jpg,1280,720,hand,549,274,775,719
frame_1392_jpg.rf.5b8778b64ea7662dde295e205eb1f514.jpg,1280,720,hand,243,348,474,706
frame_1392_jpg.rf.5b8778b64ea7662dde295e205eb1f514.jpg,1280,720,hand,205,30,479,343
frame_1392_jpg.rf.5b8778b64ea7662dde295e205eb1f514.jpg,1280,720,hand,503,5,735,302
Andy_Roddick_0009_jpg.rf.66073b099cc1ff678a24236927ce338c.jpg,250,250,hand,24,4,83,73
Andy_Roddick_0009_jpg.rf.66073b099cc1ff678a24236927ce338c.jpg,250,250,face,82,101,171,183
Gary_Bergeron_0001_jpg.rf.676c4bbd6f68e31451995677c6c8b6c6.jpg,250,250,face,172,101,224,169
Gary_Bergeron_0001_jpg.rf.676c4bbd6f68e31451995677c6c8b6c6.jpg,250,250,face,87,93,173,195
Gary_Bergeron_0001_jpg.rf.676c4bbd6f68e31451995677c6c8b6c6.jpg,250,250,hand,37,113,107,193
Celia_Cruz_0001_jpg.rf.65f7e7f438446a0c3c8b53e3ac4d6d23.jpg,250,250,face,78,90,166,185
Adrian_McPherson_0001_jpg.rf.67778334ec35f141eb13e3268e3b2048.jpg,250,250,face,60,31,162,177
Anil_Ramsook_0001_jpg.rf.6904d8a7c5e923ae221aec33c236e49d.jpg,250,250,face,85,87,166,174
Ali_Abbas_0002_jpg.rf.688606f0602d2724f656827cbacb63c4.jpg,250,250,face,73,67,164,174
frame_0890_jpg.rf.660eeb0926172240406924ca245fbdf6.jpg,1280,720,hand,616,511,1003,719
frame_0890_jpg.rf.660eeb0926172240406924ca245fbdf6.jpg,1280,720,hand,355,238,578,547
Ariel_Sharon_0018_jpg.rf.69d80c5c5119bd257c08520f82d635ea.jpg,250,250,face,61,89,167,182
Ariel_Sharon_0018_jpg.rf.69d80c5c5119bd257c08520f82d635ea.jpg,250,250,hand,73,148,159,236
Kirk_Douglas_0001_jpg.rf.6a4c6e58220931fdee02f39a29cfa32d.jpg,250,250,face,83,101,169,198
Ali_Khamenei_0002_jpg.rf.6f8e297bf8baa0f3478d9cc5aba8f6c8.jpg,250,250,face,84,79,175,186
Ali_Khamenei_0002_jpg.rf.6f8e297bf8baa0f3478d9cc5aba8f6c8.jpg,250,250,hand,126,0,205,92
Asif_Hanif_0001_jpg.rf.73a062ab517d791269f379c05d8205aa.jpg,250,250,face,80,91,168,193
AnFernce_Negron_0001_jpg.rf.65f6ef57a494f5b66f8b0e489dcf4397.jpg,250,250,face,84,89,172,179
AnFernce_Negron_0001_jpg.rf.65f6ef57a494f5b66f8b0e489dcf4397.jpg,250,250,hand,123,0,176,31
AnFernce_Negron_0001_jpg.rf.65f6ef57a494f5b66f8b0e489dcf4397.jpg,250,250,hand,56,0,116,42
Alvaro_Silva_Calderon_0002_jpg.rf.6ce60bbb17ccd21db4692dc4398ae27c.jpg,250,250,hand,32,25,72,96
Alvaro_Silva_Calderon_0002_jpg.rf.6ce60bbb17ccd21db4692dc4398ae27c.jpg,250,250,face,81,92,170,190
Alvaro_Silva_Calderon_0002_jpg.rf.6ce60bbb17ccd21db4692dc4398ae27c.jpg,250,250,face,88,6,152,53
Alvaro_Silva_Calderon_0002_jpg.rf.6ce60bbb17ccd21db4692dc4398ae27c.jpg,250,250,face,225,49,249,105
Alvaro_Silva_Calderon_0002_jpg.rf.6ce60bbb17ccd21db4692dc4398ae27c.jpg,250,250,hand,0,50,25,112
Donald_Rumsfeld_0091_jpg.rf.742224e59703a08f725f7a2ddf187556.jpg,250,250,face,72,98,161,188
Donald_Rumsfeld_0091_jpg.rf.742224e59703a08f725f7a2ddf187556.jpg,250,250,hand,22,153,79,245
Donald_Rumsfeld_0091_jpg.rf.742224e59703a08f725f7a2ddf187556.jpg,250,250,hand,121,170,171,249
Donald_Rumsfeld_0115_jpg.rf.699fcda75e7adcd67665126a5fd6feb4.jpg,250,250,face,73,92,187,201
Donald_Rumsfeld_0115_jpg.rf.699fcda75e7adcd67665126a5fd6feb4.jpg,250,250,hand,163,124,210,249
frame_0460_jpg.rf.6c2ab109414ba3350fbbe16ed9665013.jpg,1280,720,hand,178,334,348,516
frame_0460_jpg.rf.6c2ab109414ba3350fbbe16ed9665013.jpg,1280,720,hand,411,348,637,519
frame_1709_jpg.rf.6f4e72aee8af8fdc12aa20f23edc7f07.jpg,1280,720,hand,420,220,619,580
frame_1709_jpg.rf.6f4e72aee8af8fdc12aa20f23edc7f07.jpg,1280,720,hand,685,268,787,602
frame_1709_jpg.rf.6f4e72aee8af8fdc12aa20f23edc7f07.jpg,1280,720,hand,699,525,854,716
frame_1709_jpg.rf.6f4e72aee8af8fdc12aa20f23edc7f07.jpg,1280,720,hand,408,512,567,719
Adel_Al-Jubeir_0002_jpg.rf.74f99a8615efae5de0ecb7e5b3f7b730.jpg,250,250,hand,75,191,206,236
Adel_Al-Jubeir_0002_jpg.rf.74f99a8615efae5de0ecb7e5b3f7b730.jpg,250,250,face,61,44,172,189
Eduardo_Duhalde_0001_jpg.rf.693b4a6018f6c1ec2b6e4fcb6abd15fb.jpg,250,250,face,87,97,174,187
Eduardo_Duhalde_0001_jpg.rf.693b4a6018f6c1ec2b6e4fcb6abd15fb.jpg,250,250,hand,71,161,153,237
Brian_Lara_0001_jpg.rf.754753b89493444a27a3cc33cab78a73.jpg,250,250,face,37,72,161,213
Brian_Lara_0001_jpg.rf.754753b89493444a27a3cc33cab78a73.jpg,250,250,face,168,18,249,179
frame_0207_jpg.rf.6831db5040579f107e797853e195182b.jpg,1280,720,hand,102,365,383,719
frame_0207_jpg.rf.6831db5040579f107e797853e195182b.jpg,1280,720,hand,581,368,1049,719
frame_0207_jpg.rf.6831db5040579f107e797853e195182b.jpg,1280,720,face,474,0,643,170
frame_0207_jpg.rf.6831db5040579f107e797853e195182b.jpg,1280,720,hand,560,567,780,713
frame_2348_jpg.rf.6792039602157ea59e5e22ce4cd2990e.jpg,1280,720,hand,520,260,703,405
frame_2348_jpg.rf.6792039602157ea59e5e22ce4cd2990e.jpg,1280,720,hand,326,255,487,394
frame_2348_jpg.rf.6792039602157ea59e5e22ce4cd2990e.jpg,1280,720,face,420,68,593,249
Leonid_Kuchma_0002_jpg.rf.754f80d0b1bce65af2d0ec36fe54735b.jpg,250,250,face,89,99,167,177
Leonid_Kuchma_0002_jpg.rf.754f80d0b1bce65af2d0ec36fe54735b.jpg,250,250,hand,117,168,187,249
Leonid_Kuchma_0002_jpg.rf.754f80d0b1bce65af2d0ec36fe54735b.jpg,250,250,face,0,103,44,169
Azra_Akin_0003_jpg.rf.6b467c3cd5baf8ad6371ef601b2cdbd3.jpg,250,250,hand,178,21,228,135
Azra_Akin_0003_jpg.rf.6b467c3cd5baf8ad6371ef601b2cdbd3.jpg,250,250,hand,33,34,78,149
Azra_Akin_0003_jpg.rf.6b467c3cd5baf8ad6371ef601b2cdbd3.jpg,250,250,face,81,96,177,189
frame_1572_jpg.rf.74509b73633058b6340a17d153fa9443.jpg,1280,720,hand,189,175,439,325
frame_1572_jpg.rf.74509b73633058b6340a17d153fa9443.jpg,1280,720,hand,722,439,1067,719
frame_0804_jpg.rf.73130caed8fc4c26018aa195aaa475ac.jpg,1280,720,hand,422,147,576,264
frame_0804_jpg.rf.73130caed8fc4c26018aa195aaa475ac.jpg,1280,720,hand,72,491,410,719
frame_0804_jpg.rf.73130caed8fc4c26018aa195aaa475ac.jpg,1280,720,hand,585,528,853,719
frame_0804_jpg.rf.73130caed8fc4c26018aa195aaa475ac.jpg,1280,720,hand,622,147,778,249
Abdoulaye_Wade_0002_jpg.rf.776b4830609a3b204fd2419ef8c45967.jpg,250,250,face,67,22,198,197
Amelie_Mauresmo_0008_jpg.rf.767919d63c40928e66fccd88c0bac807.jpg,250,250,face,79,90,173,193
Amelie_Mauresmo_0008_jpg.rf.767919d63c40928e66fccd88c0bac807.jpg,250,250,hand,57,181,121,247
Carlos_Ghosn_0001_jpg.rf.6c0d427ad13a93fb0ef8be9ba93cc278.jpg,250,250,face,82,88,182,187
Carlos_Ghosn_0001_jpg.rf.6c0d427ad13a93fb0ef8be9ba93cc278.jpg,250,250,hand,196,97,236,210
Andy_Perez_0001_jpg.rf.7784e6d31d351a4b8db56dac2a4b2214.jpg,250,250,face,86,95,174,193
Andy_Perez_0001_jpg.rf.7784e6d31d351a4b8db56dac2a4b2214.jpg,250,250,hand,131,136,220,215
frame_1982_jpg.rf.75b1dcb29e73064bb0f6992f257afdbf.jpg,1280,720,hand,378,105,613,280
frame_1982_jpg.rf.75b1dcb29e73064bb0f6992f257afdbf.jpg,1280,720,hand,563,97,872,341
frame_1982_jpg.rf.75b1dcb29e73064bb0f6992f257afdbf.jpg,1280,720,hand,710,390,806,530
Andy_Griggs_0001_jpg.rf.76a53c1770f98648aea31582e2b8d3a2.jpg,250,250,face,77,95,169,187
Aileen_Riggin_Soule_0001_jpg.rf.79714039f0d100007977294efe2eb3bc.jpg,250,250,face,66,45,178,208
Alejandro_Toledo_0003_jpg.rf.781324ec3c0c768c1d260a0aee5dff2c.jpg,250,250,face,73,71,159,186
Alejandro_Toledo_0003_jpg.rf.781324ec3c0c768c1d260a0aee5dff2c.jpg,250,250,face,199,95,249,202
Aram_Adler_0001_jpg.rf.780b928a4a09b92eb642991eabac42e8.jpg,250,250,hand,47,48,108,123
Aram_Adler_0001_jpg.rf.780b928a4a09b92eb642991eabac42e8.jpg,250,250,hand,105,44,180,131
Aram_Adler_0001_jpg.rf.780b928a4a09b92eb642991eabac42e8.jpg,250,250,face,77,92,165,202
Astrid_Eyzaguirre_0001_jpg.rf.784c2e7a44a9bae45e4ee031ea3cebe6.jpg,250,250,face,73,93,162,188
Astrid_Eyzaguirre_0001_jpg.rf.784c2e7a44a9bae45e4ee031ea3cebe6.jpg,250,250,hand,128,146,171,246
Astrid_Eyzaguirre_0001_jpg.rf.784c2e7a44a9bae45e4ee031ea3cebe6.jpg,250,250,hand,67,147,139,249
Astrid_Eyzaguirre_0001_jpg.rf.784c2e7a44a9bae45e4ee031ea3cebe6.jpg,250,250,face,0,17,76,97
George_W_Bush_0270_jpg.rf.7a2899bb8499c001b0a896b2cd0e1447.jpg,250,250,face,87,90,193,197
George_W_Bush_0270_jpg.rf.7a2899bb8499c001b0a896b2cd0e1447.jpg,250,250,hand,157,102,249,240
frame_0185_jpg.rf.7a1c0ed2bad7afeb93336930de0c991c.jpg,1280,720,hand,388,455,602,719
frame_0185_jpg.rf.7a1c0ed2bad7afeb93336930de0c991c.jpg,1280,720,hand,616,345,810,558
Lance_Bass_0005_jpg.rf.7d091383654dcda604e8657667052eae.jpg,250,250,face,86,91,170,189
Lance_Bass_0005_jpg.rf.7d091383654dcda604e8657667052eae.jpg,250,250,hand,7,181,75,249
Eurico_Guterres_0001_jpg.rf.7f3a32c7a021ce92889cc65f24d27cc2.jpg,250,250,hand,20,0,84,136
Eurico_Guterres_0001_jpg.rf.7f3a32c7a021ce92889cc65f24d27cc2.jpg,250,250,face,79,92,168,184
Eurico_Guterres_0001_jpg.rf.7f3a32c7a021ce92889cc65f24d27cc2.jpg,250,250,face,197,95,249,173
Eurico_Guterres_0001_jpg.rf.7f3a32c7a021ce92889cc65f24d27cc2.jpg,250,250,face,0,52,29,111
Eurico_Guterres_0001_jpg.rf.7f3a32c7a021ce92889cc65f24d27cc2.jpg,250,250,hand,126,0,163,22
Geoff_Dixon_0001_jpg.rf.7f4472529d9aad8781c362361cd58f7d.jpg,250,250,hand,64,102,123,211
Geoff_Dixon_0001_jpg.rf.7f4472529d9aad8781c362361cd58f7d.jpg,250,250,face,84,91,165,196
frame_0194_jpg.rf.7b0a3170dfb0a98cd004f43e0a9915f8.jpg,1280,720,hand,283,249,549,486
frame_0194_jpg.rf.7b0a3170dfb0a98cd004f43e0a9915f8.jpg,1280,720,hand,522,282,779,404
Al_Gore_0001_jpg.rf.805c4a07a02fdecb6d7d3f2457ace38d.jpg,250,250,face,86,55,191,199
Al_Gore_0001_jpg.rf.805c4a07a02fdecb6d7d3f2457ace38d.jpg,250,250,hand,173,98,248,206
Angelina_Jolie_0019_jpg.rf.81629304620a3261fce661d5bbb6e11b.jpg,250,250,face,90,88,177,188
Angelina_Jolie_0019_jpg.rf.81629304620a3261fce661d5bbb6e11b.jpg,250,250,hand,125,200,228,249
Lance_Armstrong_0014_jpg.rf.80833313722eaa28f8e84432aaa0a567.jpg,250,250,face,76,89,170,190
Lance_Armstrong_0014_jpg.rf.80833313722eaa28f8e84432aaa0a567.jpg,250,250,hand,162,169,227,242
Lance_Armstrong_0014_jpg.rf.80833313722eaa28f8e84432aaa0a567.jpg,250,250,hand,33,188,91,241
Lance_Armstrong_0014_jpg.rf.80833313722eaa28f8e84432aaa0a567.jpg,250,250,hand,21,166,82,217
Angela_Bassett_0006_jpg.rf.872da0ed29ac3f0045e7bed22f67bf0b.jpg,250,250,face,89,93,184,195
Angela_Bassett_0006_jpg.rf.872da0ed29ac3f0045e7bed22f67bf0b.jpg,250,250,face,0,72,57,168
Alanna_Ubach_0001_jpg.rf.8674fd0cf71219624fc0d7492afa55e6.jpg,250,250,face,66,91,161,196
Carlos_Paternina_0001_jpg.rf.800101c74e78bbe2d0bfdcdbf9852965.jpg,250,250,face,84,97,173,178
Carlos_Paternina_0001_jpg.rf.800101c74e78bbe2d0bfdcdbf9852965.jpg,250,250,hand,0,209,40,249
Ally_Sheedy_0001_jpg.rf.877527aa90364135f23099473f5c53d7.jpg,250,250,face,73,79,173,191
Ally_Sheedy_0001_jpg.rf.877527aa90364135f23099473f5c53d7.jpg,250,250,face,190,48,249,146
Antonio_Palocci_0004_jpg.rf.87da193dc26d3de4729d74e1051cd4f9.jpg,250,250,face,79,81,174,198
Antonio_Palocci_0004_jpg.rf.87da193dc26d3de4729d74e1051cd4f9.jpg,250,250,hand,161,172,248,249
Antonio_Palocci_0004_jpg.rf.87da193dc26d3de4729d74e1051cd4f9.jpg,250,250,hand,26,185,92,249
Leonid_Kuchma_0004_jpg.rf.875c1f8baf424287f02d65f40cf5f319.jpg,250,250,face,74,91,166,176
Leonid_Kuchma_0004_jpg.rf.875c1f8baf424287f02d65f40cf5f319.jpg,250,250,hand,18,79,73,168
frame_0994_jpg.rf.83884887f6cb0c9fd7ef285f7d16d794.jpg,1280,720,hand,677,205,1022,521
frame_0994_jpg.rf.83884887f6cb0c9fd7ef285f7d16d794.jpg,1280,720,hand,438,425,593,606
frame_0994_jpg.rf.83884887f6cb0c9fd7ef285f7d16d794.jpg,1280,720,face,520,2,690,167
Al_Sharpton_0006_jpg.rf.80ad9d31e616d52c204d002c8d7a1c44.jpg,250,250,face,79,48,171,201
Al_Sharpton_0006_jpg.rf.80ad9d31e616d52c204d002c8d7a1c44.jpg,250,250,hand,30,179,91,249
frame_0135_jpg.rf.8793dff8616e1deaa2fec0221a62dd12.jpg,1280,720,face,606,0,815,132
frame_0135_jpg.rf.8793dff8616e1deaa2fec0221a62dd12.jpg,1280,720,hand,373,216,614,371
frame_0135_jpg.rf.8793dff8616e1deaa2fec0221a62dd12.jpg,1280,720,hand,901,268,1125,457
frame_0135_jpg.rf.8793dff8616e1deaa2fec0221a62dd12.jpg,1280,720,hand,50,539,367,719
frame_1568_jpg.rf.88cb4176412461b07c6d2f9127b0405b.jpg,1280,720,hand,225,209,494,574
frame_1568_jpg.rf.88cb4176412461b07c6d2f9127b0405b.jpg,1280,720,hand,432,136,622,263
Chang_Tso_0001_jpg.rf.89b57b60e432b853e85c77caa13e92b2.jpg,250,250,face,82,93,168,189
Chang_Tso_0001_jpg.rf.89b57b60e432b853e85c77caa13e92b2.jpg,250,250,hand,0,47,65,148
Angelo_Reyes_0003_jpg.rf.8a500bd72f07b3ec1b47c2731004dd84.jpg,250,250,face,71,92,176,191
Angelo_Reyes_0003_jpg.rf.8a500bd72f07b3ec1b47c2731004dd84.jpg,250,250,hand,0,60,95,161
Chan_Choi_0001_jpg.rf.881cbaee41779f52b4ff6a710514406d.jpg,250,250,face,82,96,181,197
Ahmed_Ghazi_0001_jpg.rf.8652dbb7d6cc41f913df83594da0d3a5.jpg,250,250,face,59,38,172,196
Anne_Krueger_0001_jpg.rf.8a68312d0757c21cb2c54b27fafffc7d.jpg,250,250,face,70,91,175,185
Amelie_Mauresmo_0015_jpg.rf.8be5383af56716c678fda13d4cf43a54.jpg,250,250,face,86,84,169,175
Amelie_Mauresmo_0015_jpg.rf.8be5383af56716c678fda13d4cf43a54.jpg,250,250,hand,135,195,215,249
Bernard_Landry_0003_jpg.rf.8c48b9c86c6eaefaea1a34d4e965930b.jpg,250,250,face,77,90,177,201
Bernard_Landry_0003_jpg.rf.8c48b9c86c6eaefaea1a34d4e965930b.jpg,250,250,hand,5,70,85,178
Bryant_Young_0001_jpg.rf.8eee0658d530171eb5cda65204846bc3.jpg,250,250,face,59,92,161,195
Angel_Maza_0001_jpg.rf.8d4a5676f8b464de7f316a246d0eaa8d.jpg,250,250,face,85,93,164,179
Angel_Maza_0001_jpg.rf.8d4a5676f8b464de7f316a246d0eaa8d.jpg,250,250,face,10,41,83,120
Camille_Lewis_0001_jpg.rf.8c884c82c9eac0f524d43cb92d84db64.jpg,250,250,face,84,89,166,187
Alex_Barros_0002_jpg.rf.8a7cbd629d7fc4c22d7c9990aade08fa.jpg,250,250,face,64,93,174,215
Alberto_Fujimori_0001_jpg.rf.8bb330ad5e97ef2d8b1e6a2e7d2b0c30.jpg,250,250,face,65,84,177,204
Amelie_Mauresmo_0010_jpg.rf.8c6afc8d97f17a54eda260a73caf47a1.jpg,250,250,face,87,91,184,196
Amelie_Mauresmo_0010_jpg.rf.8c6afc8d97f17a54eda260a73caf47a1.jpg,250,250,hand,0,121,75,227
Andrei_Konchalovsky_0001_jpg.rf.8979f7ba8577680e9f78e85eea09a3f9.jpg,250,250,face,72,95,172,201
Atiabet_Ijan_Amabel_0001_jpg.rf.9146b6f84823330d5c4138b1ca999955.jpg,250,250,face,84,95,194,201
Ariel_Sharon_0072_jpg.rf.8c6f28e1866ef8e78a3d86670871e6aa.jpg,250,250,hand,88,134,168,212
Ariel_Sharon_0072_jpg.rf.8c6f28e1866ef8e78a3d86670871e6aa.jpg,250,250,face,77,84,168,181
frame_1238_jpg.rf.90c4d23b7ee40ca0d970bd2f4b81d15c.jpg,1280,720,hand,497,428,832,719
frame_1238_jpg.rf.90c4d23b7ee40ca0d970bd2f4b81d15c.jpg,1280,720,hand,405,218,566,347
Ana_Palacio_0005_jpg.rf.8c114ca91fba9734ed1529240d5a6c14.jpg,250,250,face,84,87,187,190
Ana_Palacio_0005_jpg.rf.8c114ca91fba9734ed1529240d5a6c14.jpg,250,250,hand,0,135,112,249
Allyson_Felix_0003_jpg.rf.8c0e5bc5611d82080d2569f33d9da5b0.jpg,250,250,face,82,87,171,189
Chanda_Rubin_0003_jpg.rf.8ccb25cb74511280634e02d644652298.jpg,250,250,face,77,87,175,194
Cecilia_Chang_0001_jpg.rf.8ebcb3f0dac9c1bb682fe55414d1d034.jpg,250,250,face,88,82,177,188
Cecilia_Chang_0001_jpg.rf.8ebcb3f0dac9c1bb682fe55414d1d034.jpg,250,250,hand,58,179,138,246
Cecilia_Chang_0001_jpg.rf.8ebcb3f0dac9c1bb682fe55414d1d034.jpg,250,250,hand,46,176,135,247
Brendan_Stai_0001_jpg.rf.92e0d6467b2d03afda25f2de17967b27.jpg,250,250,face,77,94,176,209
Elena_de_Chavez_0001_jpg.rf.952dd04dd88a54a30142842439bc600d.jpg,250,250,face,163,30,240,125
Elena_de_Chavez_0001_jpg.rf.952dd04dd88a54a30142842439bc600d.jpg,250,250,face,105,92,174,172
Elena_de_Chavez_0001_jpg.rf.952dd04dd88a54a30142842439bc600d.jpg,250,250,hand,59,143,163,214
Elena_de_Chavez_0001_jpg.rf.952dd04dd88a54a30142842439bc600d.jpg,250,250,hand,18,212,81,249
Brandon_Spann_0001_jpg.rf.97179c7279fed7e7ef25757375119e63.jpg,250,250,face,85,96,167,192
Adisai_Bodharamik_0001_jpg.rf.931e597f0af3c6c5118910152c7ec52c.jpg,250,250,face,50,39,182,200
Adisai_Bodharamik_0001_jpg.rf.931e597f0af3c6c5118910152c7ec52c.jpg,250,250,hand,0,113,56,211
Andre_Techine_0001_jpg.rf.9760449d9ccd7b7c6f54c18ae00b1c8c.jpg,250,250,face,80,95,169,189
Brajesh_Mishra_0001_jpg.rf.92a108d7750007e674bf7761d1c897dd.jpg,250,250,face,69,92,163,186
Anibal_Ibarra_0003_jpg.rf.9ac9e685059b7b600778a54630463e13.jpg,250,250,hand,73,139,162,247
Anibal_Ibarra_0003_jpg.rf.9ac9e685059b7b600778a54630463e13.jpg,250,250,face,77,94,165,193
Ali_Naimi_0002_jpg.rf.a013235acf16b9c2b908b7f8a7af8a08.jpg,250,250,hand,7,122,79,247
Ali_Naimi_0002_jpg.rf.a013235acf16b9c2b908b7f8a7af8a08.jpg,250,250,face,70,81,182,195
Abel_Pacheco_0001_jpg.rf.9b828d109bb25cf355466d6a75c6a453.jpg,250,250,face,78,19,206,192
Alvaro_Uribe_0008_jpg.rf.9fe852b4d7ea14c7ec51c0be4ec99752.jpg,250,250,face,91,89,169,184
Alvaro_Uribe_0008_jpg.rf.9fe852b4d7ea14c7ec51c0be4ec99752.jpg,250,250,face,199,102,248,199
Alvaro_Uribe_0008_jpg.rf.9fe852b4d7ea14c7ec51c0be4ec99752.jpg,250,250,hand,20,89,69,130
frame_1458_jpg.rf.96627cf396a46436dd6a875a080a8a34.jpg,1280,720,hand,448,367,741,686
frame_1458_jpg.rf.96627cf396a46436dd6a875a080a8a34.jpg,1280,720,hand,427,252,608,375
frame_1458_jpg.rf.96627cf396a46436dd6a875a080a8a34.jpg,1280,720,face,318,0,456,175
frame_0612_jpg.rf.99e664e87f41da35c40297bc6c88c96e.jpg,1280,720,hand,259,162,436,370
frame_0612_jpg.rf.99e664e87f41da35c40297bc6c88c96e.jpg,1280,720,hand,504,232,759,378
frame_0612_jpg.rf.99e664e87f41da35c40297bc6c88c96e.jpg,1280,720,hand,713,494,1032,716
Laura_Bush_0018_jpg.rf.a17a2d84836ee90c5dac65ed07963e30.jpg,250,250,face,87,95,168,185
Laura_Bush_0018_jpg.rf.a17a2d84836ee90c5dac65ed07963e30.jpg,250,250,hand,0,112,62,223
Alvaro_Uribe_0028_jpg.rf.a128e51b894671ca7765538078ad4297.jpg,250,250,hand,10,0,63,102
Alvaro_Uribe_0028_jpg.rf.a128e51b894671ca7765538078ad4297.jpg,250,250,face,75,92,163,189
Amelie_Mauresmo_0018_jpg.rf.9e6987364dd50548b985248b5960fb71.jpg,250,250,face,94,88,178,178
Amelie_Mauresmo_0018_jpg.rf.9e6987364dd50548b985248b5960fb71.jpg,250,250,hand,127,104,180,214
Chang_Dae-whan_0001_jpg.rf.9fca33834a0623a459ba643be1f22788.jpg,250,250,face,82,87,173,192
Klaus_Zwickel_0001_jpg.rf.a116cc23bc5e3d201b180903c285cc1d.jpg,250,250,face,82,94,166,197
Klaus_Zwickel_0001_jpg.rf.a116cc23bc5e3d201b180903c285cc1d.jpg,250,250,hand,170,84,249,224
Bulent_Ecevit_0002_jpg.rf.a5bbfc33ef6cb1a9987e864ae254103d.jpg,250,250,face,86,96,178,175
Bulent_Ecevit_0002_jpg.rf.a5bbfc33ef6cb1a9987e864ae254103d.jpg,250,250,hand,65,210,145,249
Bulent_Ecevit_0002_jpg.rf.a5bbfc33ef6cb1a9987e864ae254103d.jpg,250,250,hand,55,207,121,244
Ali_Hammoud_0001_jpg.rf.a35b2dac804072c1f7b112c0adf10095.jpg,250,250,face,75,88,167,194
Alimzhan_Tokhtakhounov_0002_jpg.rf.a5c179800c7f80237621bb9b3a84019f.jpg,250,250,face,73,86,177,190
Adam_Ant_0001_jpg.rf.9ea5a6cd890fb90c1463f9b5f7dd0e74.jpg,250,250,face,52,4,201,191
Dwayne_Wade_0001_jpg.rf.a4dedb98a8d8e2bc07ad22c67a3c59e0.jpg,250,250,face,80,93,175,200
Kurt_Busch_0002_jpg.rf.a12f4a8515a35b4e97e6f72a822da5ef.jpg,250,250,face,78,95,168,196
Kurt_Busch_0002_jpg.rf.a12f4a8515a35b4e97e6f72a822da5ef.jpg,250,250,hand,95,202,160,249
George_W_Bush_0176_jpg.rf.a65e82cd5bdae8bc7032abaaf34edaf3.jpg,250,250,face,82,94,167,188
George_W_Bush_0176_jpg.rf.a65e82cd5bdae8bc7032abaaf34edaf3.jpg,250,250,hand,99,155,162,237
Amelie_Mauresmo_0011_jpg.rf.a5bfadf6dfee6b3dee32aeb698413417.jpg,250,250,face,58,95,157,197
Donald_Rumsfeld_0087_jpg.rf.a6a5b9f92459d67bbd2c092342cace60.jpg,250,250,hand,62,169,190,235
Donald_Rumsfeld_0087_jpg.rf.a6a5b9f92459d67bbd2c092342cace60.jpg,250,250,face,62,100,166,189
frame_1110_jpg.rf.a88de7734c8377c1f1ece10e8b3b9e73.jpg,1280,720,hand,263,77,599,321
frame_1110_jpg.rf.a88de7734c8377c1f1ece10e8b3b9e73.jpg,1280,720,hand,698,0,1048,225
frame_1110_jpg.rf.a88de7734c8377c1f1ece10e8b3b9e73.jpg,1280,720,hand,308,334,893,719
frame_1110_jpg.rf.a88de7734c8377c1f1ece10e8b3b9e73.jpg,1280,720,hand,0,426,285,719
Carson_Daly_0002_jpg.rf.abf1567fd78ff93695c56c007a20f0a2.jpg,250,250,face,83,95,166,198
Carson_Daly_0002_jpg.rf.abf1567fd78ff93695c56c007a20f0a2.jpg,250,250,hand,86,151,170,249
Abbas_Kiarostami_0001_jpg.rf.a767e97ff34c9ff13e03a0f92cae4db9.jpg,250,250,face,52,48,168,190
Alejandro_Toledo_0039_jpg.rf.ad38981b0643145724acd6368af74236.jpg,250,250,face,77,61,163,186
Angelica_Romero_0001_jpg.rf.a8982382372e73d61da7c13e1d99a597.jpg,250,250,face,86,86,207,210
Brad_Alexander_Smith_0001_jpg.rf.a75a64dc4a0dc98b2b086510814cb1b9.jpg,250,250,face,71,94,157,187
Allen_Iverson_0002_jpg.rf.ac327acf1e880ef456d4c0d44814d2c3.jpg,250,250,face,86,91,183,195
George_W_Bush_0214_jpg.rf.a984df8459cc2ab66b3f42d335bfd963.jpg,250,250,face,88,93,167,189
George_W_Bush_0214_jpg.rf.a984df8459cc2ab66b3f42d335bfd963.jpg,250,250,hand,18,91,90,197
Ariel_Sharon_0049_jpg.rf.b0c13d4ea046c99461fb6507675c2472.jpg,250,250,hand,156,96,224,191
Ariel_Sharon_0049_jpg.rf.b0c13d4ea046c99461fb6507675c2472.jpg,250,250,face,78,80,166,189
Eva_Dimas_0002_jpg.rf.afd3bbd0fc4bd88a668303c0131b4b05.jpg,250,250,hand,67,157,123,221
Eva_Dimas_0002_jpg.rf.afd3bbd0fc4bd88a668303c0131b4b05.jpg,250,250,face,75,96,168,193
frame_1220_jpg.rf.af68bdc5fc21396f404a8358ffac89d7.jpg,1280,720,hand,433,174,663,341
frame_1220_jpg.rf.af68bdc5fc21396f404a8358ffac89d7.jpg,1280,720,hand,635,215,847,366
frame_1220_jpg.rf.af68bdc5fc21396f404a8358ffac89d7.jpg,1280,720,hand,413,379,1051,719
Ajit_Agarkar_0001_jpg.rf.b2629281ddd1ed09311377768bcefe7d.jpg,250,250,face,89,72,175,195
Andrea_De_Cruz_0001_jpg.rf.b024bd89193466f8cfd4caa1880da616.jpg,250,250,face,178,79,249,176
Andrea_De_Cruz_0001_jpg.rf.b024bd89193466f8cfd4caa1880da616.jpg,250,250,face,75,91,165,188
frame_0085_jpg.rf.ae0dc9fefecc112d08060098c1a29007.jpg,1280,720,hand,494,284,650,399
frame_0085_jpg.rf.ae0dc9fefecc112d08060098c1a29007.jpg,1280,720,hand,601,267,717,371
frame_0311_jpg.rf.b1478cd4d38130830f8f84a90059b643.jpg,1280,720,face,760,210,964,410
frame_0311_jpg.rf.b1478cd4d38130830f8f84a90059b643.jpg,1280,720,hand,232,238,437,501
Amber_Tamblyn_0002_jpg.rf.aaf902ef4982b45927fc821f704116af.jpg,250,250,face,90,92,167,219
Alexis_Bledel_0001_jpg.rf.b1629391f87fc3d8e276e534e0f67f0e.jpg,250,250,face,84,99,174,179
Carlos_Ortega_0002_jpg.rf.b4a1e8dc9504fcbb8698e1a27449544d.jpg,250,250,face,71,91,158,197
Carlos_Ortega_0002_jpg.rf.b4a1e8dc9504fcbb8698e1a27449544d.jpg,250,250,hand,110,140,206,249
Ana_Palacio_0002_jpg.rf.af0e4b0fef48d7eb21b2572ab340ae98.jpg,250,250,face,80,93,167,181
Ana_Palacio_0002_jpg.rf.af0e4b0fef48d7eb21b2572ab340ae98.jpg,250,250,face,9,0,88,71
Ana_Palacio_0002_jpg.rf.af0e4b0fef48d7eb21b2572ab340ae98.jpg,250,250,face,171,24,219,84
Angelina_Jolie_0018_jpg.rf.b62d3ef3380c53988fd6739515bc4bf0.jpg,250,250,face,80,87,164,192
Angelina_Jolie_0018_jpg.rf.b62d3ef3380c53988fd6739515bc4bf0.jpg,250,250,hand,42,180,164,249
Andy_Warhol_0001_jpg.rf.ae1c711271887941a1ac256a84b0d3e2.jpg,250,250,face,83,96,163,181
Candie_Kung_0001_jpg.rf.b49cc9928fc0f4910b7dc111301a1c8a.jpg,250,250,face,75,100,175,192
Andy_Lau_0001_jpg.rf.b137064925d8a851400d277fa30fe6bd.jpg,250,250,face,69,83,162,190
Andy_Lau_0001_jpg.rf.b137064925d8a851400d277fa30fe6bd.jpg,250,250,face,176,159,249,249
Andre_Agassi_0028_jpg.rf.b543c5f8d41ceaae37dca1d8c5d7f3cd.jpg,250,250,face,85,39,185,189
Andre_Agassi_0028_jpg.rf.b543c5f8d41ceaae37dca1d8c5d7f3cd.jpg,250,250,hand,9,142,93,237
Andre_Agassi_0028_jpg.rf.b543c5f8d41ceaae37dca1d8c5d7f3cd.jpg,250,250,hand,123,165,213,247
Chanda_Rubin_0005_jpg.rf.b66f039c5280a01bece797b08c24120e.jpg,250,250,face,83,89,172,195
Amelie_Mauresmo_0001_jpg.rf.b93f81a0f840c786bc28199eb9be94d6.jpg,250,250,face,85,94,172,189
Amelie_Mauresmo_0001_jpg.rf.b93f81a0f840c786bc28199eb9be94d6.jpg,250,250,hand,0,88,62,157
Ai_Sugiyama_0001_jpg.rf.b81b2d64a455d5b43e0f64a3bbd44bf7.jpg,250,250,face,86,63,205,210
Agbani_Darego_0001_jpg.rf.bba20907b6896e11a8e95a4d93351d75.jpg,250,250,face,83,52,174,188
Frank_Beamer_0001_jpg.rf.b3ae44e3e1d3c16b46176ced1902eb06.jpg,250,250,face,95,99,176,194
Frank_Beamer_0001_jpg.rf.b3ae44e3e1d3c16b46176ced1902eb06.jpg,250,250,hand,20,84,108,149
Ali_Khamenei_0001_jpg.rf.bab0d8a3a665d7c8ca31d7c4fb5f4f26.jpg,250,250,face,84,86,184,210
Ali_Khamenei_0001_jpg.rf.bab0d8a3a665d7c8ca31d7c4fb5f4f26.jpg,250,250,hand,136,0,226,87
Arantxa_Sanchez-Vicario_0001_jpg.rf.bc3cdf7a360bbcea4e1569410eeaf904.jpg,250,250,face,85,95,173,189
Arantxa_Sanchez-Vicario_0001_jpg.rf.bc3cdf7a360bbcea4e1569410eeaf904.jpg,250,250,hand,133,153,208,231
Ariel_Sharon_0060_jpg.rf.b842fe4f25b3eb4e85b9a9ef408d5538.jpg,250,250,hand,8,81,89,212
Ariel_Sharon_0060_jpg.rf.b842fe4f25b3eb4e85b9a9ef408d5538.jpg,250,250,hand,186,121,249,236
Ariel_Sharon_0060_jpg.rf.b842fe4f25b3eb4e85b9a9ef408d5538.jpg,250,250,face,84,90,165,191
Amporn_Falise_0001_jpg.rf.c05fed3d0cc510303529255be9854940.jpg,250,250,face,79,90,181,193
Amporn_Falise_0001_jpg.rf.c05fed3d0cc510303529255be9854940.jpg,250,250,hand,0,169,77,249
Ana_Guevara_0006_jpg.rf.bc1a3be45140951e35f0307b34d2315d.jpg,250,250,face,77,100,176,206
Ali_Fallahian_0001_jpg.rf.c183be2b983a868b20384bdba08e4748.jpg,250,250,face,73,75,174,196
Brandon_Knight_0001_jpg.rf.bdbadfa531cbb4e2b54977364910554d.jpg,250,250,face,79,89,157,179
Ahmad_Jbarah_0001_jpg.rf.c31dd12cefc4f79c3fc0620d464ff607.jpg,250,250,face,67,41,171,197
frame_2605_jpg.rf.b77591d7f4f7bd036bf524747d7f8174.jpg,1280,720,hand,780,474,909,620
frame_2605_jpg.rf.b77591d7f4f7bd036bf524747d7f8174.jpg,1280,720,hand,43,220,310,544
frame_2605_jpg.rf.b77591d7f4f7bd036bf524747d7f8174.jpg,1280,720,hand,320,248,463,375
frame_2605_jpg.rf.b77591d7f4f7bd036bf524747d7f8174.jpg,1280,720,face,458,6,621,183
Alex_King_0001_jpg.rf.c0079fa3463ad9fe7c54ad0adad95cba.jpg,250,250,face,87,92,183,188
Chanda_Rubin_0002_jpg.rf.b6a908e1cc8a59de2b9f398055ef623d.jpg,250,250,face,78,95,169,193
Abdel_Nasser_Assidi_0001_jpg.rf.c575689374e17129d62175eea37c0f2e.jpg,250,250,face,23,97,65,161
Abdel_Nasser_Assidi_0001_jpg.rf.c575689374e17129d62175eea37c0f2e.jpg,250,250,face,194,100,247,173
Abdel_Nasser_Assidi_0001_jpg.rf.c575689374e17129d62175eea37c0f2e.jpg,250,250,face,66,60,179,205
Alejandro_Toledo_0007_jpg.rf.bca849b30b240a7f48bf5329950ca800.jpg,250,250,face,79,70,183,196
Anne_ONeil_0001_jpg.rf.c4a4d4841cc552695d81bafa7c63a56b.jpg,250,250,face,74,93,180,186
Anne_ONeil_0001_jpg.rf.c4a4d4841cc552695d81bafa7c63a56b.jpg,250,250,hand,33,128,75,197
Anne_ONeil_0001_jpg.rf.c4a4d4841cc552695d81bafa7c63a56b.jpg,250,250,face,0,102,49,186
frame_0927_jpg.rf.c289f87778ec05af909e72059910d2a2.jpg,1280,720,hand,356,275,522,410
frame_0927_jpg.rf.c289f87778ec05af909e72059910d2a2.jpg,1280,720,hand,615,319,769,454
frame_0927_jpg.rf.c289f87778ec05af909e72059910d2a2.jpg,1280,720,hand,483,420,708,630
Bak_Chang-Ryun_0001_jpg.rf.c6c0030cd84313419787dc8d3d0b55de.jpg,250,250,face,81,99,172,186
Bak_Chang-Ryun_0001_jpg.rf.c6c0030cd84313419787dc8d3d0b55de.jpg,250,250,face,8,101,67,150
Larry_Lucchino_0001_jpg.rf.c65cabfab5aba1a4b16a0f9b8bc157ab.jpg,250,250,face,88,95,169,184
Larry_Lucchino_0001_jpg.rf.c65cabfab5aba1a4b16a0f9b8bc157ab.jpg,250,250,face,20,115,81,181
Larry_Lucchino_0001_jpg.rf.c65cabfab5aba1a4b16a0f9b8bc157ab.jpg,250,250,hand,10,166,86,210
Andre_Agassi_0012_jpg.rf.cb136b9ca818fb3a6f8c832a3ec2a868.jpg,250,250,hand,32,149,132,247
Andre_Agassi_0012_jpg.rf.cb136b9ca818fb3a6f8c832a3ec2a868.jpg,250,250,hand,108,149,184,249
Andre_Agassi_0012_jpg.rf.cb136b9ca818fb3a6f8c832a3ec2a868.jpg,250,250,face,74,45,194,204
Abba_Eban_0001_jpg.rf.cad6cc0bb12be919f9865d6a055fa5dd.jpg,250,250,face,50,42,177,207
Li_Peng_0004_jpg.rf.c9aad4c5939c985192643d609d913841.jpg,250,250,hand,63,55,124,121
Li_Peng_0004_jpg.rf.c9aad4c5939c985192643d609d913841.jpg,250,250,face,88,97,173,181
Al_Sharpton_0004_jpg.rf.c8bc79b4c65b08c9536ec4e090c24dad.jpg,250,250,face,42,32,172,234
Alex_Sink_0002_jpg.rf.ccd7c24ee523cd15c1032c4c6fdf3009.jpg,250,250,face,78,91,178,216
Aly_Wagner_0001_jpg.rf.c44b35418bb118927e87744e748c74ce.jpg,250,250,face,76,80,165,191
Aly_Wagner_0001_jpg.rf.c44b35418bb118927e87744e748c74ce.jpg,250,250,hand,10,202,127,249
Allison_Searing_0001_jpg.rf.cc1a0c369f62fb1613ad31cde04512aa.jpg,250,250,face,74,71,179,189
Alvaro_Uribe_0003_jpg.rf.c317ba642cf3489b431cc20fdf0bc507.jpg,250,250,face,79,88,172,185
Alvaro_Uribe_0003_jpg.rf.c317ba642cf3489b431cc20fdf0bc507.jpg,250,250,hand,35,196,98,249
Benedita_da_Silva_0001_jpg.rf.cd2d1cd91ceac32934ae1a929af6d681.jpg,250,250,face,70,94,202,228
Alonzo_Mourning_0001_jpg.rf.cbf73c9be02701ed9521f3fb2078b968.jpg,250,250,face,74,83,164,194
Alicia_Silverstone_0002_jpg.rf.d0da764c2099fe6dec6d79802141bbbe.jpg,250,250,face,83,87,181,193
Alicia_Silverstone_0002_jpg.rf.d0da764c2099fe6dec6d79802141bbbe.jpg,250,250,hand,25,146,101,247
Alexandra_Spann_0001_jpg.rf.ce87380d2915b96d577692ca066993db.jpg,250,250,face,77,78,181,201
Lenny_Wilkens_0001_jpg.rf.ceb04c7b9b7153cf8b27109f86514e05.jpg,250,250,face,86,92,167,185
Lenny_Wilkens_0001_jpg.rf.ceb04c7b9b7153cf8b27109f86514e05.jpg,250,250,hand,133,186,211,249
Laura_Schlessinger_0001_jpg.rf.ce4fda875fdce0c8c6c4eb56a84f35f8.jpg,250,250,face,79,98,166,187
Laura_Schlessinger_0001_jpg.rf.ce4fda875fdce0c8c6c4eb56a84f35f8.jpg,250,250,hand,128,142,195,247
Arsinee_Khanjian_0001_jpg.rf.ceb95e02f5dfda693cdcad131df73f1c.jpg,250,250,face,67,91,174,211
Ali_Naimi_0001_jpg.rf.cdedd62382d8b96b465a1254d4150ee4.jpg,250,250,face,67,87,179,202
Ali_Naimi_0001_jpg.rf.cdedd62382d8b96b465a1254d4150ee4.jpg,250,250,hand,2,130,59,241
Leonid_Kuchma_0003_jpg.rf.d0dc59e310548851617836a5470071ca.jpg,250,250,face,83,92,173,176
Leonid_Kuchma_0003_jpg.rf.d0dc59e310548851617836a5470071ca.jpg,250,250,hand,14,90,83,180
Amy_Gale_0001_jpg.rf.cfb2a2af610755da5c95f4fd68ead4c8.jpg,250,250,face,79,94,165,191
Amy_Gale_0001_jpg.rf.cfb2a2af610755da5c95f4fd68ead4c8.jpg,250,250,hand,144,176,247,244
Amy_Gale_0001_jpg.rf.cfb2a2af610755da5c95f4fd68ead4c8.jpg,250,250,hand,25,151,118,249
Andre_Bucher_0001_jpg.rf.cc90507bd053216ff158cc7321d38228.jpg,250,250,face,82,97,161,172
frame_0032_jpg.rf.d2700123da239500f24d53e438832c0a.jpg,1280,720,hand,304,247,533,476
frame_0032_jpg.rf.d2700123da239500f24d53e438832c0a.jpg,1280,720,hand,476,249,625,341
Chang_Sang_0001_jpg.rf.d5d5262c911a411944b7fa1736ccd745.jpg,250,250,face,81,88,173,176
Ana_Guevara_0001_jpg.rf.c38417a852b8e4db182a9b289080ece1.jpg,250,250,face,86,92,183,199
Ana_Guevara_0001_jpg.rf.c38417a852b8e4db182a9b289080ece1.jpg,250,250,hand,0,80,45,146
Laura_Bush_0016_jpg.rf.d4fc6d3dfb0a9ece309c235f19d4d8f0.jpg,250,250,face,79,95,172,189
Laura_Bush_0016_jpg.rf.d4fc6d3dfb0a9ece309c235f19d4d8f0.jpg,250,250,hand,71,192,143,249
Allen_Iverson_0001_jpg.rf.d4ef2206e880fb194b61fe3d8fc329a4.jpg,250,250,face,75,99,171,209
Allen_Iverson_0001_jpg.rf.d4ef2206e880fb194b61fe3d8fc329a4.jpg,250,250,hand,167,56,249,171
Alek_Wek_0001_jpg.rf.d47d6510be77bed14a7dbecdd73a4c31.jpg,250,250,face,74,58,168,188
frame_1830_jpg.rf.d34735bf41742d4ac271ce723e523781.jpg,1280,720,hand,571,403,841,701
frame_1830_jpg.rf.d34735bf41742d4ac271ce723e523781.jpg,1280,720,hand,123,455,429,719
frame_1830_jpg.rf.d34735bf41742d4ac271ce723e523781.jpg,1280,720,hand,613,111,798,227
Chandrika_Kumaratunga_0001_jpg.rf.d77ac3a3470cb9b646589ff10dd49e30.jpg,250,250,face,86,95,177,191
Alvaro_Uribe_0011_jpg.rf.d7709ab60237441f531c3c8283593d01.jpg,250,250,face,99,77,168,177
Alvaro_Uribe_0011_jpg.rf.d7709ab60237441f531c3c8283593d01.jpg,250,250,hand,57,180,107,244
Andy_Griffith_0001_jpg.rf.ca186564ce90eb9c03bad090ca9e7bc5.jpg,250,250,face,72,94,173,188
Andy_Griffith_0001_jpg.rf.ca186564ce90eb9c03bad090ca9e7bc5.jpg,250,250,hand,175,138,241,204
Andy_Griffith_0001_jpg.rf.ca186564ce90eb9c03bad090ca9e7bc5.jpg,250,250,hand,42,187,135,249
frame_0434_jpg.rf.d2c35ad4f7ed467e7ed52359a2edd275.jpg,1280,720,hand,380,182,557,356
frame_0434_jpg.rf.d2c35ad4f7ed467e7ed52359a2edd275.jpg,1280,720,hand,556,209,705,356
Chang_Saio-yue_0001_jpg.rf.d6d5b720d8f327e7e47e167a7c232804.jpg,250,250,face,80,91,176,192
Arnie_Boehm_0001_jpg.rf.d8cf69c5b43cf0ddc5a0e08b3a085f8a.jpg,250,250,face,81,99,165,195
Bison_Dele_0001_jpg.rf.d9b5b626191c1fa090836feb896d940b.jpg,250,250,face,76,95,172,192
Gary_Doer_0002_jpg.rf.d796d8aa53c70481d2b93f2d38c5e7a6.jpg,250,250,face,164,89,202,149
Gary_Doer_0002_jpg.rf.d796d8aa53c70481d2b93f2d38c5e7a6.jpg,250,250,face,79,96,166,198
Gary_Doer_0002_jpg.rf.d796d8aa53c70481d2b93f2d38c5e7a6.jpg,250,250,hand,117,173,190,249
Amanda_Beard_0001_jpg.rf.d9355331b8b9f3e3d0f2465ab08256a3.jpg,250,250,face,72,91,165,194
Asif_Ali_Zardari_0001_jpg.rf.d9971c6b9896f254f570d25d22ad625c.jpg,250,250,face,73,96,170,198
Asif_Ali_Zardari_0001_jpg.rf.d9971c6b9896f254f570d25d22ad625c.jpg,250,250,face,194,0,243,56
George_W_Bush_0299_jpg.rf.d88b49acdb0a3f6e8e7ca21c4c497d07.jpg,250,250,face,82,98,174,204
George_W_Bush_0299_jpg.rf.d88b49acdb0a3f6e8e7ca21c4c497d07.jpg,250,250,hand,31,130,173,229
frame_2251_jpg.rf.d7ba3b010f562bb9234410ae11888c0f.jpg,1280,720,hand,729,433,905,606
frame_2251_jpg.rf.d7ba3b010f562bb9234410ae11888c0f.jpg,1280,720,hand,410,351,514,537
Blas_Ople_0001_jpg.rf.dcb2c02d70d8751596caf814770d4d33.jpg,250,250,face,76,88,172,200
Abdel_Aziz_Al-Hakim_0001_jpg.rf.da579b821b6b7499af18620e52b40c26.jpg,250,250,face,58,54,163,194
Abdel_Aziz_Al-Hakim_0001_jpg.rf.da579b821b6b7499af18620e52b40c26.jpg,250,250,face,165,75,233,179
Abdel_Aziz_Al-Hakim_0001_jpg.rf.da579b821b6b7499af18620e52b40c26.jpg,250,250,face,0,79,40,194
Anthony_Pico_0001_jpg.rf.dd800f55f6f6963b45dcc03d679d8b33.jpg,250,250,face,69,91,173,201
Ann_Veneman_0002_jpg.rf.de5f4181d5098b7e81945523ba087d7a.jpg,250,250,hand,26,175,129,249
Ann_Veneman_0002_jpg.rf.de5f4181d5098b7e81945523ba087d7a.jpg,250,250,face,76,89,169,188
Laila_Ali_0003_jpg.rf.db9bdb3bde493668d4a14873a9b7d4f0.jpg,250,250,face,81,92,163,190
Laila_Ali_0003_jpg.rf.db9bdb3bde493668d4a14873a9b7d4f0.jpg,250,250,hand,39,192,103,249
Adrien_Brody_0012_jpg.rf.de974a674ccc85d2373c54dffb8e7dbf.jpg,250,250,face,91,67,182,186
Adrien_Brody_0012_jpg.rf.de974a674ccc85d2373c54dffb8e7dbf.jpg,250,250,hand,154,120,249,247
Alejandro_Avila_0002_jpg.rf.dfcbe0733a5ce707e466f3a394bbbbbd.jpg,250,250,face,83,80,171,187
Brandon_Fails_0001_jpg.rf.dd15eacf2acd0df814cdf66fc4d92b5d.jpg,250,250,face,74,91,173,202
Bill_Callahan_0001_jpg.rf.e0640029c6cb748a40f31b64547d1cb0.jpg,250,250,hand,92,166,174,249
Bill_Callahan_0001_jpg.rf.e0640029c6cb748a40f31b64547d1cb0.jpg,250,250,face,80,93,175,191
frame_2591_jpg.rf.dd5dd522d51492093a3de954e77cf31a.jpg,1280,720,hand,425,392,583,579
frame_2591_jpg.rf.dd5dd522d51492093a3de954e77cf31a.jpg,1280,720,hand,705,485,1063,708
frame_2591_jpg.rf.dd5dd522d51492093a3de954e77cf31a.jpg,1280,720,hand,650,30,782,221
frame_2591_jpg.rf.dd5dd522d51492093a3de954e77cf31a.jpg,1280,720,face,574,0,741,117
Alan_Greenspan_0002_jpg.rf.e294a9eebf98fb8208e0462300e75b66.jpg,250,250,face,76,69,175,185
Bobby_Jackson_0001_jpg.rf.e3cf6071156c495b3465de15bc620e74.jpg,250,250,face,76,88,176,210
Ambrose_Lee_0001_jpg.rf.de9d76546d60980c09b19710196ac0de.jpg,250,250,face,82,89,175,180
Abdullah_Gul_0003_jpg.rf.e3c2f6e7137a6fb5c45692361142aafa.jpg,250,250,face,72,57,160,196
Abdullah_Gul_0003_jpg.rf.e3c2f6e7137a6fb5c45692361142aafa.jpg,250,250,hand,121,118,231,247
Alexandra_Vodjanikova_0001_jpg.rf.e5697b929c9c1e1e19146a555259e8f3.jpg,250,250,face,79,90,167,186
frame_1198_jpg.rf.e2e87a2dbe9496e4a99e03ec84c7917e.jpg,1280,720,hand,308,87,525,260
frame_1198_jpg.rf.e2e87a2dbe9496e4a99e03ec84c7917e.jpg,1280,720,hand,873,341,1075,555
frame_1198_jpg.rf.e2e87a2dbe9496e4a99e03ec84c7917e.jpg,1280,720,face,504,0,751,163
Alvaro_Uribe_0015_jpg.rf.e3565b3fec503789b8c30a6a26266b4e.jpg,250,250,hand,22,202,82,249
Alvaro_Uribe_0015_jpg.rf.e3565b3fec503789b8c30a6a26266b4e.jpg,250,250,face,83,78,166,186
frame_1566_jpg.rf.e173cb2ee34941c9341f5859c1bed0f1.jpg,1280,720,hand,317,233,466,398
frame_1566_jpg.rf.e173cb2ee34941c9341f5859c1bed0f1.jpg,1280,720,hand,906,282,1097,514
frame_1566_jpg.rf.e173cb2ee34941c9341f5859c1bed0f1.jpg,1280,720,hand,187,557,409,719
Carina_Lau_Ka-ling_0001_jpg.rf.e8db26e1686c0a9224ee0a93f2545a95.jpg,250,250,face,83,92,169,179
Carina_Lau_Ka-ling_0001_jpg.rf.e8db26e1686c0a9224ee0a93f2545a95.jpg,250,250,face,24,96,96,171
Carina_Lau_Ka-ling_0001_jpg.rf.e8db26e1686c0a9224ee0a93f2545a95.jpg,250,250,face,187,60,249,140
Carina_Lau_Ka-ling_0001_jpg.rf.e8db26e1686c0a9224ee0a93f2545a95.jpg,250,250,hand,199,135,238,201
Benjamin_Netanyahu_0001_jpg.rf.e47337fbee74eb2e031e116cbeb0d8c0.jpg,250,250,face,80,88,173,191
Benjamin_Netanyahu_0001_jpg.rf.e47337fbee74eb2e031e116cbeb0d8c0.jpg,250,250,hand,148,167,219,249
Carlton_Dotson_0001_jpg.rf.e626e38f05f7c0045bd9af6561249b5d.jpg,250,250,face,82,93,172,192
Alyse_Beaupre_0001_jpg.rf.e626935d3ed701739983522ce8661e86.jpg,250,250,face,78,79,165,184
Alma_Powell_0001_jpg.rf.df1220196f5d012ddd9cb8a8caab3c99.jpg,250,250,face,76,89,188,206
Alessandra_Cerna_0001_jpg.rf.eac49686592aad66e12f22eb2d5c5910.jpg,250,250,face,75,81,160,181
Abdel_Nasser_Assidi_0002_jpg.rf.e5088c8efb1be49ccd89390e8850df8d.jpg,250,250,face,70,46,173,187
Abdel_Nasser_Assidi_0002_jpg.rf.e5088c8efb1be49ccd89390e8850df8d.jpg,250,250,face,193,137,237,197
Abid_Hamid_Mahmud_Al-Tikriti_0001_jpg.rf.e5d64716d59bdc495bc884ed01f0059d.jpg,250,250,face,75,45,188,193
Antje_Buschschulte_0001_jpg.rf.ed4e4916b046b38c9fe1d784ea9b459f.jpg,250,250,face,76,93,166,193
Antje_Buschschulte_0001_jpg.rf.ed4e4916b046b38c9fe1d784ea9b459f.jpg,250,250,hand,26,167,91,249
Adelina_Avila_0001_jpg.rf.ef3c05a70b3eeff8d4e1dadaa60a7306.jpg,250,250,face,52,26,171,178
Adelina_Avila_0001_jpg.rf.ef3c05a70b3eeff8d4e1dadaa60a7306.jpg,250,250,hand,0,118,49,201
Edmund_Stoiber_0006_jpg.rf.ea3757dca73eddf04d6023e7eb8d4322.jpg,250,250,face,72,88,165,191
Edmund_Stoiber_0006_jpg.rf.ea3757dca73eddf04d6023e7eb8d4322.jpg,250,250,hand,159,96,229,242
Augusto_Roa_Bastos_0002_jpg.rf.eb7452cdf31a98f973162715f2c9151c.jpg,250,250,face,91,92,184,188
Abdoulaye_Wade_0001_jpg.rf.f1394e08e5e696209962a35870bf70ce.jpg,250,250,face,76,53,215,206
Anastasia_Myskina_0001_jpg.rf.ec588217c17a506c5e59771af11b8f02.jpg,250,250,face,84,90,173,187
Aishwarya_Rai_0001_jpg.rf.ecbde575e5e7f618d260177239990320.jpg,250,250,face,80,60,170,191
Aishwarya_Rai_0001_jpg.rf.ecbde575e5e7f618d260177239990320.jpg,250,250,face,203,134,243,196
Aishwarya_Rai_0001_jpg.rf.ecbde575e5e7f618d260177239990320.jpg,250,250,hand,216,11,244,87
Lenny_Wilkens_0002_jpg.rf.e97840ebcf5dd2c327166a514e5928b6.jpg,250,250,face,83,91,160,195
Lenny_Wilkens_0002_jpg.rf.e97840ebcf5dd2c327166a514e5928b6.jpg,250,250,hand,60,196,143,249
Alex_Gonzalez_0001_jpg.rf.eeb33725a90199783e8ded5f3f3976eb.jpg,250,250,face,81,95,183,203
Alejandro_Toledo_0004_jpg.rf.eb91a556c1a8afec99303f9fa3402af8.jpg,250,250,face,77,66,169,191
Lawrence_Vito_0001_jpg.rf.f2bf909151edd624efcdf7a20be69ee8.jpg,250,250,face,89,96,177,181
Lawrence_Vito_0001_jpg.rf.f2bf909151edd624efcdf7a20be69ee8.jpg,250,250,hand,178,105,249,227
Brandon_Lloyd_0001_jpg.rf.ef9c51b67ce7499e20dcbbc67ce76f7e.jpg,250,250,face,70,92,159,191
Fernando_Henrique_Cardoso_0007_jpg.rf.f2e667db6299e03e4d872e3260ba2fe2.jpg,250,250,face,77,95,166,192
Fernando_Henrique_Cardoso_0007_jpg.rf.f2e667db6299e03e4d872e3260ba2fe2.jpg,250,250,hand,102,154,158,227
Atsushi_Sato_0001_jpg.rf.f387e49ead36c54f0fd04d4a7eb85423.jpg,250,250,face,89,96,153,191
Angela_Bassett_0004_jpg.rf.f3d3c79056e004e081f6abcf6c6e9ba8.jpg,250,250,face,87,89,181,200
Ashanti_0003_jpg.rf.f6a0f3c3aaa854353b051af29cec7c4a.jpg,250,250,face,82,87,170,192
Brian_Cook_0001_jpg.rf.f15b287743bd3daf8ae3bb041520f807.jpg,250,250,face,76,91,160,181
Al_Sharpton_0007_jpg.rf.f894e7937cdd2a9dda96126b3179da15.jpg,250,250,face,88,52,181,207
Lance_Bass_0004_jpg.rf.f2057aef146ba2d1045fd431dac72e7a.jpg,250,250,face,89,92,161,189
Lance_Bass_0004_jpg.rf.f2057aef146ba2d1045fd431dac72e7a.jpg,250,250,hand,4,163,51,213
Benjamin_McKenzie_0001_jpg.rf.f39a731da4e89bf55a3e1babe0cdf582.jpg,250,250,face,81,91,184,204
Benjamin_McKenzie_0001_jpg.rf.f39a731da4e89bf55a3e1babe0cdf582.jpg,250,250,hand,166,111,238,195
Adrian_Murrell_0001_jpg.rf.f7d6d502f69cc42714ac287f94ee0ec9.jpg,250,250,face,74,46,189,192
Abdullah_Gul_0002_jpg.rf.f4e13660d267b8ea4b7ccdebaeecf31c.jpg,250,250,face,57,53,169,198
Chang_Dae-whan_0002_jpg.rf.fbcf7f7c7387154f954289a49875b5a1.jpg,250,250,face,77,87,165,181
Byron_Scott_0001_jpg.rf.f4b6b43d5d9df86930530c5dcf564e1c.jpg,250,250,face,85,88,170,182
Aaron_Patterson_0001_jpg.rf.fb50f9b5dd65860e428a7038237b9385.jpg,250,250,face,74,45,187,196
Alessandro_Nesta_0001_jpg.rf.fe6fac5d95240327bb304503a76bce24.jpg,250,250,face,74,90,170,191
Ashanti_0001_jpg.rf.fe31c2db29e9944660bc6b868379b460.jpg,250,250,face,77,94,173,194
Kwame_Kilpatrick_0001_jpg.rf.f89b60d76cf44d425febf7f0b8c6522a.jpg,250,250,face,87,101,177,187
frame_1664_jpg.rf.f7a898ad2cc082038555f211fecca171.jpg,1280,720,hand,451,280,893,713
frame_1664_jpg.rf.f7a898ad2cc082038555f211fecca171.jpg,1280,720,hand,0,344,276,719
frame_0783_jpg.rf.ffcce5a75795ac5d4a13279e7dd99929.jpg,1280,720,hand,176,439,378,633
frame_0783_jpg.rf.ffcce5a75795ac5d4a13279e7dd99929.jpg,1280,720,hand,791,310,1058,672
frame_0200_jpg.rf.ffae76ba8b9219db2c8efc0248898579.jpg,1280,720,face,609,0,817,134
frame_0200_jpg.rf.ffae76ba8b9219db2c8efc0248898579.jpg,1280,720,hand,530,244,706,388
frame_0200_jpg.rf.ffae76ba8b9219db2c8efc0248898579.jpg,1280,720,hand,909,278,1126,463
frame_0200_jpg.rf.ffae76ba8b9219db2c8efc0248898579.jpg,1280,720,hand,10,512,403,719
frame_1295_jpg.rf.ffd9d8f8a25704e4e1946d861af6ff53.jpg,1280,720,hand,239,143,497,325
frame_1295_jpg.rf.ffd9d8f8a25704e4e1946d861af6ff53.jpg,1280,720,hand,489,149,835,349
Allan_Houston_0001_jpg.rf.f889c6e5ec0d0f936a06e0611d8d0f88.jpg,250,250,face,83,80,147,175
Allan_Houston_0001_jpg.rf.f889c6e5ec0d0f936a06e0611d8d0f88.jpg,250,250,face,0,93,23,186