<annotation>
	<folder></folder>
	<filename>Aaron_Patterson_0001_jpg.rf.fb50f9b5dd65860e428a7038237b9385.jpg</filename>
	<path>Aaron_Patterson_0001_jpg.rf.fb50f9b5dd65860e428a7038237b9385.jpg</path>
	<source>
		<database>roboflow.ai</database>
	</source>
	<size>
		<width>250</width>
		<height>250</height>
		<depth>3</depth>
	</size>
	<segmented>0</segmented>
	<object>
		<name>face</name>
		<pose>Unspecified</pose>
		<truncated>0</truncated>
		<difficult>0</difficult>
		<occluded>0</occluded>
		<bndbox>
			<xmin>75</xmin>
			<xmax>188</xmax>
			<ymin>46</ymin>
			<ymax>197</ymax>
		</bndbox>
	</object>
</annotation>
