<annotation>
	<folder></folder>
	<filename>Aaron_Tippin_0001_jpg.rf.4a2c4fe1e39bc4eb17ffbea6670138d1.jpg</filename>
	<path>Aaron_Tippin_0001_jpg.rf.4a2c4fe1e39bc4eb17ffbea6670138d1.jpg</path>
	<source>
		<database>roboflow.ai</database>
	</source>
	<size>
		<width>250</width>
		<height>250</height>
		<depth>3</depth>
	</size>
	<segmented>0</segmented>
	<object>
		<name>face</name>
		<pose>Unspecified</pose>
		<truncated>0</truncated>
		<difficult>0</difficult>
		<occluded>0</occluded>
		<bndbox>
			<xmin>45</xmin>
			<xmax>163</xmax>
			<ymin>40</ymin>
			<ymax>192</ymax>
		</bndbox>
	</object>
</annotation>
