<annotation>
	<folder></folder>
	<filename>Abbas_Kiarostami_0001_jpg.rf.a767e97ff34c9ff13e03a0f92cae4db9.jpg</filename>
	<path>Abbas_Kiarostami_0001_jpg.rf.a767e97ff34c9ff13e03a0f92cae4db9.jpg</path>
	<source>
		<database>roboflow.ai</database>
	</source>
	<size>
		<width>250</width>
		<height>250</height>
		<depth>3</depth>
	</size>
	<segmented>0</segmented>
	<object>
		<name>face</name>
		<pose>Unspecified</pose>
		<truncated>0</truncated>
		<difficult>0</difficult>
		<occluded>0</occluded>
		<bndbox>
			<xmin>53</xmin>
			<xmax>169</xmax>
			<ymin>49</ymin>
			<ymax>191</ymax>
		</bndbox>
	</object>
</annotation>
