<annotation>
	<folder></folder>
	<filename>Abba_Eban_0001_jpg.rf.cad6cc0bb12be919f9865d6a055fa5dd.jpg</filename>
	<path>Abba_Eban_0001_jpg.rf.cad6cc0bb12be919f9865d6a055fa5dd.jpg</path>
	<source>
		<database>roboflow.ai</database>
	</source>
	<size>
		<width>250</width>
		<height>250</height>
		<depth>3</depth>
	</size>
	<segmented>0</segmented>
	<object>
		<name>face</name>
		<pose>Unspecified</pose>
		<truncated>0</truncated>
		<difficult>0</difficult>
		<occluded>0</occluded>
		<bndbox>
			<xmin>51</xmin>
			<xmax>178</xmax>
			<ymin>43</ymin>
			<ymax>208</ymax>
		</bndbox>
	</object>
</annotation>
