<annotation>
	<folder></folder>
	<filename>Abdel_Nasser_Assidi_0001_jpg.rf.c575689374e17129d62175eea37c0f2e.jpg</filename>
	<path>Abdel_Nasser_Assidi_0001_jpg.rf.c575689374e17129d62175eea37c0f2e.jpg</path>
	<source>
		<database>roboflow.ai</database>
	</source>
	<size>
		<width>250</width>
		<height>250</height>
		<depth>3</depth>
	</size>
	<segmented>0</segmented>
	<object>
		<name>face</name>
		<pose>Unspecified</pose>
		<truncated>0</truncated>
		<difficult>0</difficult>
		<occluded>0</occluded>
		<bndbox>
			<xmin>24</xmin>
			<xmax>66</xmax>
			<ymin>98</ymin>
			<ymax>162</ymax>
		</bndbox>
	</object>
	<object>
		<name>face</name>
		<pose>Unspecified</pose>
		<truncated>0</truncated>
		<difficult>0</difficult>
		<occluded>0</occluded>
		<bndbox>
			<xmin>195</xmin>
			<xmax>248</xmax>
			<ymin>101</ymin>
			<ymax>174</ymax>
		</bndbox>
	</object>
	<object>
		<name>face</name>
		<pose>Unspecified</pose>
		<truncated>0</truncated>
		<difficult>0</difficult>
		<occluded>0</occluded>
		<bndbox>
			<xmin>67</xmin>
			<xmax>180</xmax>
			<ymin>61</ymin>
			<ymax>206</ymax>
		</bndbox>
	</object>
</annotation>
