<annotation>
	<folder></folder>
	<filename>Abdel_Aziz_Al-Hakim_0001_jpg.rf.da579b821b6b7499af18620e52b40c26.jpg</filename>
	<path>Abdel_Aziz_Al-Hakim_0001_jpg.rf.da579b821b6b7499af18620e52b40c26.jpg</path>
	<source>
		<database>roboflow.ai</database>
	</source>
	<size>
		<width>250</width>
		<height>250</height>
		<depth>3</depth>
	</size>
	<segmented>0</segmented>
	<object>
		<name>face</name>
		<pose>Unspecified</pose>
		<truncated>0</truncated>
		<difficult>0</difficult>
		<occluded>0</occluded>
		<bndbox>
			<xmin>59</xmin>
			<xmax>164</xmax>
			<ymin>55</ymin>
			<ymax>195</ymax>
		</bndbox>
	</object>
	<object>
		<name>face</name>
		<pose>Unspecified</pose>
		<truncated>0</truncated>
		<difficult>0</difficult>
		<occluded>0</occluded>
		<bndbox>
			<xmin>166</xmin>
			<xmax>234</xmax>
			<ymin>76</ymin>
			<ymax>180</ymax>
		</bndbox>
	</object>
	<object>
		<name>face</name>
		<pose>Unspecified</pose>
		<truncated>0</truncated>
		<difficult>0</difficult>
		<occluded>0</occluded>
		<bndbox>
			<xmin>1</xmin>
			<xmax>41</xmax>
			<ymin>80</ymin>
			<ymax>195</ymax>
		</bndbox>
	</object>
</annotation>
