<annotation>
	<folder></folder>
	<filename>Abdel_Nasser_Assidi_0002_jpg.rf.e5088c8efb1be49ccd89390e8850df8d.jpg</filename>
	<path>Abdel_Nasser_Assidi_0002_jpg.rf.e5088c8efb1be49ccd89390e8850df8d.jpg</path>
	<source>
		<database>roboflow.ai</database>
	</source>
	<size>
		<width>250</width>
		<height>250</height>
		<depth>3</depth>
	</size>
	<segmented>0</segmented>
	<object>
		<name>face</name>
		<pose>Unspecified</pose>
		<truncated>0</truncated>
		<difficult>0</difficult>
		<occluded>0</occluded>
		<bndbox>
			<xmin>71</xmin>
			<xmax>174</xmax>
			<ymin>47</ymin>
			<ymax>188</ymax>
		</bndbox>
	</object>
	<object>
		<name>face</name>
		<pose>Unspecified</pose>
		<truncated>0</truncated>
		<difficult>0</difficult>
		<occluded>0</occluded>
		<bndbox>
			<xmin>194</xmin>
			<xmax>238</xmax>
			<ymin>138</ymin>
			<ymax>198</ymax>
		</bndbox>
	</object>
</annotation>
