<annotation>
	<folder></folder>
	<filename>Abdoulaye_Wade_0001_jpg.rf.f1394e08e5e696209962a35870bf70ce.jpg</filename>
	<path>Abdoulaye_Wade_0001_jpg.rf.f1394e08e5e696209962a35870bf70ce.jpg</path>
	<source>
		<database>roboflow.ai</database>
	</source>
	<size>
		<width>250</width>
		<height>250</height>
		<depth>3</depth>
	</size>
	<segmented>0</segmented>
	<object>
		<name>face</name>
		<pose>Unspecified</pose>
		<truncated>0</truncated>
		<difficult>0</difficult>
		<occluded>0</occluded>
		<bndbox>
			<xmin>77</xmin>
			<xmax>216</xmax>
			<ymin>54</ymin>
			<ymax>207</ymax>
		</bndbox>
	</object>
</annotation>
