<annotation>
	<folder></folder>
	<filename>Abdoulaye_Wade_0002_jpg.rf.776b4830609a3b204fd2419ef8c45967.jpg</filename>
	<path>Abdoulaye_Wade_0002_jpg.rf.776b4830609a3b204fd2419ef8c45967.jpg</path>
	<source>
		<database>roboflow.ai</database>
	</source>
	<size>
		<width>250</width>
		<height>250</height>
		<depth>3</depth>
	</size>
	<segmented>0</segmented>
	<object>
		<name>face</name>
		<pose>Unspecified</pose>
		<truncated>0</truncated>
		<difficult>0</difficult>
		<occluded>0</occluded>
		<bndbox>
			<xmin>68</xmin>
			<xmax>199</xmax>
			<ymin>23</ymin>
			<ymax>198</ymax>
		</bndbox>
	</object>
</annotation>
