<annotation>
	<folder></folder>
	<filename>Abdul_Rahman_0001_jpg.rf.2b9d3622b963d02ce5a75afefba9a5e4.jpg</filename>
	<path>Abdul_Rahman_0001_jpg.rf.2b9d3622b963d02ce5a75afefba9a5e4.jpg</path>
	<source>
		<database>roboflow.ai</database>
	</source>
	<size>
		<width>250</width>
		<height>250</height>
		<depth>3</depth>
	</size>
	<segmented>0</segmented>
	<object>
		<name>face</name>
		<pose>Unspecified</pose>
		<truncated>0</truncated>
		<difficult>0</difficult>
		<occluded>0</occluded>
		<bndbox>
			<xmin>67</xmin>
			<xmax>189</xmax>
			<ymin>43</ymin>
			<ymax>211</ymax>
		</bndbox>
	</object>
</annotation>
