<annotation>
	<folder></folder>
	<filename>Abdullah_Gul_0002_jpg.rf.f4e13660d267b8ea4b7ccdebaeecf31c.jpg</filename>
	<path>Abdullah_Gul_0002_jpg.rf.f4e13660d267b8ea4b7ccdebaeecf31c.jpg</path>
	<source>
		<database>roboflow.ai</database>
	</source>
	<size>
		<width>250</width>
		<height>250</height>
		<depth>3</depth>
	</size>
	<segmented>0</segmented>
	<object>
		<name>face</name>
		<pose>Unspecified</pose>
		<truncated>0</truncated>
		<difficult>0</difficult>
		<occluded>0</occluded>
		<bndbox>
			<xmin>58</xmin>
			<xmax>170</xmax>
			<ymin>54</ymin>
			<ymax>199</ymax>
		</bndbox>
	</object>
</annotation>
