<annotation>
	<folder></folder>
	<filename>Abdullah_Gul_0003_jpg.rf.e3c2f6e7137a6fb5c45692361142aafa.jpg</filename>
	<path>Abdullah_Gul_0003_jpg.rf.e3c2f6e7137a6fb5c45692361142aafa.jpg</path>
	<source>
		<database>roboflow.ai</database>
	</source>
	<size>
		<width>250</width>
		<height>250</height>
		<depth>3</depth>
	</size>
	<segmented>0</segmented>
	<object>
		<name>face</name>
		<pose>Unspecified</pose>
		<truncated>0</truncated>
		<difficult>0</difficult>
		<occluded>0</occluded>
		<bndbox>
			<xmin>73</xmin>
			<xmax>161</xmax>
			<ymin>58</ymin>
			<ymax>197</ymax>
		</bndbox>
	</object>
	<object>
		<name>hand</name>
		<pose>Unspecified</pose>
		<truncated>0</truncated>
		<difficult>0</difficult>
		<occluded>0</occluded>
		<bndbox>
			<xmin>122</xmin>
			<xmax>232</xmax>
			<ymin>119</ymin>
			<ymax>248</ymax>
		</bndbox>
	</object>
</annotation>
