<annotation>
	<folder></folder>
	<filename>Abdullah_al-Attiyah_0003_jpg.rf.4c5ce96e50f28385e8af5876957efd3c.jpg</filename>
	<path>Abdullah_al-Attiyah_0003_jpg.rf.4c5ce96e50f28385e8af5876957efd3c.jpg</path>
	<source>
		<database>roboflow.ai</database>
	</source>
	<size>
		<width>250</width>
		<height>250</height>
		<depth>3</depth>
	</size>
	<segmented>0</segmented>
	<object>
		<name>face</name>
		<pose>Unspecified</pose>
		<truncated>0</truncated>
		<difficult>0</difficult>
		<occluded>0</occluded>
		<bndbox>
			<xmin>63</xmin>
			<xmax>197</xmax>
			<ymin>22</ymin>
			<ymax>183</ymax>
		</bndbox>
	</object>
</annotation>
