<annotation>
	<folder></folder>
	<filename>Abdullah_Gul_0001_jpg.rf.344788dac3d102732b1b786cc0c4a9c7.jpg</filename>
	<path>Abdullah_Gul_0001_jpg.rf.344788dac3d102732b1b786cc0c4a9c7.jpg</path>
	<source>
		<database>roboflow.ai</database>
	</source>
	<size>
		<width>250</width>
		<height>250</height>
		<depth>3</depth>
	</size>
	<segmented>0</segmented>
	<object>
		<name>face</name>
		<pose>Unspecified</pose>
		<truncated>0</truncated>
		<difficult>0</difficult>
		<occluded>0</occluded>
		<bndbox>
			<xmin>85</xmin>
			<xmax>209</xmax>
			<ymin>27</ymin>
			<ymax>201</ymax>
		</bndbox>
	</object>
</annotation>
