<annotation>
	<folder></folder>
	<filename>Abdullah_Ahmad_Badawi_0001_jpg.rf.43fa44d71bb8abf94b8e15baad553ce1.jpg</filename>
	<path>Abdullah_Ahmad_Badawi_0001_jpg.rf.43fa44d71bb8abf94b8e15baad553ce1.jpg</path>
	<source>
		<database>roboflow.ai</database>
	</source>
	<size>
		<width>250</width>
		<height>250</height>
		<depth>3</depth>
	</size>
	<segmented>0</segmented>
	<object>
		<name>face</name>
		<pose>Unspecified</pose>
		<truncated>0</truncated>
		<difficult>0</difficult>
		<occluded>0</occluded>
		<bndbox>
			<xmin>79</xmin>
			<xmax>193</xmax>
			<ymin>41</ymin>
			<ymax>194</ymax>
		</bndbox>
	</object>
</annotation>
