<annotation>
	<folder></folder>
	<filename>Abdul_Majeed_Shobokshi_0001_jpg.rf.6106cc77a6c0df352ec5d5dc7e3b3246.jpg</filename>
	<path>Abdul_Majeed_Shobokshi_0001_jpg.rf.6106cc77a6c0df352ec5d5dc7e3b3246.jpg</path>
	<source>
		<database>roboflow.ai</database>
	</source>
	<size>
		<width>250</width>
		<height>250</height>
		<depth>3</depth>
	</size>
	<segmented>0</segmented>
	<object>
		<name>face</name>
		<pose>Unspecified</pose>
		<truncated>0</truncated>
		<difficult>0</difficult>
		<occluded>0</occluded>
		<bndbox>
			<xmin>32</xmin>
			<xmax>155</xmax>
			<ymin>16</ymin>
			<ymax>189</ymax>
		</bndbox>
	</object>
</annotation>
