<annotation>
	<folder></folder>
	<filename>Abel_Pacheco_0001_jpg.rf.9b828d109bb25cf355466d6a75c6a453.jpg</filename>
	<path>Abel_Pacheco_0001_jpg.rf.9b828d109bb25cf355466d6a75c6a453.jpg</path>
	<source>
		<database>roboflow.ai</database>
	</source>
	<size>
		<width>250</width>
		<height>250</height>
		<depth>3</depth>
	</size>
	<segmented>0</segmented>
	<object>
		<name>face</name>
		<pose>Unspecified</pose>
		<truncated>0</truncated>
		<difficult>0</difficult>
		<occluded>0</occluded>
		<bndbox>
			<xmin>79</xmin>
			<xmax>207</xmax>
			<ymin>20</ymin>
			<ymax>193</ymax>
		</bndbox>
	</object>
</annotation>
