<annotation>
	<folder></folder>
	<filename>Abid_Hamid_Mahmud_Al-Tikriti_0001_jpg.rf.e5d64716d59bdc495bc884ed01f0059d.jpg</filename>
	<path>Abid_Hamid_Mahmud_Al-Tikriti_0001_jpg.rf.e5d64716d59bdc495bc884ed01f0059d.jpg</path>
	<source>
		<database>roboflow.ai</database>
	</source>
	<size>
		<width>250</width>
		<height>250</height>
		<depth>3</depth>
	</size>
	<segmented>0</segmented>
	<object>
		<name>face</name>
		<pose>Unspecified</pose>
		<truncated>0</truncated>
		<difficult>0</difficult>
		<occluded>0</occluded>
		<bndbox>
			<xmin>76</xmin>
			<xmax>189</xmax>
			<ymin>46</ymin>
			<ymax>194</ymax>
		</bndbox>
	</object>
</annotation>
