<annotation>
	<folder></folder>
	<filename>Aby_Har-Even_0001_jpg.rf.25c237ae65ed268d333e38ddbc363f7a.jpg</filename>
	<path>Aby_Har-Even_0001_jpg.rf.25c237ae65ed268d333e38ddbc363f7a.jpg</path>
	<source>
		<database>roboflow.ai</database>
	</source>
	<size>
		<width>250</width>
		<height>250</height>
		<depth>3</depth>
	</size>
	<segmented>0</segmented>
	<object>
		<name>face</name>
		<pose>Unspecified</pose>
		<truncated>0</truncated>
		<difficult>0</difficult>
		<occluded>0</occluded>
		<bndbox>
			<xmin>69</xmin>
			<xmax>197</xmax>
			<ymin>32</ymin>
			<ymax>191</ymax>
		</bndbox>
	</object>
</annotation>
