<annotation>
	<folder></folder>
	<filename>Adam_Ant_0001_jpg.rf.9ea5a6cd890fb90c1463f9b5f7dd0e74.jpg</filename>
	<path>Adam_Ant_0001_jpg.rf.9ea5a6cd890fb90c1463f9b5f7dd0e74.jpg</path>
	<source>
		<database>roboflow.ai</database>
	</source>
	<size>
		<width>250</width>
		<height>250</height>
		<depth>3</depth>
	</size>
	<segmented>0</segmented>
	<object>
		<name>face</name>
		<pose>Unspecified</pose>
		<truncated>0</truncated>
		<difficult>0</difficult>
		<occluded>0</occluded>
		<bndbox>
			<xmin>53</xmin>
			<xmax>202</xmax>
			<ymin>5</ymin>
			<ymax>192</ymax>
		</bndbox>
	</object>
</annotation>
