<annotation>
	<folder></folder>
	<filename>Adam_Herbert_0001_jpg.rf.49019f8060cbb0b4d8db60d747acea00.jpg</filename>
	<path>Adam_Herbert_0001_jpg.rf.49019f8060cbb0b4d8db60d747acea00.jpg</path>
	<source>
		<database>roboflow.ai</database>
	</source>
	<size>
		<width>250</width>
		<height>250</height>
		<depth>3</depth>
	</size>
	<segmented>0</segmented>
	<object>
		<name>face</name>
		<pose>Unspecified</pose>
		<truncated>0</truncated>
		<difficult>0</difficult>
		<occluded>0</occluded>
		<bndbox>
			<xmin>60</xmin>
			<xmax>175</xmax>
			<ymin>29</ymin>
			<ymax>188</ymax>
		</bndbox>
	</object>
</annotation>
