<annotation>
	<folder></folder>
	<filename>Adelina_Avila_0001_jpg.rf.ef3c05a70b3eeff8d4e1dadaa60a7306.jpg</filename>
	<path>Adelina_Avila_0001_jpg.rf.ef3c05a70b3eeff8d4e1dadaa60a7306.jpg</path>
	<source>
		<database>roboflow.ai</database>
	</source>
	<size>
		<width>250</width>
		<height>250</height>
		<depth>3</depth>
	</size>
	<segmented>0</segmented>
	<object>
		<name>face</name>
		<pose>Unspecified</pose>
		<truncated>0</truncated>
		<difficult>0</difficult>
		<occluded>0</occluded>
		<bndbox>
			<xmin>53</xmin>
			<xmax>172</xmax>
			<ymin>27</ymin>
			<ymax>179</ymax>
		</bndbox>
	</object>
	<object>
		<name>hand</name>
		<pose>Unspecified</pose>
		<truncated>0</truncated>
		<difficult>0</difficult>
		<occluded>0</occluded>
		<bndbox>
			<xmin>1</xmin>
			<xmax>50</xmax>
			<ymin>119</ymin>
			<ymax>202</ymax>
		</bndbox>
	</object>
</annotation>
