<annotation>
	<folder></folder>
	<filename>Adel_Al-Jubeir_0002_jpg.rf.74f99a8615efae5de0ecb7e5b3f7b730.jpg</filename>
	<path>Adel_Al-Jubeir_0002_jpg.rf.74f99a8615efae5de0ecb7e5b3f7b730.jpg</path>
	<source>
		<database>roboflow.ai</database>
	</source>
	<size>
		<width>250</width>
		<height>250</height>
		<depth>3</depth>
	</size>
	<segmented>0</segmented>
	<object>
		<name>hand</name>
		<pose>Unspecified</pose>
		<truncated>0</truncated>
		<difficult>0</difficult>
		<occluded>0</occluded>
		<bndbox>
			<xmin>76</xmin>
			<xmax>207</xmax>
			<ymin>192</ymin>
			<ymax>237</ymax>
		</bndbox>
	</object>
	<object>
		<name>face</name>
		<pose>Unspecified</pose>
		<truncated>0</truncated>
		<difficult>0</difficult>
		<occluded>0</occluded>
		<bndbox>
			<xmin>62</xmin>
			<xmax>173</xmax>
			<ymin>45</ymin>
			<ymax>190</ymax>
		</bndbox>
	</object>
</annotation>
