<annotation>
	<folder></folder>
	<filename>Adel_Al-Jubeir_0001_jpg.rf.3e3599c9cd7e4d1621af877f86c21b40.jpg</filename>
	<path>Adel_Al-Jubeir_0001_jpg.rf.3e3599c9cd7e4d1621af877f86c21b40.jpg</path>
	<source>
		<database>roboflow.ai</database>
	</source>
	<size>
		<width>250</width>
		<height>250</height>
		<depth>3</depth>
	</size>
	<segmented>0</segmented>
	<object>
		<name>face</name>
		<pose>Unspecified</pose>
		<truncated>0</truncated>
		<difficult>0</difficult>
		<occluded>0</occluded>
		<bndbox>
			<xmin>59</xmin>
			<xmax>162</xmax>
			<ymin>37</ymin>
			<ymax>182</ymax>
		</bndbox>
	</object>
	<object>
		<name>hand</name>
		<pose>Unspecified</pose>
		<truncated>0</truncated>
		<difficult>0</difficult>
		<occluded>0</occluded>
		<bndbox>
			<xmin>108</xmin>
			<xmax>202</xmax>
			<ymin>139</ymin>
			<ymax>225</ymax>
		</bndbox>
	</object>
</annotation>
