<annotation>
	<folder></folder>
	<filename>Adisai_Bodharamik_0001_jpg.rf.931e597f0af3c6c5118910152c7ec52c.jpg</filename>
	<path>Adisai_Bodharamik_0001_jpg.rf.931e597f0af3c6c5118910152c7ec52c.jpg</path>
	<source>
		<database>roboflow.ai</database>
	</source>
	<size>
		<width>250</width>
		<height>250</height>
		<depth>3</depth>
	</size>
	<segmented>0</segmented>
	<object>
		<name>face</name>
		<pose>Unspecified</pose>
		<truncated>0</truncated>
		<difficult>0</difficult>
		<occluded>0</occluded>
		<bndbox>
			<xmin>51</xmin>
			<xmax>183</xmax>
			<ymin>40</ymin>
			<ymax>201</ymax>
		</bndbox>
	</object>
	<object>
		<name>hand</name>
		<pose>Unspecified</pose>
		<truncated>0</truncated>
		<difficult>0</difficult>
		<occluded>0</occluded>
		<bndbox>
			<xmin>1</xmin>
			<xmax>57</xmax>
			<ymin>114</ymin>
			<ymax>212</ymax>
		</bndbox>
	</object>
</annotation>
