<annotation>
	<folder></folder>
	<filename>Adoor_Gopalakarishnan_0001_jpg.rf.3a708e3ba78b7518d3ae14408fb8e23e.jpg</filename>
	<path>Adoor_Gopalakarishnan_0001_jpg.rf.3a708e3ba78b7518d3ae14408fb8e23e.jpg</path>
	<source>
		<database>roboflow.ai</database>
	</source>
	<size>
		<width>250</width>
		<height>250</height>
		<depth>3</depth>
	</size>
	<segmented>0</segmented>
	<object>
		<name>face</name>
		<pose>Unspecified</pose>
		<truncated>0</truncated>
		<difficult>0</difficult>
		<occluded>0</occluded>
		<bndbox>
			<xmin>61</xmin>
			<xmax>173</xmax>
			<ymin>54</ymin>
			<ymax>192</ymax>
		</bndbox>
	</object>
	<object>
		<name>hand</name>
		<pose>Unspecified</pose>
		<truncated>0</truncated>
		<difficult>0</difficult>
		<occluded>0</occluded>
		<bndbox>
			<xmin>65</xmin>
			<xmax>134</xmax>
			<ymin>116</ymin>
			<ymax>205</ymax>
		</bndbox>
	</object>
</annotation>
