<annotation>
	<folder></folder>
	<filename>Adriana_Perez_Navarro_0001_jpg.rf.24f2440e6941eb0aeb8041aec5332473.jpg</filename>
	<path>Adriana_Perez_Navarro_0001_jpg.rf.24f2440e6941eb0aeb8041aec5332473.jpg</path>
	<source>
		<database>roboflow.ai</database>
	</source>
	<size>
		<width>250</width>
		<height>250</height>
		<depth>3</depth>
	</size>
	<segmented>0</segmented>
	<object>
		<name>face</name>
		<pose>Unspecified</pose>
		<truncated>0</truncated>
		<difficult>0</difficult>
		<occluded>0</occluded>
		<bndbox>
			<xmin>74</xmin>
			<xmax>176</xmax>
			<ymin>49</ymin>
			<ymax>195</ymax>
		</bndbox>
	</object>
</annotation>
