<annotation>
	<folder></folder>
	<filename>Adrian_McPherson_0001_jpg.rf.67778334ec35f141eb13e3268e3b2048.jpg</filename>
	<path>Adrian_McPherson_0001_jpg.rf.67778334ec35f141eb13e3268e3b2048.jpg</path>
	<source>
		<database>roboflow.ai</database>
	</source>
	<size>
		<width>250</width>
		<height>250</height>
		<depth>3</depth>
	</size>
	<segmented>0</segmented>
	<object>
		<name>face</name>
		<pose>Unspecified</pose>
		<truncated>0</truncated>
		<difficult>0</difficult>
		<occluded>0</occluded>
		<bndbox>
			<xmin>61</xmin>
			<xmax>163</xmax>
			<ymin>32</ymin>
			<ymax>178</ymax>
		</bndbox>
	</object>
</annotation>
