<annotation>
	<folder></folder>
	<filename>Adrien_Brody_0012_jpg.rf.de974a674ccc85d2373c54dffb8e7dbf.jpg</filename>
	<path>Adrien_Brody_0012_jpg.rf.de974a674ccc85d2373c54dffb8e7dbf.jpg</path>
	<source>
		<database>roboflow.ai</database>
	</source>
	<size>
		<width>250</width>
		<height>250</height>
		<depth>3</depth>
	</size>
	<segmented>0</segmented>
	<object>
		<name>face</name>
		<pose>Unspecified</pose>
		<truncated>0</truncated>
		<difficult>0</difficult>
		<occluded>0</occluded>
		<bndbox>
			<xmin>92</xmin>
			<xmax>183</xmax>
			<ymin>68</ymin>
			<ymax>187</ymax>
		</bndbox>
	</object>
	<object>
		<name>hand</name>
		<pose>Unspecified</pose>
		<truncated>0</truncated>
		<difficult>0</difficult>
		<occluded>0</occluded>
		<bndbox>
			<xmin>155</xmin>
			<xmax>250</xmax>
			<ymin>121</ymin>
			<ymax>248</ymax>
		</bndbox>
	</object>
</annotation>
