<annotation>
	<folder></folder>
	<filename>Adrian_Murrell_0001_jpg.rf.f7d6d502f69cc42714ac287f94ee0ec9.jpg</filename>
	<path>Adrian_Murrell_0001_jpg.rf.f7d6d502f69cc42714ac287f94ee0ec9.jpg</path>
	<source>
		<database>roboflow.ai</database>
	</source>
	<size>
		<width>250</width>
		<height>250</height>
		<depth>3</depth>
	</size>
	<segmented>0</segmented>
	<object>
		<name>face</name>
		<pose>Unspecified</pose>
		<truncated>0</truncated>
		<difficult>0</difficult>
		<occluded>0</occluded>
		<bndbox>
			<xmin>75</xmin>
			<xmax>190</xmax>
			<ymin>47</ymin>
			<ymax>193</ymax>
		</bndbox>
	</object>
</annotation>
