<annotation>
	<folder></folder>
	<filename>Afton_Smith_0001_jpg.rf.3cd18c15c74513a96627fbe5884c46b5.jpg</filename>
	<path>Afton_Smith_0001_jpg.rf.3cd18c15c74513a96627fbe5884c46b5.jpg</path>
	<source>
		<database>roboflow.ai</database>
	</source>
	<size>
		<width>250</width>
		<height>250</height>
		<depth>3</depth>
	</size>
	<segmented>0</segmented>
	<object>
		<name>face</name>
		<pose>Unspecified</pose>
		<truncated>0</truncated>
		<difficult>0</difficult>
		<occluded>0</occluded>
		<bndbox>
			<xmin>89</xmin>
			<xmax>166</xmax>
			<ymin>63</ymin>
			<ymax>191</ymax>
		</bndbox>
	</object>
</annotation>
