<annotation>
	<folder></folder>
	<filename>Agbani_Darego_0001_jpg.rf.bba20907b6896e11a8e95a4d93351d75.jpg</filename>
	<path>Agbani_Darego_0001_jpg.rf.bba20907b6896e11a8e95a4d93351d75.jpg</path>
	<source>
		<database>roboflow.ai</database>
	</source>
	<size>
		<width>250</width>
		<height>250</height>
		<depth>3</depth>
	</size>
	<segmented>0</segmented>
	<object>
		<name>face</name>
		<pose>Unspecified</pose>
		<truncated>0</truncated>
		<difficult>0</difficult>
		<occluded>0</occluded>
		<bndbox>
			<xmin>84</xmin>
			<xmax>175</xmax>
			<ymin>53</ymin>
			<ymax>189</ymax>
		</bndbox>
	</object>
</annotation>
