<annotation>
	<folder></folder>
	<filename>Agnes_Bruckner_0001_jpg.rf.2235c15441ed095da6bd0fce1b059e66.jpg</filename>
	<path>Agnes_Bruckner_0001_jpg.rf.2235c15441ed095da6bd0fce1b059e66.jpg</path>
	<source>
		<database>roboflow.ai</database>
	</source>
	<size>
		<width>250</width>
		<height>250</height>
		<depth>3</depth>
	</size>
	<segmented>0</segmented>
	<object>
		<name>face</name>
		<pose>Unspecified</pose>
		<truncated>0</truncated>
		<difficult>0</difficult>
		<occluded>0</occluded>
		<bndbox>
			<xmin>85</xmin>
			<xmax>188</xmax>
			<ymin>56</ymin>
			<ymax>185</ymax>
		</bndbox>
	</object>
</annotation>
