<annotation>
	<folder></folder>
	<filename>Ahmad_Jbarah_0001_jpg.rf.c31dd12cefc4f79c3fc0620d464ff607.jpg</filename>
	<path>Ahmad_Jbarah_0001_jpg.rf.c31dd12cefc4f79c3fc0620d464ff607.jpg</path>
	<source>
		<database>roboflow.ai</database>
	</source>
	<size>
		<width>250</width>
		<height>250</height>
		<depth>3</depth>
	</size>
	<segmented>0</segmented>
	<object>
		<name>face</name>
		<pose>Unspecified</pose>
		<truncated>0</truncated>
		<difficult>0</difficult>
		<occluded>0</occluded>
		<bndbox>
			<xmin>68</xmin>
			<xmax>172</xmax>
			<ymin>42</ymin>
			<ymax>198</ymax>
		</bndbox>
	</object>
</annotation>
