<annotation>
	<folder></folder>
	<filename>Ahmed_Ghazi_0001_jpg.rf.8652dbb7d6cc41f913df83594da0d3a5.jpg</filename>
	<path>Ahmed_Ghazi_0001_jpg.rf.8652dbb7d6cc41f913df83594da0d3a5.jpg</path>
	<source>
		<database>roboflow.ai</database>
	</source>
	<size>
		<width>250</width>
		<height>250</height>
		<depth>3</depth>
	</size>
	<segmented>0</segmented>
	<object>
		<name>face</name>
		<pose>Unspecified</pose>
		<truncated>0</truncated>
		<difficult>0</difficult>
		<occluded>0</occluded>
		<bndbox>
			<xmin>60</xmin>
			<xmax>173</xmax>
			<ymin>39</ymin>
			<ymax>197</ymax>
		</bndbox>
	</object>
</annotation>
