<annotation>
	<folder></folder>
	<filename>Ahmed_Ibrahim_Bilal_0001_jpg.rf.27c36b0b02c7c89f32cd3a6028644516.jpg</filename>
	<path>Ahmed_Ibrahim_Bilal_0001_jpg.rf.27c36b0b02c7c89f32cd3a6028644516.jpg</path>
	<source>
		<database>roboflow.ai</database>
	</source>
	<size>
		<width>250</width>
		<height>250</height>
		<depth>3</depth>
	</size>
	<segmented>0</segmented>
	<object>
		<name>face</name>
		<pose>Unspecified</pose>
		<truncated>0</truncated>
		<difficult>0</difficult>
		<occluded>0</occluded>
		<bndbox>
			<xmin>73</xmin>
			<xmax>176</xmax>
			<ymin>52</ymin>
			<ymax>192</ymax>
		</bndbox>
	</object>
</annotation>
