<annotation>
	<folder></folder>
	<filename>Ai_Sugiyama_0001_jpg.rf.b81b2d64a455d5b43e0f64a3bbd44bf7.jpg</filename>
	<path>Ai_Sugiyama_0001_jpg.rf.b81b2d64a455d5b43e0f64a3bbd44bf7.jpg</path>
	<source>
		<database>roboflow.ai</database>
	</source>
	<size>
		<width>250</width>
		<height>250</height>
		<depth>3</depth>
	</size>
	<segmented>0</segmented>
	<object>
		<name>face</name>
		<pose>Unspecified</pose>
		<truncated>0</truncated>
		<difficult>0</difficult>
		<occluded>0</occluded>
		<bndbox>
			<xmin>87</xmin>
			<xmax>206</xmax>
			<ymin>64</ymin>
			<ymax>211</ymax>
		</bndbox>
	</object>
</annotation>
