<annotation>
	<folder></folder>
	<filename>Ai_Sugiyama_0003_jpg.rf.184b1db7794fcc4780e7617cf692f92b.jpg</filename>
	<path>Ai_Sugiyama_0003_jpg.rf.184b1db7794fcc4780e7617cf692f92b.jpg</path>
	<source>
		<database>roboflow.ai</database>
	</source>
	<size>
		<width>250</width>
		<height>250</height>
		<depth>3</depth>
	</size>
	<segmented>0</segmented>
	<object>
		<name>face</name>
		<pose>Unspecified</pose>
		<truncated>0</truncated>
		<difficult>0</difficult>
		<occluded>0</occluded>
		<bndbox>
			<xmin>85</xmin>
			<xmax>174</xmax>
			<ymin>63</ymin>
			<ymax>192</ymax>
		</bndbox>
	</object>
	<object>
		<name>hand</name>
		<pose>Unspecified</pose>
		<truncated>0</truncated>
		<difficult>0</difficult>
		<occluded>0</occluded>
		<bndbox>
			<xmin>179</xmin>
			<xmax>239</xmax>
			<ymin>125</ymin>
			<ymax>212</ymax>
		</bndbox>
	</object>
</annotation>
