<annotation>
	<folder></folder>
	<filename>Aicha_El_Ouafi_0003_jpg.rf.308059ee515a284853879f4d05baae57.jpg</filename>
	<path>Aicha_El_Ouafi_0003_jpg.rf.308059ee515a284853879f4d05baae57.jpg</path>
	<source>
		<database>roboflow.ai</database>
	</source>
	<size>
		<width>250</width>
		<height>250</height>
		<depth>3</depth>
	</size>
	<segmented>0</segmented>
	<object>
		<name>face</name>
		<pose>Unspecified</pose>
		<truncated>0</truncated>
		<difficult>0</difficult>
		<occluded>0</occluded>
		<bndbox>
			<xmin>74</xmin>
			<xmax>171</xmax>
			<ymin>60</ymin>
			<ymax>201</ymax>
		</bndbox>
	</object>
	<object>
		<name>hand</name>
		<pose>Unspecified</pose>
		<truncated>0</truncated>
		<difficult>0</difficult>
		<occluded>0</occluded>
		<bndbox>
			<xmin>170</xmin>
			<xmax>231</xmax>
			<ymin>101</ymin>
			<ymax>214</ymax>
		</bndbox>
	</object>
</annotation>
