<annotation>
	<folder></folder>
	<filename>Aileen_Riggin_Soule_0001_jpg.rf.79714039f0d100007977294efe2eb3bc.jpg</filename>
	<path>Aileen_Riggin_Soule_0001_jpg.rf.79714039f0d100007977294efe2eb3bc.jpg</path>
	<source>
		<database>roboflow.ai</database>
	</source>
	<size>
		<width>250</width>
		<height>250</height>
		<depth>3</depth>
	</size>
	<segmented>0</segmented>
	<object>
		<name>face</name>
		<pose>Unspecified</pose>
		<truncated>0</truncated>
		<difficult>0</difficult>
		<occluded>0</occluded>
		<bndbox>
			<xmin>67</xmin>
			<xmax>179</xmax>
			<ymin>46</ymin>
			<ymax>209</ymax>
		</bndbox>
	</object>
</annotation>
