<annotation>
	<folder></folder>
	<filename>Ainsworth_Dyer_0001_jpg.rf.22302a4a2013123ca77695973c2e5a4c.jpg</filename>
	<path>Ainsworth_Dyer_0001_jpg.rf.22302a4a2013123ca77695973c2e5a4c.jpg</path>
	<source>
		<database>roboflow.ai</database>
	</source>
	<size>
		<width>250</width>
		<height>250</height>
		<depth>3</depth>
	</size>
	<segmented>0</segmented>
	<object>
		<name>face</name>
		<pose>Unspecified</pose>
		<truncated>0</truncated>
		<difficult>0</difficult>
		<occluded>0</occluded>
		<bndbox>
			<xmin>81</xmin>
			<xmax>178</xmax>
			<ymin>78</ymin>
			<ymax>197</ymax>
		</bndbox>
	</object>
</annotation>
