<annotation>
	<folder></folder>
	<filename>Aishwarya_Rai_0001_jpg.rf.ecbde575e5e7f618d260177239990320.jpg</filename>
	<path>Aishwarya_Rai_0001_jpg.rf.ecbde575e5e7f618d260177239990320.jpg</path>
	<source>
		<database>roboflow.ai</database>
	</source>
	<size>
		<width>250</width>
		<height>250</height>
		<depth>3</depth>
	</size>
	<segmented>0</segmented>
	<object>
		<name>face</name>
		<pose>Unspecified</pose>
		<truncated>0</truncated>
		<difficult>0</difficult>
		<occluded>0</occluded>
		<bndbox>
			<xmin>81</xmin>
			<xmax>171</xmax>
			<ymin>61</ymin>
			<ymax>192</ymax>
		</bndbox>
	</object>
	<object>
		<name>face</name>
		<pose>Unspecified</pose>
		<truncated>0</truncated>
		<difficult>0</difficult>
		<occluded>0</occluded>
		<bndbox>
			<xmin>204</xmin>
			<xmax>244</xmax>
			<ymin>135</ymin>
			<ymax>197</ymax>
		</bndbox>
	</object>
	<object>
		<name>hand</name>
		<pose>Unspecified</pose>
		<truncated>0</truncated>
		<difficult>0</difficult>
		<occluded>0</occluded>
		<bndbox>
			<xmin>217</xmin>
			<xmax>245</xmax>
			<ymin>12</ymin>
			<ymax>88</ymax>
		</bndbox>
	</object>
</annotation>
