<annotation>
	<folder></folder>
	<filename>Aiysha_Smith_0001_jpg.rf.4ad48ba0aa83eecfe50a44dbe5337d5d.jpg</filename>
	<path>Aiysha_Smith_0001_jpg.rf.4ad48ba0aa83eecfe50a44dbe5337d5d.jpg</path>
	<source>
		<database>roboflow.ai</database>
	</source>
	<size>
		<width>250</width>
		<height>250</height>
		<depth>3</depth>
	</size>
	<segmented>0</segmented>
	<object>
		<name>face</name>
		<pose>Unspecified</pose>
		<truncated>0</truncated>
		<difficult>0</difficult>
		<occluded>0</occluded>
		<bndbox>
			<xmin>65</xmin>
			<xmax>156</xmax>
			<ymin>55</ymin>
			<ymax>188</ymax>
		</bndbox>
	</object>
</annotation>
