<annotation>
	<folder></folder>
	<filename>Ajit_Agarkar_0001_jpg.rf.b2629281ddd1ed09311377768bcefe7d.jpg</filename>
	<path>Ajit_Agarkar_0001_jpg.rf.b2629281ddd1ed09311377768bcefe7d.jpg</path>
	<source>
		<database>roboflow.ai</database>
	</source>
	<size>
		<width>250</width>
		<height>250</height>
		<depth>3</depth>
	</size>
	<segmented>0</segmented>
	<object>
		<name>face</name>
		<pose>Unspecified</pose>
		<truncated>0</truncated>
		<difficult>0</difficult>
		<occluded>0</occluded>
		<bndbox>
			<xmin>90</xmin>
			<xmax>176</xmax>
			<ymin>73</ymin>
			<ymax>196</ymax>
		</bndbox>
	</object>
</annotation>
