<annotation>
	<folder></folder>
	<filename>Akmal_Taher_0001_jpg.rf.257f2a0537cf96a0be6f650bc5357c80.jpg</filename>
	<path>Akmal_Taher_0001_jpg.rf.257f2a0537cf96a0be6f650bc5357c80.jpg</path>
	<source>
		<database>roboflow.ai</database>
	</source>
	<size>
		<width>250</width>
		<height>250</height>
		<depth>3</depth>
	</size>
	<segmented>0</segmented>
	<object>
		<name>face</name>
		<pose>Unspecified</pose>
		<truncated>0</truncated>
		<difficult>0</difficult>
		<occluded>0</occluded>
		<bndbox>
			<xmin>91</xmin>
			<xmax>186</xmax>
			<ymin>62</ymin>
			<ymax>191</ymax>
		</bndbox>
	</object>
</annotation>
