<annotation>
	<folder></folder>
	<filename>Al_Gore_0001_jpg.rf.805c4a07a02fdecb6d7d3f2457ace38d.jpg</filename>
	<path>Al_Gore_0001_jpg.rf.805c4a07a02fdecb6d7d3f2457ace38d.jpg</path>
	<source>
		<database>roboflow.ai</database>
	</source>
	<size>
		<width>250</width>
		<height>250</height>
		<depth>3</depth>
	</size>
	<segmented>0</segmented>
	<object>
		<name>face</name>
		<pose>Unspecified</pose>
		<truncated>0</truncated>
		<difficult>0</difficult>
		<occluded>0</occluded>
		<bndbox>
			<xmin>87</xmin>
			<xmax>192</xmax>
			<ymin>56</ymin>
			<ymax>200</ymax>
		</bndbox>
	</object>
	<object>
		<name>hand</name>
		<pose>Unspecified</pose>
		<truncated>0</truncated>
		<difficult>0</difficult>
		<occluded>0</occluded>
		<bndbox>
			<xmin>174</xmin>
			<xmax>249</xmax>
			<ymin>99</ymin>
			<ymax>207</ymax>
		</bndbox>
	</object>
</annotation>
