<annotation>
	<folder></folder>
	<filename>Al_Sharpton_0004_jpg.rf.c8bc79b4c65b08c9536ec4e090c24dad.jpg</filename>
	<path>Al_Sharpton_0004_jpg.rf.c8bc79b4c65b08c9536ec4e090c24dad.jpg</path>
	<source>
		<database>roboflow.ai</database>
	</source>
	<size>
		<width>250</width>
		<height>250</height>
		<depth>3</depth>
	</size>
	<segmented>0</segmented>
	<object>
		<name>face</name>
		<pose>Unspecified</pose>
		<truncated>0</truncated>
		<difficult>0</difficult>
		<occluded>0</occluded>
		<bndbox>
			<xmin>43</xmin>
			<xmax>173</xmax>
			<ymin>33</ymin>
			<ymax>235</ymax>
		</bndbox>
	</object>
</annotation>
