<annotation>
	<folder></folder>
	<filename>Al_Sharpton_0007_jpg.rf.f894e7937cdd2a9dda96126b3179da15.jpg</filename>
	<path>Al_Sharpton_0007_jpg.rf.f894e7937cdd2a9dda96126b3179da15.jpg</path>
	<source>
		<database>roboflow.ai</database>
	</source>
	<size>
		<width>250</width>
		<height>250</height>
		<depth>3</depth>
	</size>
	<segmented>0</segmented>
	<object>
		<name>face</name>
		<pose>Unspecified</pose>
		<truncated>0</truncated>
		<difficult>0</difficult>
		<occluded>0</occluded>
		<bndbox>
			<xmin>89</xmin>
			<xmax>182</xmax>
			<ymin>53</ymin>
			<ymax>208</ymax>
		</bndbox>
	</object>
</annotation>
