<annotation>
	<folder></folder>
	<filename>Al_Sharpton_0006_jpg.rf.80ad9d31e616d52c204d002c8d7a1c44.jpg</filename>
	<path>Al_Sharpton_0006_jpg.rf.80ad9d31e616d52c204d002c8d7a1c44.jpg</path>
	<source>
		<database>roboflow.ai</database>
	</source>
	<size>
		<width>250</width>
		<height>250</height>
		<depth>3</depth>
	</size>
	<segmented>0</segmented>
	<object>
		<name>face</name>
		<pose>Unspecified</pose>
		<truncated>0</truncated>
		<difficult>0</difficult>
		<occluded>0</occluded>
		<bndbox>
			<xmin>80</xmin>
			<xmax>172</xmax>
			<ymin>49</ymin>
			<ymax>202</ymax>
		</bndbox>
	</object>
	<object>
		<name>hand</name>
		<pose>Unspecified</pose>
		<truncated>0</truncated>
		<difficult>0</difficult>
		<occluded>0</occluded>
		<bndbox>
			<xmin>31</xmin>
			<xmax>92</xmax>
			<ymin>180</ymin>
			<ymax>250</ymax>
		</bndbox>
	</object>
</annotation>
