<annotation>
	<folder></folder>
	<filename>Alanis_Morissette_0001_jpg.rf.26f4ae8961988bcf9539a5666ee62ad6.jpg</filename>
	<path>Alanis_Morissette_0001_jpg.rf.26f4ae8961988bcf9539a5666ee62ad6.jpg</path>
	<source>
		<database>roboflow.ai</database>
	</source>
	<size>
		<width>250</width>
		<height>250</height>
		<depth>3</depth>
	</size>
	<segmented>0</segmented>
	<object>
		<name>face</name>
		<pose>Unspecified</pose>
		<truncated>0</truncated>
		<difficult>0</difficult>
		<occluded>0</occluded>
		<bndbox>
			<xmin>86</xmin>
			<xmax>178</xmax>
			<ymin>78</ymin>
			<ymax>206</ymax>
		</bndbox>
	</object>
</annotation>
