<annotation>
	<folder></folder>
	<filename>Alanna_Ubach_0001_jpg.rf.8674fd0cf71219624fc0d7492afa55e6.jpg</filename>
	<path>Alanna_Ubach_0001_jpg.rf.8674fd0cf71219624fc0d7492afa55e6.jpg</path>
	<source>
		<database>roboflow.ai</database>
	</source>
	<size>
		<width>250</width>
		<height>250</height>
		<depth>3</depth>
	</size>
	<segmented>0</segmented>
	<object>
		<name>face</name>
		<pose>Unspecified</pose>
		<truncated>0</truncated>
		<difficult>0</difficult>
		<occluded>0</occluded>
		<bndbox>
			<xmin>67</xmin>
			<xmax>162</xmax>
			<ymin>92</ymin>
			<ymax>197</ymax>
		</bndbox>
	</object>
</annotation>
