<annotation>
	<folder></folder>
	<filename>Alan_Tang_Kwong-wing_0001_jpg.rf.1e04eec37f089507f4cf60dfff7adf53.jpg</filename>
	<path>Alan_Tang_Kwong-wing_0001_jpg.rf.1e04eec37f089507f4cf60dfff7adf53.jpg</path>
	<source>
		<database>roboflow.ai</database>
	</source>
	<size>
		<width>250</width>
		<height>250</height>
		<depth>3</depth>
	</size>
	<segmented>0</segmented>
	<object>
		<name>face</name>
		<pose>Unspecified</pose>
		<truncated>0</truncated>
		<difficult>0</difficult>
		<occluded>0</occluded>
		<bndbox>
			<xmin>72</xmin>
			<xmax>166</xmax>
			<ymin>68</ymin>
			<ymax>188</ymax>
		</bndbox>
	</object>
</annotation>
