<annotation>
	<folder></folder>
	<filename>Alan_Greenspan_0002_jpg.rf.e294a9eebf98fb8208e0462300e75b66.jpg</filename>
	<path>Alan_Greenspan_0002_jpg.rf.e294a9eebf98fb8208e0462300e75b66.jpg</path>
	<source>
		<database>roboflow.ai</database>
	</source>
	<size>
		<width>250</width>
		<height>250</height>
		<depth>3</depth>
	</size>
	<segmented>0</segmented>
	<object>
		<name>face</name>
		<pose>Unspecified</pose>
		<truncated>0</truncated>
		<difficult>0</difficult>
		<occluded>0</occluded>
		<bndbox>
			<xmin>77</xmin>
			<xmax>176</xmax>
			<ymin>70</ymin>
			<ymax>186</ymax>
		</bndbox>
	</object>
</annotation>
