<annotation>
	<folder></folder>
	<filename>Alan_Zemaitis_0001_jpg.rf.1eafdb3d9c725657b00c9f52b7bcd5f8.jpg</filename>
	<path>Alan_Zemaitis_0001_jpg.rf.1eafdb3d9c725657b00c9f52b7bcd5f8.jpg</path>
	<source>
		<database>roboflow.ai</database>
	</source>
	<size>
		<width>250</width>
		<height>250</height>
		<depth>3</depth>
	</size>
	<segmented>0</segmented>
	<object>
		<name>face</name>
		<pose>Unspecified</pose>
		<truncated>0</truncated>
		<difficult>0</difficult>
		<occluded>0</occluded>
		<bndbox>
			<xmin>85</xmin>
			<xmax>187</xmax>
			<ymin>95</ymin>
			<ymax>207</ymax>
		</bndbox>
	</object>
</annotation>
