<annotation>
	<folder></folder>
	<filename>Albaro_Recoba_0001_jpg.rf.2cdf5153e854919d8bf5fb63f9a8db82.jpg</filename>
	<path>Albaro_Recoba_0001_jpg.rf.2cdf5153e854919d8bf5fb63f9a8db82.jpg</path>
	<source>
		<database>roboflow.ai</database>
	</source>
	<size>
		<width>250</width>
		<height>250</height>
		<depth>3</depth>
	</size>
	<segmented>0</segmented>
	<object>
		<name>face</name>
		<pose>Unspecified</pose>
		<truncated>0</truncated>
		<difficult>0</difficult>
		<occluded>0</occluded>
		<bndbox>
			<xmin>78</xmin>
			<xmax>172</xmax>
			<ymin>95</ymin>
			<ymax>187</ymax>
		</bndbox>
	</object>
	<object>
		<name>hand</name>
		<pose>Unspecified</pose>
		<truncated>0</truncated>
		<difficult>0</difficult>
		<occluded>0</occluded>
		<bndbox>
			<xmin>3</xmin>
			<xmax>72</xmax>
			<ymin>93</ymin>
			<ymax>197</ymax>
		</bndbox>
	</object>
</annotation>
