<annotation>
	<folder></folder>
	<filename>Alberto_Fujimori_0001_jpg.rf.8bb330ad5e97ef2d8b1e6a2e7d2b0c30.jpg</filename>
	<path>Alberto_Fujimori_0001_jpg.rf.8bb330ad5e97ef2d8b1e6a2e7d2b0c30.jpg</path>
	<source>
		<database>roboflow.ai</database>
	</source>
	<size>
		<width>250</width>
		<height>250</height>
		<depth>3</depth>
	</size>
	<segmented>0</segmented>
	<object>
		<name>face</name>
		<pose>Unspecified</pose>
		<truncated>0</truncated>
		<difficult>0</difficult>
		<occluded>0</occluded>
		<bndbox>
			<xmin>66</xmin>
			<xmax>178</xmax>
			<ymin>85</ymin>
			<ymax>205</ymax>
		</bndbox>
	</object>
</annotation>
