<annotation>
	<folder></folder>
	<filename>Alberto_Fujimori_0002_jpg.rf.219ded2b8d9bd36eda79e5eadfaba61c.jpg</filename>
	<path>Alberto_Fujimori_0002_jpg.rf.219ded2b8d9bd36eda79e5eadfaba61c.jpg</path>
	<source>
		<database>roboflow.ai</database>
	</source>
	<size>
		<width>250</width>
		<height>250</height>
		<depth>3</depth>
	</size>
	<segmented>0</segmented>
	<object>
		<name>face</name>
		<pose>Unspecified</pose>
		<truncated>0</truncated>
		<difficult>0</difficult>
		<occluded>0</occluded>
		<bndbox>
			<xmin>78</xmin>
			<xmax>194</xmax>
			<ymin>92</ymin>
			<ymax>205</ymax>
		</bndbox>
	</object>
</annotation>
