<annotation>
	<folder></folder>
	<filename>Alberta_Lee_0001_jpg.rf.568440eb2065258a781f6e543f5cb1a4.jpg</filename>
	<path>Alberta_Lee_0001_jpg.rf.568440eb2065258a781f6e543f5cb1a4.jpg</path>
	<source>
		<database>roboflow.ai</database>
	</source>
	<size>
		<width>250</width>
		<height>250</height>
		<depth>3</depth>
	</size>
	<segmented>0</segmented>
	<object>
		<name>face</name>
		<pose>Unspecified</pose>
		<truncated>0</truncated>
		<difficult>0</difficult>
		<occluded>0</occluded>
		<bndbox>
			<xmin>83</xmin>
			<xmax>184</xmax>
			<ymin>62</ymin>
			<ymax>193</ymax>
		</bndbox>
	</object>
	<object>
		<name>face</name>
		<pose>Unspecified</pose>
		<truncated>0</truncated>
		<difficult>0</difficult>
		<occluded>0</occluded>
		<bndbox>
			<xmin>1</xmin>
			<xmax>89</xmax>
			<ymin>163</ymin>
			<ymax>250</ymax>
		</bndbox>
	</object>
</annotation>
