<annotation>
	<folder></folder>
	<filename>Alejandro_Toledo_0039_jpg.rf.ad38981b0643145724acd6368af74236.jpg</filename>
	<path>Alejandro_Toledo_0039_jpg.rf.ad38981b0643145724acd6368af74236.jpg</path>
	<source>
		<database>roboflow.ai</database>
	</source>
	<size>
		<width>250</width>
		<height>250</height>
		<depth>3</depth>
	</size>
	<segmented>0</segmented>
	<object>
		<name>face</name>
		<pose>Unspecified</pose>
		<truncated>0</truncated>
		<difficult>0</difficult>
		<occluded>0</occluded>
		<bndbox>
			<xmin>78</xmin>
			<xmax>164</xmax>
			<ymin>62</ymin>
			<ymax>187</ymax>
		</bndbox>
	</object>
</annotation>
