<annotation>
	<folder></folder>
	<filename>Alejandro_Toledo_0026_jpg.rf.1ef2743795746fc2269ab64312813825.jpg</filename>
	<path>Alejandro_Toledo_0026_jpg.rf.1ef2743795746fc2269ab64312813825.jpg</path>
	<source>
		<database>roboflow.ai</database>
	</source>
	<size>
		<width>250</width>
		<height>250</height>
		<depth>3</depth>
	</size>
	<segmented>0</segmented>
	<object>
		<name>face</name>
		<pose>Unspecified</pose>
		<truncated>0</truncated>
		<difficult>0</difficult>
		<occluded>0</occluded>
		<bndbox>
			<xmin>85</xmin>
			<xmax>174</xmax>
			<ymin>59</ymin>
			<ymax>191</ymax>
		</bndbox>
	</object>
</annotation>
