<annotation>
	<folder></folder>
	<filename>Alejandro_Avila_0002_jpg.rf.dfcbe0733a5ce707e466f3a394bbbbbd.jpg</filename>
	<path>Alejandro_Avila_0002_jpg.rf.dfcbe0733a5ce707e466f3a394bbbbbd.jpg</path>
	<source>
		<database>roboflow.ai</database>
	</source>
	<size>
		<width>250</width>
		<height>250</height>
		<depth>3</depth>
	</size>
	<segmented>0</segmented>
	<object>
		<name>face</name>
		<pose>Unspecified</pose>
		<truncated>0</truncated>
		<difficult>0</difficult>
		<occluded>0</occluded>
		<bndbox>
			<xmin>84</xmin>
			<xmax>172</xmax>
			<ymin>81</ymin>
			<ymax>188</ymax>
		</bndbox>
	</object>
</annotation>
