<annotation>
	<folder></folder>
	<filename>Alejandro_Avila_0001_jpg.rf.1411eaf529431bedb19b76e978832e99.jpg</filename>
	<path>Alejandro_Avila_0001_jpg.rf.1411eaf529431bedb19b76e978832e99.jpg</path>
	<source>
		<database>roboflow.ai</database>
	</source>
	<size>
		<width>250</width>
		<height>250</height>
		<depth>3</depth>
	</size>
	<segmented>0</segmented>
	<object>
		<name>face</name>
		<pose>Unspecified</pose>
		<truncated>0</truncated>
		<difficult>0</difficult>
		<occluded>0</occluded>
		<bndbox>
			<xmin>75</xmin>
			<xmax>173</xmax>
			<ymin>77</ymin>
			<ymax>196</ymax>
		</bndbox>
	</object>
</annotation>
