<annotation>
	<folder></folder>
	<filename>Alejandro_Toledo_0004_jpg.rf.eb91a556c1a8afec99303f9fa3402af8.jpg</filename>
	<path>Alejandro_Toledo_0004_jpg.rf.eb91a556c1a8afec99303f9fa3402af8.jpg</path>
	<source>
		<database>roboflow.ai</database>
	</source>
	<size>
		<width>250</width>
		<height>250</height>
		<depth>3</depth>
	</size>
	<segmented>0</segmented>
	<object>
		<name>face</name>
		<pose>Unspecified</pose>
		<truncated>0</truncated>
		<difficult>0</difficult>
		<occluded>0</occluded>
		<bndbox>
			<xmin>78</xmin>
			<xmax>170</xmax>
			<ymin>67</ymin>
			<ymax>192</ymax>
		</bndbox>
	</object>
</annotation>
