<annotation>
	<folder></folder>
	<filename>Alejandro_Avila_0003_jpg.rf.009d9bbc27f01c4cbf635d5e1c2e8a8b.jpg</filename>
	<path>Alejandro_Avila_0003_jpg.rf.009d9bbc27f01c4cbf635d5e1c2e8a8b.jpg</path>
	<source>
		<database>roboflow.ai</database>
	</source>
	<size>
		<width>250</width>
		<height>250</height>
		<depth>3</depth>
	</size>
	<segmented>0</segmented>
	<object>
		<name>face</name>
		<pose>Unspecified</pose>
		<truncated>0</truncated>
		<difficult>0</difficult>
		<occluded>0</occluded>
		<bndbox>
			<xmin>160</xmin>
			<xmax>248</xmax>
			<ymin>33</ymin>
			<ymax>146</ymax>
		</bndbox>
	</object>
	<object>
		<name>face</name>
		<pose>Unspecified</pose>
		<truncated>0</truncated>
		<difficult>0</difficult>
		<occluded>0</occluded>
		<bndbox>
			<xmin>84</xmin>
			<xmax>174</xmax>
			<ymin>76</ymin>
			<ymax>192</ymax>
		</bndbox>
	</object>
</annotation>
