<annotation>
	<folder></folder>
	<filename>Alejandro_Toledo_0023_jpg.rf.1dfff83acca85f001b92d57592a3eb73.jpg</filename>
	<path>Alejandro_Toledo_0023_jpg.rf.1dfff83acca85f001b92d57592a3eb73.jpg</path>
	<source>
		<database>roboflow.ai</database>
	</source>
	<size>
		<width>250</width>
		<height>250</height>
		<depth>3</depth>
	</size>
	<segmented>0</segmented>
	<object>
		<name>face</name>
		<pose>Unspecified</pose>
		<truncated>0</truncated>
		<difficult>0</difficult>
		<occluded>0</occluded>
		<bndbox>
			<xmin>77</xmin>
			<xmax>186</xmax>
			<ymin>74</ymin>
			<ymax>206</ymax>
		</bndbox>
	</object>
	<object>
		<name>hand</name>
		<pose>Unspecified</pose>
		<truncated>0</truncated>
		<difficult>0</difficult>
		<occluded>0</occluded>
		<bndbox>
			<xmin>152</xmin>
			<xmax>225</xmax>
			<ymin>1</ymin>
			<ymax>67</ymax>
		</bndbox>
	</object>
</annotation>
