<annotation>
	<folder></folder>
	<filename>Alejandro_Toledo_0003_jpg.rf.781324ec3c0c768c1d260a0aee5dff2c.jpg</filename>
	<path>Alejandro_Toledo_0003_jpg.rf.781324ec3c0c768c1d260a0aee5dff2c.jpg</path>
	<source>
		<database>roboflow.ai</database>
	</source>
	<size>
		<width>250</width>
		<height>250</height>
		<depth>3</depth>
	</size>
	<segmented>0</segmented>
	<object>
		<name>face</name>
		<pose>Unspecified</pose>
		<truncated>0</truncated>
		<difficult>0</difficult>
		<occluded>0</occluded>
		<bndbox>
			<xmin>74</xmin>
			<xmax>160</xmax>
			<ymin>72</ymin>
			<ymax>187</ymax>
		</bndbox>
	</object>
	<object>
		<name>face</name>
		<pose>Unspecified</pose>
		<truncated>0</truncated>
		<difficult>0</difficult>
		<occluded>0</occluded>
		<bndbox>
			<xmin>200</xmin>
			<xmax>250</xmax>
			<ymin>96</ymin>
			<ymax>203</ymax>
		</bndbox>
	</object>
</annotation>
