<annotation>
	<folder></folder>
	<filename>Alejandro_Toledo_0038_jpg.rf.04efa5a3044e3353632b1cac1cdc11a5.jpg</filename>
	<path>Alejandro_Toledo_0038_jpg.rf.04efa5a3044e3353632b1cac1cdc11a5.jpg</path>
	<source>
		<database>roboflow.ai</database>
	</source>
	<size>
		<width>250</width>
		<height>250</height>
		<depth>3</depth>
	</size>
	<segmented>0</segmented>
	<object>
		<name>face</name>
		<pose>Unspecified</pose>
		<truncated>0</truncated>
		<difficult>0</difficult>
		<occluded>0</occluded>
		<bndbox>
			<xmin>71</xmin>
			<xmax>166</xmax>
			<ymin>78</ymin>
			<ymax>190</ymax>
		</bndbox>
	</object>
	<object>
		<name>hand</name>
		<pose>Unspecified</pose>
		<truncated>0</truncated>
		<difficult>0</difficult>
		<occluded>0</occluded>
		<bndbox>
			<xmin>104</xmin>
			<xmax>182</xmax>
			<ymin>162</ymin>
			<ymax>246</ymax>
		</bndbox>
	</object>
</annotation>
