<annotation>
	<folder></folder>
	<filename>Alejandro_Toledo_0007_jpg.rf.bca849b30b240a7f48bf5329950ca800.jpg</filename>
	<path>Alejandro_Toledo_0007_jpg.rf.bca849b30b240a7f48bf5329950ca800.jpg</path>
	<source>
		<database>roboflow.ai</database>
	</source>
	<size>
		<width>250</width>
		<height>250</height>
		<depth>3</depth>
	</size>
	<segmented>0</segmented>
	<object>
		<name>face</name>
		<pose>Unspecified</pose>
		<truncated>0</truncated>
		<difficult>0</difficult>
		<occluded>0</occluded>
		<bndbox>
			<xmin>80</xmin>
			<xmax>184</xmax>
			<ymin>71</ymin>
			<ymax>197</ymax>
		</bndbox>
	</object>
</annotation>
