<annotation>
	<folder></folder>
	<filename>Alejandro_Toledo_0016_jpg.rf.582408213593052f8cede09317931b89.jpg</filename>
	<path>Alejandro_Toledo_0016_jpg.rf.582408213593052f8cede09317931b89.jpg</path>
	<source>
		<database>roboflow.ai</database>
	</source>
	<size>
		<width>250</width>
		<height>250</height>
		<depth>3</depth>
	</size>
	<segmented>0</segmented>
	<object>
		<name>face</name>
		<pose>Unspecified</pose>
		<truncated>0</truncated>
		<difficult>0</difficult>
		<occluded>0</occluded>
		<bndbox>
			<xmin>86</xmin>
			<xmax>172</xmax>
			<ymin>64</ymin>
			<ymax>191</ymax>
		</bndbox>
	</object>
	<object>
		<name>hand</name>
		<pose>Unspecified</pose>
		<truncated>0</truncated>
		<difficult>0</difficult>
		<occluded>0</occluded>
		<bndbox>
			<xmin>16</xmin>
			<xmax>62</xmax>
			<ymin>165</ymin>
			<ymax>250</ymax>
		</bndbox>
	</object>
</annotation>
