<annotation>
	<folder></folder>
	<filename>Alek_Wek_0001_jpg.rf.d47d6510be77bed14a7dbecdd73a4c31.jpg</filename>
	<path>Alek_Wek_0001_jpg.rf.d47d6510be77bed14a7dbecdd73a4c31.jpg</path>
	<source>
		<database>roboflow.ai</database>
	</source>
	<size>
		<width>250</width>
		<height>250</height>
		<depth>3</depth>
	</size>
	<segmented>0</segmented>
	<object>
		<name>face</name>
		<pose>Unspecified</pose>
		<truncated>0</truncated>
		<difficult>0</difficult>
		<occluded>0</occluded>
		<bndbox>
			<xmin>75</xmin>
			<xmax>169</xmax>
			<ymin>59</ymin>
			<ymax>189</ymax>
		</bndbox>
	</object>
</annotation>
