<annotation>
	<folder></folder>
	<filename>Alessandro_Nesta_0001_jpg.rf.fe6fac5d95240327bb304503a76bce24.jpg</filename>
	<path>Alessandro_Nesta_0001_jpg.rf.fe6fac5d95240327bb304503a76bce24.jpg</path>
	<source>
		<database>roboflow.ai</database>
	</source>
	<size>
		<width>250</width>
		<height>250</height>
		<depth>3</depth>
	</size>
	<segmented>0</segmented>
	<object>
		<name>face</name>
		<pose>Unspecified</pose>
		<truncated>0</truncated>
		<difficult>0</difficult>
		<occluded>0</occluded>
		<bndbox>
			<xmin>75</xmin>
			<xmax>171</xmax>
			<ymin>91</ymin>
			<ymax>192</ymax>
		</bndbox>
	</object>
</annotation>
