<annotation>
	<folder></folder>
	<filename>Alessandra_Cerna_0001_jpg.rf.eac49686592aad66e12f22eb2d5c5910.jpg</filename>
	<path>Alessandra_Cerna_0001_jpg.rf.eac49686592aad66e12f22eb2d5c5910.jpg</path>
	<source>
		<database>roboflow.ai</database>
	</source>
	<size>
		<width>250</width>
		<height>250</height>
		<depth>3</depth>
	</size>
	<segmented>0</segmented>
	<object>
		<name>face</name>
		<pose>Unspecified</pose>
		<truncated>0</truncated>
		<difficult>0</difficult>
		<occluded>0</occluded>
		<bndbox>
			<xmin>76</xmin>
			<xmax>161</xmax>
			<ymin>82</ymin>
			<ymax>182</ymax>
		</bndbox>
	</object>
</annotation>
