<annotation>
	<folder></folder>
	<filename>Alexandra_Jackson_0001_jpg.rf.0581cfc7cd8dbfc8e5f99fbe5a8609a9.jpg</filename>
	<path>Alexandra_Jackson_0001_jpg.rf.0581cfc7cd8dbfc8e5f99fbe5a8609a9.jpg</path>
	<source>
		<database>roboflow.ai</database>
	</source>
	<size>
		<width>250</width>
		<height>250</height>
		<depth>3</depth>
	</size>
	<segmented>0</segmented>
	<object>
		<name>face</name>
		<pose>Unspecified</pose>
		<truncated>0</truncated>
		<difficult>0</difficult>
		<occluded>0</occluded>
		<bndbox>
			<xmin>103</xmin>
			<xmax>181</xmax>
			<ymin>96</ymin>
			<ymax>184</ymax>
		</bndbox>
	</object>
</annotation>
