<annotation>
	<folder></folder>
	<filename>Alexandra_Pelosi_0001_jpg.rf.0c90bc8bfaf973c6ba04942c8b8ac0e4.jpg</filename>
	<path>Alexandra_Pelosi_0001_jpg.rf.0c90bc8bfaf973c6ba04942c8b8ac0e4.jpg</path>
	<source>
		<database>roboflow.ai</database>
	</source>
	<size>
		<width>250</width>
		<height>250</height>
		<depth>3</depth>
	</size>
	<segmented>0</segmented>
	<object>
		<name>face</name>
		<pose>Unspecified</pose>
		<truncated>0</truncated>
		<difficult>0</difficult>
		<occluded>0</occluded>
		<bndbox>
			<xmin>92</xmin>
			<xmax>174</xmax>
			<ymin>95</ymin>
			<ymax>196</ymax>
		</bndbox>
	</object>
</annotation>
