<annotation>
	<folder></folder>
	<filename>Alex_Gonzalez_0001_jpg.rf.eeb33725a90199783e8ded5f3f3976eb.jpg</filename>
	<path>Alex_Gonzalez_0001_jpg.rf.eeb33725a90199783e8ded5f3f3976eb.jpg</path>
	<source>
		<database>roboflow.ai</database>
	</source>
	<size>
		<width>250</width>
		<height>250</height>
		<depth>3</depth>
	</size>
	<segmented>0</segmented>
	<object>
		<name>face</name>
		<pose>Unspecified</pose>
		<truncated>0</truncated>
		<difficult>0</difficult>
		<occluded>0</occluded>
		<bndbox>
			<xmin>82</xmin>
			<xmax>184</xmax>
			<ymin>96</ymin>
			<ymax>204</ymax>
		</bndbox>
	</object>
</annotation>
