<annotation>
	<folder></folder>
	<filename>Alex_Sink_0002_jpg.rf.ccd7c24ee523cd15c1032c4c6fdf3009.jpg</filename>
	<path>Alex_Sink_0002_jpg.rf.ccd7c24ee523cd15c1032c4c6fdf3009.jpg</path>
	<source>
		<database>roboflow.ai</database>
	</source>
	<size>
		<width>250</width>
		<height>250</height>
		<depth>3</depth>
	</size>
	<segmented>0</segmented>
	<object>
		<name>face</name>
		<pose>Unspecified</pose>
		<truncated>0</truncated>
		<difficult>0</difficult>
		<occluded>0</occluded>
		<bndbox>
			<xmin>79</xmin>
			<xmax>179</xmax>
			<ymin>92</ymin>
			<ymax>217</ymax>
		</bndbox>
	</object>
</annotation>
