<annotation>
	<folder></folder>
	<filename>Alexis_Bledel_0001_jpg.rf.b1629391f87fc3d8e276e534e0f67f0e.jpg</filename>
	<path>Alexis_Bledel_0001_jpg.rf.b1629391f87fc3d8e276e534e0f67f0e.jpg</path>
	<source>
		<database>roboflow.ai</database>
	</source>
	<size>
		<width>250</width>
		<height>250</height>
		<depth>3</depth>
	</size>
	<segmented>0</segmented>
	<object>
		<name>face</name>
		<pose>Unspecified</pose>
		<truncated>0</truncated>
		<difficult>0</difficult>
		<occluded>0</occluded>
		<bndbox>
			<xmin>85</xmin>
			<xmax>175</xmax>
			<ymin>100</ymin>
			<ymax>180</ymax>
		</bndbox>
	</object>
</annotation>
