<annotation>
	<folder></folder>
	<filename>Alexandra_Vodjanikova_0001_jpg.rf.e5697b929c9c1e1e19146a555259e8f3.jpg</filename>
	<path>Alexandra_Vodjanikova_0001_jpg.rf.e5697b929c9c1e1e19146a555259e8f3.jpg</path>
	<source>
		<database>roboflow.ai</database>
	</source>
	<size>
		<width>250</width>
		<height>250</height>
		<depth>3</depth>
	</size>
	<segmented>0</segmented>
	<object>
		<name>face</name>
		<pose>Unspecified</pose>
		<truncated>0</truncated>
		<difficult>0</difficult>
		<occluded>0</occluded>
		<bndbox>
			<xmin>80</xmin>
			<xmax>168</xmax>
			<ymin>91</ymin>
			<ymax>187</ymax>
		</bndbox>
	</object>
</annotation>
