<annotation>
	<folder></folder>
	<filename>Alex_Barros_0002_jpg.rf.8a7cbd629d7fc4c22d7c9990aade08fa.jpg</filename>
	<path>Alex_Barros_0002_jpg.rf.8a7cbd629d7fc4c22d7c9990aade08fa.jpg</path>
	<source>
		<database>roboflow.ai</database>
	</source>
	<size>
		<width>250</width>
		<height>250</height>
		<depth>3</depth>
	</size>
	<segmented>0</segmented>
	<object>
		<name>face</name>
		<pose>Unspecified</pose>
		<truncated>0</truncated>
		<difficult>0</difficult>
		<occluded>0</occluded>
		<bndbox>
			<xmin>65</xmin>
			<xmax>175</xmax>
			<ymin>94</ymin>
			<ymax>216</ymax>
		</bndbox>
	</object>
</annotation>
