<annotation>
	<folder></folder>
	<filename>Alex_King_0001_jpg.rf.c0079fa3463ad9fe7c54ad0adad95cba.jpg</filename>
	<path>Alex_King_0001_jpg.rf.c0079fa3463ad9fe7c54ad0adad95cba.jpg</path>
	<source>
		<database>roboflow.ai</database>
	</source>
	<size>
		<width>250</width>
		<height>250</height>
		<depth>3</depth>
	</size>
	<segmented>0</segmented>
	<object>
		<name>face</name>
		<pose>Unspecified</pose>
		<truncated>0</truncated>
		<difficult>0</difficult>
		<occluded>0</occluded>
		<bndbox>
			<xmin>88</xmin>
			<xmax>184</xmax>
			<ymin>93</ymin>
			<ymax>189</ymax>
		</bndbox>
	</object>
</annotation>
