<annotation>
	<folder></folder>
	<filename>Alexa_Vega_0001_jpg.rf.28a0c3aed8af45afa50cf9b6acd9d9d6.jpg</filename>
	<path>Alexa_Vega_0001_jpg.rf.28a0c3aed8af45afa50cf9b6acd9d9d6.jpg</path>
	<source>
		<database>roboflow.ai</database>
	</source>
	<size>
		<width>250</width>
		<height>250</height>
		<depth>3</depth>
	</size>
	<segmented>0</segmented>
	<object>
		<name>face</name>
		<pose>Unspecified</pose>
		<truncated>0</truncated>
		<difficult>0</difficult>
		<occluded>0</occluded>
		<bndbox>
			<xmin>77</xmin>
			<xmax>164</xmax>
			<ymin>77</ymin>
			<ymax>188</ymax>
		</bndbox>
	</object>
</annotation>
