<annotation>
	<folder></folder>
	<filename>Alexandra_Spann_0001_jpg.rf.ce87380d2915b96d577692ca066993db.jpg</filename>
	<path>Alexandra_Spann_0001_jpg.rf.ce87380d2915b96d577692ca066993db.jpg</path>
	<source>
		<database>roboflow.ai</database>
	</source>
	<size>
		<width>250</width>
		<height>250</height>
		<depth>3</depth>
	</size>
	<segmented>0</segmented>
	<object>
		<name>face</name>
		<pose>Unspecified</pose>
		<truncated>0</truncated>
		<difficult>0</difficult>
		<occluded>0</occluded>
		<bndbox>
			<xmin>78</xmin>
			<xmax>182</xmax>
			<ymin>79</ymin>
			<ymax>202</ymax>
		</bndbox>
	</object>
</annotation>
