<annotation>
	<folder></folder>
	<filename>Alfonso_Soriano_0001_jpg.rf.4cd55343ba4a8ba1624f18c1590397ed.jpg</filename>
	<path>Alfonso_Soriano_0001_jpg.rf.4cd55343ba4a8ba1624f18c1590397ed.jpg</path>
	<source>
		<database>roboflow.ai</database>
	</source>
	<size>
		<width>250</width>
		<height>250</height>
		<depth>3</depth>
	</size>
	<segmented>0</segmented>
	<object>
		<name>face</name>
		<pose>Unspecified</pose>
		<truncated>0</truncated>
		<difficult>0</difficult>
		<occluded>0</occluded>
		<bndbox>
			<xmin>89</xmin>
			<xmax>178</xmax>
			<ymin>95</ymin>
			<ymax>211</ymax>
		</bndbox>
	</object>
</annotation>
