<annotation>
	<folder></folder>
	<filename>Ali_Abbas_0002_jpg.rf.688606f0602d2724f656827cbacb63c4.jpg</filename>
	<path>Ali_Abbas_0002_jpg.rf.688606f0602d2724f656827cbacb63c4.jpg</path>
	<source>
		<database>roboflow.ai</database>
	</source>
	<size>
		<width>250</width>
		<height>250</height>
		<depth>3</depth>
	</size>
	<segmented>0</segmented>
	<object>
		<name>face</name>
		<pose>Unspecified</pose>
		<truncated>0</truncated>
		<difficult>0</difficult>
		<occluded>0</occluded>
		<bndbox>
			<xmin>74</xmin>
			<xmax>165</xmax>
			<ymin>68</ymin>
			<ymax>175</ymax>
		</bndbox>
	</object>
</annotation>
