<annotation>
	<folder></folder>
	<filename>Ali_Naimi_0001_jpg.rf.cdedd62382d8b96b465a1254d4150ee4.jpg</filename>
	<path>Ali_Naimi_0001_jpg.rf.cdedd62382d8b96b465a1254d4150ee4.jpg</path>
	<source>
		<database>roboflow.ai</database>
	</source>
	<size>
		<width>250</width>
		<height>250</height>
		<depth>3</depth>
	</size>
	<segmented>0</segmented>
	<object>
		<name>face</name>
		<pose>Unspecified</pose>
		<truncated>0</truncated>
		<difficult>0</difficult>
		<occluded>0</occluded>
		<bndbox>
			<xmin>68</xmin>
			<xmax>180</xmax>
			<ymin>88</ymin>
			<ymax>203</ymax>
		</bndbox>
	</object>
	<object>
		<name>hand</name>
		<pose>Unspecified</pose>
		<truncated>0</truncated>
		<difficult>0</difficult>
		<occluded>0</occluded>
		<bndbox>
			<xmin>3</xmin>
			<xmax>60</xmax>
			<ymin>131</ymin>
			<ymax>242</ymax>
		</bndbox>
	</object>
</annotation>
