<annotation>
	<folder></folder>
	<filename>Ali_Adbul_Karim_Madani_0001_jpg.rf.62bf24b0116b354d0466b36247945e42.jpg</filename>
	<path>Ali_Adbul_Karim_Madani_0001_jpg.rf.62bf24b0116b354d0466b36247945e42.jpg</path>
	<source>
		<database>roboflow.ai</database>
	</source>
	<size>
		<width>250</width>
		<height>250</height>
		<depth>3</depth>
	</size>
	<segmented>0</segmented>
	<object>
		<name>face</name>
		<pose>Unspecified</pose>
		<truncated>0</truncated>
		<difficult>0</difficult>
		<occluded>0</occluded>
		<bndbox>
			<xmin>83</xmin>
			<xmax>175</xmax>
			<ymin>99</ymin>
			<ymax>191</ymax>
		</bndbox>
	</object>
</annotation>
