<annotation>
	<folder></folder>
	<filename>Ali_Khamenei_0002_jpg.rf.6f8e297bf8baa0f3478d9cc5aba8f6c8.jpg</filename>
	<path>Ali_Khamenei_0002_jpg.rf.6f8e297bf8baa0f3478d9cc5aba8f6c8.jpg</path>
	<source>
		<database>roboflow.ai</database>
	</source>
	<size>
		<width>250</width>
		<height>250</height>
		<depth>3</depth>
	</size>
	<segmented>0</segmented>
	<object>
		<name>face</name>
		<pose>Unspecified</pose>
		<truncated>0</truncated>
		<difficult>0</difficult>
		<occluded>0</occluded>
		<bndbox>
			<xmin>85</xmin>
			<xmax>176</xmax>
			<ymin>80</ymin>
			<ymax>187</ymax>
		</bndbox>
	</object>
	<object>
		<name>hand</name>
		<pose>Unspecified</pose>
		<truncated>0</truncated>
		<difficult>0</difficult>
		<occluded>0</occluded>
		<bndbox>
			<xmin>127</xmin>
			<xmax>206</xmax>
			<ymin>1</ymin>
			<ymax>93</ymax>
		</bndbox>
	</object>
</annotation>
