<annotation>
	<folder></folder>
	<filename>Ali_Khamenei_0001_jpg.rf.bab0d8a3a665d7c8ca31d7c4fb5f4f26.jpg</filename>
	<path>Ali_Khamenei_0001_jpg.rf.bab0d8a3a665d7c8ca31d7c4fb5f4f26.jpg</path>
	<source>
		<database>roboflow.ai</database>
	</source>
	<size>
		<width>250</width>
		<height>250</height>
		<depth>3</depth>
	</size>
	<segmented>0</segmented>
	<object>
		<name>face</name>
		<pose>Unspecified</pose>
		<truncated>0</truncated>
		<difficult>0</difficult>
		<occluded>0</occluded>
		<bndbox>
			<xmin>85</xmin>
			<xmax>185</xmax>
			<ymin>87</ymin>
			<ymax>211</ymax>
		</bndbox>
	</object>
	<object>
		<name>hand</name>
		<pose>Unspecified</pose>
		<truncated>0</truncated>
		<difficult>0</difficult>
		<occluded>0</occluded>
		<bndbox>
			<xmin>137</xmin>
			<xmax>227</xmax>
			<ymin>1</ymin>
			<ymax>88</ymax>
		</bndbox>
	</object>
</annotation>
