<annotation>
	<folder></folder>
	<filename>Ali_Fallahian_0001_jpg.rf.c183be2b983a868b20384bdba08e4748.jpg</filename>
	<path>Ali_Fallahian_0001_jpg.rf.c183be2b983a868b20384bdba08e4748.jpg</path>
	<source>
		<database>roboflow.ai</database>
	</source>
	<size>
		<width>250</width>
		<height>250</height>
		<depth>3</depth>
	</size>
	<segmented>0</segmented>
	<object>
		<name>face</name>
		<pose>Unspecified</pose>
		<truncated>0</truncated>
		<difficult>0</difficult>
		<occluded>0</occluded>
		<bndbox>
			<xmin>74</xmin>
			<xmax>175</xmax>
			<ymin>76</ymin>
			<ymax>197</ymax>
		</bndbox>
	</object>
</annotation>
