<annotation>
	<folder></folder>
	<filename>Ali_Hammoud_0001_jpg.rf.a35b2dac804072c1f7b112c0adf10095.jpg</filename>
	<path>Ali_Hammoud_0001_jpg.rf.a35b2dac804072c1f7b112c0adf10095.jpg</path>
	<source>
		<database>roboflow.ai</database>
	</source>
	<size>
		<width>250</width>
		<height>250</height>
		<depth>3</depth>
	</size>
	<segmented>0</segmented>
	<object>
		<name>face</name>
		<pose>Unspecified</pose>
		<truncated>0</truncated>
		<difficult>0</difficult>
		<occluded>0</occluded>
		<bndbox>
			<xmin>76</xmin>
			<xmax>168</xmax>
			<ymin>89</ymin>
			<ymax>195</ymax>
		</bndbox>
	</object>
</annotation>
