<annotation>
	<folder></folder>
	<filename>Ali_Naimi_0002_jpg.rf.a013235acf16b9c2b908b7f8a7af8a08.jpg</filename>
	<path>Ali_Naimi_0002_jpg.rf.a013235acf16b9c2b908b7f8a7af8a08.jpg</path>
	<source>
		<database>roboflow.ai</database>
	</source>
	<size>
		<width>250</width>
		<height>250</height>
		<depth>3</depth>
	</size>
	<segmented>0</segmented>
	<object>
		<name>hand</name>
		<pose>Unspecified</pose>
		<truncated>0</truncated>
		<difficult>0</difficult>
		<occluded>0</occluded>
		<bndbox>
			<xmin>8</xmin>
			<xmax>80</xmax>
			<ymin>123</ymin>
			<ymax>248</ymax>
		</bndbox>
	</object>
	<object>
		<name>face</name>
		<pose>Unspecified</pose>
		<truncated>0</truncated>
		<difficult>0</difficult>
		<occluded>0</occluded>
		<bndbox>
			<xmin>71</xmin>
			<xmax>183</xmax>
			<ymin>82</ymin>
			<ymax>196</ymax>
		</bndbox>
	</object>
</annotation>
