<annotation>
	<folder></folder>
	<filename>Alicia_Keys_0001_jpg.rf.0f5aef827ed85cecc562d2bdd1b69a19.jpg</filename>
	<path>Alicia_Keys_0001_jpg.rf.0f5aef827ed85cecc562d2bdd1b69a19.jpg</path>
	<source>
		<database>roboflow.ai</database>
	</source>
	<size>
		<width>250</width>
		<height>250</height>
		<depth>3</depth>
	</size>
	<segmented>0</segmented>
	<object>
		<name>face</name>
		<pose>Unspecified</pose>
		<truncated>0</truncated>
		<difficult>0</difficult>
		<occluded>0</occluded>
		<bndbox>
			<xmin>81</xmin>
			<xmax>168</xmax>
			<ymin>96</ymin>
			<ymax>191</ymax>
		</bndbox>
	</object>
</annotation>
