<annotation>
	<folder></folder>
	<filename>Alicia_Silverstone_0002_jpg.rf.d0da764c2099fe6dec6d79802141bbbe.jpg</filename>
	<path>Alicia_Silverstone_0002_jpg.rf.d0da764c2099fe6dec6d79802141bbbe.jpg</path>
	<source>
		<database>roboflow.ai</database>
	</source>
	<size>
		<width>250</width>
		<height>250</height>
		<depth>3</depth>
	</size>
	<segmented>0</segmented>
	<object>
		<name>face</name>
		<pose>Unspecified</pose>
		<truncated>0</truncated>
		<difficult>0</difficult>
		<occluded>0</occluded>
		<bndbox>
			<xmin>84</xmin>
			<xmax>182</xmax>
			<ymin>88</ymin>
			<ymax>194</ymax>
		</bndbox>
	</object>
	<object>
		<name>hand</name>
		<pose>Unspecified</pose>
		<truncated>0</truncated>
		<difficult>0</difficult>
		<occluded>0</occluded>
		<bndbox>
			<xmin>26</xmin>
			<xmax>102</xmax>
			<ymin>147</ymin>
			<ymax>248</ymax>
		</bndbox>
	</object>
</annotation>
