<annotation>
	<folder></folder>
	<filename>Alicia_Witt_0001_jpg.rf.5913981bb234f9e177e21328b08c73f3.jpg</filename>
	<path>Alicia_Witt_0001_jpg.rf.5913981bb234f9e177e21328b08c73f3.jpg</path>
	<source>
		<database>roboflow.ai</database>
	</source>
	<size>
		<width>250</width>
		<height>250</height>
		<depth>3</depth>
	</size>
	<segmented>0</segmented>
	<object>
		<name>face</name>
		<pose>Unspecified</pose>
		<truncated>0</truncated>
		<difficult>0</difficult>
		<occluded>0</occluded>
		<bndbox>
			<xmin>82</xmin>
			<xmax>170</xmax>
			<ymin>95</ymin>
			<ymax>189</ymax>
		</bndbox>
	</object>
</annotation>
