<annotation>
	<folder></folder>
	<filename>Alice_Fisher_0002_jpg.rf.336866422315653ef9ad624615e472e7.jpg</filename>
	<path>Alice_Fisher_0002_jpg.rf.336866422315653ef9ad624615e472e7.jpg</path>
	<source>
		<database>roboflow.ai</database>
	</source>
	<size>
		<width>250</width>
		<height>250</height>
		<depth>3</depth>
	</size>
	<segmented>0</segmented>
	<object>
		<name>face</name>
		<pose>Unspecified</pose>
		<truncated>0</truncated>
		<difficult>0</difficult>
		<occluded>0</occluded>
		<bndbox>
			<xmin>84</xmin>
			<xmax>169</xmax>
			<ymin>95</ymin>
			<ymax>185</ymax>
		</bndbox>
	</object>
</annotation>
