<annotation>
	<folder></folder>
	<filename>Alimzhan_Tokhtakhounov_0002_jpg.rf.a5c179800c7f80237621bb9b3a84019f.jpg</filename>
	<path>Alimzhan_Tokhtakhounov_0002_jpg.rf.a5c179800c7f80237621bb9b3a84019f.jpg</path>
	<source>
		<database>roboflow.ai</database>
	</source>
	<size>
		<width>250</width>
		<height>250</height>
		<depth>3</depth>
	</size>
	<segmented>0</segmented>
	<object>
		<name>face</name>
		<pose>Unspecified</pose>
		<truncated>0</truncated>
		<difficult>0</difficult>
		<occluded>0</occluded>
		<bndbox>
			<xmin>74</xmin>
			<xmax>178</xmax>
			<ymin>87</ymin>
			<ymax>191</ymax>
		</bndbox>
	</object>
</annotation>
