<annotation>
	<folder></folder>
	<filename>Alina_Kabaeva_0001_jpg.rf.65114913ade80eaf26e02317911c1ae9.jpg</filename>
	<path>Alina_Kabaeva_0001_jpg.rf.65114913ade80eaf26e02317911c1ae9.jpg</path>
	<source>
		<database>roboflow.ai</database>
	</source>
	<size>
		<width>250</width>
		<height>250</height>
		<depth>3</depth>
	</size>
	<segmented>0</segmented>
	<object>
		<name>face</name>
		<pose>Unspecified</pose>
		<truncated>0</truncated>
		<difficult>0</difficult>
		<occluded>0</occluded>
		<bndbox>
			<xmin>74</xmin>
			<xmax>166</xmax>
			<ymin>88</ymin>
			<ymax>180</ymax>
		</bndbox>
	</object>
</annotation>
