<annotation>
	<folder></folder>
	<filename>Aline_Chretien_0001_jpg.rf.195c3ed8bd1b3ff39f8872c73212c94c.jpg</filename>
	<path>Aline_Chretien_0001_jpg.rf.195c3ed8bd1b3ff39f8872c73212c94c.jpg</path>
	<source>
		<database>roboflow.ai</database>
	</source>
	<size>
		<width>250</width>
		<height>250</height>
		<depth>3</depth>
	</size>
	<segmented>0</segmented>
	<object>
		<name>face</name>
		<pose>Unspecified</pose>
		<truncated>0</truncated>
		<difficult>0</difficult>
		<occluded>0</occluded>
		<bndbox>
			<xmin>70</xmin>
			<xmax>162</xmax>
			<ymin>97</ymin>
			<ymax>189</ymax>
		</bndbox>
	</object>
</annotation>
