<annotation>
	<folder></folder>
	<filename>Allan_Kemakeza_0001_jpg.rf.1237f86f4cb47cb3e1f03a8472d4a336.jpg</filename>
	<path>Allan_Kemakeza_0001_jpg.rf.1237f86f4cb47cb3e1f03a8472d4a336.jpg</path>
	<source>
		<database>roboflow.ai</database>
	</source>
	<size>
		<width>250</width>
		<height>250</height>
		<depth>3</depth>
	</size>
	<segmented>0</segmented>
	<object>
		<name>face</name>
		<pose>Unspecified</pose>
		<truncated>0</truncated>
		<difficult>0</difficult>
		<occluded>0</occluded>
		<bndbox>
			<xmin>86</xmin>
			<xmax>191</xmax>
			<ymin>88</ymin>
			<ymax>203</ymax>
		</bndbox>
	</object>
</annotation>
