<annotation>
	<folder></folder>
	<filename>Allan_Houston_0001_jpg.rf.f889c6e5ec0d0f936a06e0611d8d0f88.jpg</filename>
	<path>Allan_Houston_0001_jpg.rf.f889c6e5ec0d0f936a06e0611d8d0f88.jpg</path>
	<source>
		<database>roboflow.ai</database>
	</source>
	<size>
		<width>250</width>
		<height>250</height>
		<depth>3</depth>
	</size>
	<segmented>0</segmented>
	<object>
		<name>face</name>
		<pose>Unspecified</pose>
		<truncated>0</truncated>
		<difficult>0</difficult>
		<occluded>0</occluded>
		<bndbox>
			<xmin>84</xmin>
			<xmax>148</xmax>
			<ymin>81</ymin>
			<ymax>176</ymax>
		</bndbox>
	</object>
	<object>
		<name>face</name>
		<pose>Unspecified</pose>
		<truncated>0</truncated>
		<difficult>0</difficult>
		<occluded>0</occluded>
		<bndbox>
			<xmin>1</xmin>
			<xmax>24</xmax>
			<ymin>94</ymin>
			<ymax>187</ymax>
		</bndbox>
	</object>
</annotation>
