<annotation>
	<folder></folder>
	<filename>Allen_Iverson_0001_jpg.rf.d4ef2206e880fb194b61fe3d8fc329a4.jpg</filename>
	<path>Allen_Iverson_0001_jpg.rf.d4ef2206e880fb194b61fe3d8fc329a4.jpg</path>
	<source>
		<database>roboflow.ai</database>
	</source>
	<size>
		<width>250</width>
		<height>250</height>
		<depth>3</depth>
	</size>
	<segmented>0</segmented>
	<object>
		<name>face</name>
		<pose>Unspecified</pose>
		<truncated>0</truncated>
		<difficult>0</difficult>
		<occluded>0</occluded>
		<bndbox>
			<xmin>76</xmin>
			<xmax>172</xmax>
			<ymin>100</ymin>
			<ymax>210</ymax>
		</bndbox>
	</object>
	<object>
		<name>hand</name>
		<pose>Unspecified</pose>
		<truncated>0</truncated>
		<difficult>0</difficult>
		<occluded>0</occluded>
		<bndbox>
			<xmin>168</xmin>
			<xmax>250</xmax>
			<ymin>57</ymin>
			<ymax>172</ymax>
		</bndbox>
	</object>
</annotation>
