<annotation>
	<folder></folder>
	<filename>Allen_Iverson_0002_jpg.rf.ac327acf1e880ef456d4c0d44814d2c3.jpg</filename>
	<path>Allen_Iverson_0002_jpg.rf.ac327acf1e880ef456d4c0d44814d2c3.jpg</path>
	<source>
		<database>roboflow.ai</database>
	</source>
	<size>
		<width>250</width>
		<height>250</height>
		<depth>3</depth>
	</size>
	<segmented>0</segmented>
	<object>
		<name>face</name>
		<pose>Unspecified</pose>
		<truncated>0</truncated>
		<difficult>0</difficult>
		<occluded>0</occluded>
		<bndbox>
			<xmin>87</xmin>
			<xmax>184</xmax>
			<ymin>92</ymin>
			<ymax>196</ymax>
		</bndbox>
	</object>
</annotation>
