<annotation>
	<folder></folder>
	<filename>Allison_Searing_0001_jpg.rf.cc1a0c369f62fb1613ad31cde04512aa.jpg</filename>
	<path>Allison_Searing_0001_jpg.rf.cc1a0c369f62fb1613ad31cde04512aa.jpg</path>
	<source>
		<database>roboflow.ai</database>
	</source>
	<size>
		<width>250</width>
		<height>250</height>
		<depth>3</depth>
	</size>
	<segmented>0</segmented>
	<object>
		<name>face</name>
		<pose>Unspecified</pose>
		<truncated>0</truncated>
		<difficult>0</difficult>
		<occluded>0</occluded>
		<bndbox>
			<xmin>75</xmin>
			<xmax>180</xmax>
			<ymin>72</ymin>
			<ymax>190</ymax>
		</bndbox>
	</object>
</annotation>
