<annotation>
	<folder></folder>
	<filename>Allison_Janney_0001_jpg.rf.5bd53aacdf85ffd0b9cf988f1f41a79a.jpg</filename>
	<path>Allison_Janney_0001_jpg.rf.5bd53aacdf85ffd0b9cf988f1f41a79a.jpg</path>
	<source>
		<database>roboflow.ai</database>
	</source>
	<size>
		<width>250</width>
		<height>250</height>
		<depth>3</depth>
	</size>
	<segmented>0</segmented>
	<object>
		<name>face</name>
		<pose>Unspecified</pose>
		<truncated>0</truncated>
		<difficult>0</difficult>
		<occluded>0</occluded>
		<bndbox>
			<xmin>79</xmin>
			<xmax>168</xmax>
			<ymin>91</ymin>
			<ymax>199</ymax>
		</bndbox>
	</object>
</annotation>
