<annotation>
	<folder></folder>
	<filename>Ally_Sheedy_0001_jpg.rf.877527aa90364135f23099473f5c53d7.jpg</filename>
	<path>Ally_Sheedy_0001_jpg.rf.877527aa90364135f23099473f5c53d7.jpg</path>
	<source>
		<database>roboflow.ai</database>
	</source>
	<size>
		<width>250</width>
		<height>250</height>
		<depth>3</depth>
	</size>
	<segmented>0</segmented>
	<object>
		<name>face</name>
		<pose>Unspecified</pose>
		<truncated>0</truncated>
		<difficult>0</difficult>
		<occluded>0</occluded>
		<bndbox>
			<xmin>74</xmin>
			<xmax>174</xmax>
			<ymin>80</ymin>
			<ymax>192</ymax>
		</bndbox>
	</object>
	<object>
		<name>face</name>
		<pose>Unspecified</pose>
		<truncated>0</truncated>
		<difficult>0</difficult>
		<occluded>0</occluded>
		<bndbox>
			<xmin>191</xmin>
			<xmax>250</xmax>
			<ymin>49</ymin>
			<ymax>147</ymax>
		</bndbox>
	</object>
</annotation>
