<annotation>
	<folder></folder>
	<filename>Allyson_Felix_0003_jpg.rf.8c0e5bc5611d82080d2569f33d9da5b0.jpg</filename>
	<path>Allyson_Felix_0003_jpg.rf.8c0e5bc5611d82080d2569f33d9da5b0.jpg</path>
	<source>
		<database>roboflow.ai</database>
	</source>
	<size>
		<width>250</width>
		<height>250</height>
		<depth>3</depth>
	</size>
	<segmented>0</segmented>
	<object>
		<name>face</name>
		<pose>Unspecified</pose>
		<truncated>0</truncated>
		<difficult>0</difficult>
		<occluded>0</occluded>
		<bndbox>
			<xmin>83</xmin>
			<xmax>172</xmax>
			<ymin>88</ymin>
			<ymax>190</ymax>
		</bndbox>
	</object>
</annotation>
