<annotation>
	<folder></folder>
	<filename>Allyson_Felix_0001_jpg.rf.2fc685557e663a30d6cfcda729c056fd.jpg</filename>
	<path>Allyson_Felix_0001_jpg.rf.2fc685557e663a30d6cfcda729c056fd.jpg</path>
	<source>
		<database>roboflow.ai</database>
	</source>
	<size>
		<width>250</width>
		<height>250</height>
		<depth>3</depth>
	</size>
	<segmented>0</segmented>
	<object>
		<name>face</name>
		<pose>Unspecified</pose>
		<truncated>0</truncated>
		<difficult>0</difficult>
		<occluded>0</occluded>
		<bndbox>
			<xmin>86</xmin>
			<xmax>176</xmax>
			<ymin>91</ymin>
			<ymax>189</ymax>
		</bndbox>
	</object>
</annotation>
