<annotation>
	<folder></folder>
	<filename>Allyson_Felix_0005_jpg.rf.5d346c5faa6878d65d70de3dd3dd4ad4.jpg</filename>
	<path>Allyson_Felix_0005_jpg.rf.5d346c5faa6878d65d70de3dd3dd4ad4.jpg</path>
	<source>
		<database>roboflow.ai</database>
	</source>
	<size>
		<width>250</width>
		<height>250</height>
		<depth>3</depth>
	</size>
	<segmented>0</segmented>
	<object>
		<name>face</name>
		<pose>Unspecified</pose>
		<truncated>0</truncated>
		<difficult>0</difficult>
		<occluded>0</occluded>
		<bndbox>
			<xmin>81</xmin>
			<xmax>166</xmax>
			<ymin>93</ymin>
			<ymax>188</ymax>
		</bndbox>
	</object>
</annotation>
