<annotation>
	<folder></folder>
	<filename>Alma_Powell_0001_jpg.rf.df1220196f5d012ddd9cb8a8caab3c99.jpg</filename>
	<path>Alma_Powell_0001_jpg.rf.df1220196f5d012ddd9cb8a8caab3c99.jpg</path>
	<source>
		<database>roboflow.ai</database>
	</source>
	<size>
		<width>250</width>
		<height>250</height>
		<depth>3</depth>
	</size>
	<segmented>0</segmented>
	<object>
		<name>face</name>
		<pose>Unspecified</pose>
		<truncated>0</truncated>
		<difficult>0</difficult>
		<occluded>0</occluded>
		<bndbox>
			<xmin>77</xmin>
			<xmax>189</xmax>
			<ymin>90</ymin>
			<ymax>207</ymax>
		</bndbox>
	</object>
</annotation>
