<annotation>
	<folder></folder>
	<filename>Alonzo_Mourning_0001_jpg.rf.cbf73c9be02701ed9521f3fb2078b968.jpg</filename>
	<path>Alonzo_Mourning_0001_jpg.rf.cbf73c9be02701ed9521f3fb2078b968.jpg</path>
	<source>
		<database>roboflow.ai</database>
	</source>
	<size>
		<width>250</width>
		<height>250</height>
		<depth>3</depth>
	</size>
	<segmented>0</segmented>
	<object>
		<name>face</name>
		<pose>Unspecified</pose>
		<truncated>0</truncated>
		<difficult>0</difficult>
		<occluded>0</occluded>
		<bndbox>
			<xmin>75</xmin>
			<xmax>165</xmax>
			<ymin>84</ymin>
			<ymax>195</ymax>
		</bndbox>
	</object>
</annotation>
