<annotation>
	<folder></folder>
	<filename>Alvaro_Uribe_0003_jpg.rf.c317ba642cf3489b431cc20fdf0bc507.jpg</filename>
	<path>Alvaro_Uribe_0003_jpg.rf.c317ba642cf3489b431cc20fdf0bc507.jpg</path>
	<source>
		<database>roboflow.ai</database>
	</source>
	<size>
		<width>250</width>
		<height>250</height>
		<depth>3</depth>
	</size>
	<segmented>0</segmented>
	<object>
		<name>face</name>
		<pose>Unspecified</pose>
		<truncated>0</truncated>
		<difficult>0</difficult>
		<occluded>0</occluded>
		<bndbox>
			<xmin>80</xmin>
			<xmax>173</xmax>
			<ymin>89</ymin>
			<ymax>186</ymax>
		</bndbox>
	</object>
	<object>
		<name>hand</name>
		<pose>Unspecified</pose>
		<truncated>0</truncated>
		<difficult>0</difficult>
		<occluded>0</occluded>
		<bndbox>
			<xmin>36</xmin>
			<xmax>99</xmax>
			<ymin>197</ymin>
			<ymax>250</ymax>
		</bndbox>
	</object>
</annotation>
