<annotation>
	<folder></folder>
	<filename>Alvaro_Uribe_0034_jpg.rf.440c105aeee2a1a573f90e5073d1f332.jpg</filename>
	<path>Alvaro_Uribe_0034_jpg.rf.440c105aeee2a1a573f90e5073d1f332.jpg</path>
	<source>
		<database>roboflow.ai</database>
	</source>
	<size>
		<width>250</width>
		<height>250</height>
		<depth>3</depth>
	</size>
	<segmented>0</segmented>
	<object>
		<name>face</name>
		<pose>Unspecified</pose>
		<truncated>0</truncated>
		<difficult>0</difficult>
		<occluded>0</occluded>
		<bndbox>
			<xmin>77</xmin>
			<xmax>160</xmax>
			<ymin>101</ymin>
			<ymax>187</ymax>
		</bndbox>
	</object>
	<object>
		<name>hand</name>
		<pose>Unspecified</pose>
		<truncated>0</truncated>
		<difficult>0</difficult>
		<occluded>0</occluded>
		<bndbox>
			<xmin>1</xmin>
			<xmax>34</xmax>
			<ymin>34</ymin>
			<ymax>148</ymax>
		</bndbox>
	</object>
</annotation>
