<annotation>
	<folder></folder>
	<filename>Alvaro_Uribe_0009_jpg.rf.475dc866d4d0c308ba57adeca9d2811f.jpg</filename>
	<path>Alvaro_Uribe_0009_jpg.rf.475dc866d4d0c308ba57adeca9d2811f.jpg</path>
	<source>
		<database>roboflow.ai</database>
	</source>
	<size>
		<width>250</width>
		<height>250</height>
		<depth>3</depth>
	</size>
	<segmented>0</segmented>
	<object>
		<name>hand</name>
		<pose>Unspecified</pose>
		<truncated>0</truncated>
		<difficult>0</difficult>
		<occluded>0</occluded>
		<bndbox>
			<xmin>39</xmin>
			<xmax>135</xmax>
			<ymin>171</ymin>
			<ymax>250</ymax>
		</bndbox>
	</object>
	<object>
		<name>face</name>
		<pose>Unspecified</pose>
		<truncated>0</truncated>
		<difficult>0</difficult>
		<occluded>0</occluded>
		<bndbox>
			<xmin>76</xmin>
			<xmax>178</xmax>
			<ymin>53</ymin>
			<ymax>183</ymax>
		</bndbox>
	</object>
</annotation>
