<annotation>
	<folder></folder>
	<filename>Alvaro_Uribe_0008_jpg.rf.9fe852b4d7ea14c7ec51c0be4ec99752.jpg</filename>
	<path>Alvaro_Uribe_0008_jpg.rf.9fe852b4d7ea14c7ec51c0be4ec99752.jpg</path>
	<source>
		<database>roboflow.ai</database>
	</source>
	<size>
		<width>250</width>
		<height>250</height>
		<depth>3</depth>
	</size>
	<segmented>0</segmented>
	<object>
		<name>face</name>
		<pose>Unspecified</pose>
		<truncated>0</truncated>
		<difficult>0</difficult>
		<occluded>0</occluded>
		<bndbox>
			<xmin>92</xmin>
			<xmax>170</xmax>
			<ymin>90</ymin>
			<ymax>185</ymax>
		</bndbox>
	</object>
	<object>
		<name>face</name>
		<pose>Unspecified</pose>
		<truncated>0</truncated>
		<difficult>0</difficult>
		<occluded>0</occluded>
		<bndbox>
			<xmin>200</xmin>
			<xmax>249</xmax>
			<ymin>103</ymin>
			<ymax>200</ymax>
		</bndbox>
	</object>
	<object>
		<name>hand</name>
		<pose>Unspecified</pose>
		<truncated>0</truncated>
		<difficult>0</difficult>
		<occluded>0</occluded>
		<bndbox>
			<xmin>21</xmin>
			<xmax>70</xmax>
			<ymin>90</ymin>
			<ymax>131</ymax>
		</bndbox>
	</object>
</annotation>
