<annotation>
	<folder></folder>
	<filename>Alvaro_Uribe_0011_jpg.rf.d7709ab60237441f531c3c8283593d01.jpg</filename>
	<path>Alvaro_Uribe_0011_jpg.rf.d7709ab60237441f531c3c8283593d01.jpg</path>
	<source>
		<database>roboflow.ai</database>
	</source>
	<size>
		<width>250</width>
		<height>250</height>
		<depth>3</depth>
	</size>
	<segmented>0</segmented>
	<object>
		<name>face</name>
		<pose>Unspecified</pose>
		<truncated>0</truncated>
		<difficult>0</difficult>
		<occluded>0</occluded>
		<bndbox>
			<xmin>100</xmin>
			<xmax>169</xmax>
			<ymin>78</ymin>
			<ymax>178</ymax>
		</bndbox>
	</object>
	<object>
		<name>hand</name>
		<pose>Unspecified</pose>
		<truncated>0</truncated>
		<difficult>0</difficult>
		<occluded>0</occluded>
		<bndbox>
			<xmin>58</xmin>
			<xmax>108</xmax>
			<ymin>181</ymin>
			<ymax>245</ymax>
		</bndbox>
	</object>
</annotation>
