<annotation>
	<folder></folder>
	<filename>Alvaro_Uribe_0015_jpg.rf.e3565b3fec503789b8c30a6a26266b4e.jpg</filename>
	<path>Alvaro_Uribe_0015_jpg.rf.e3565b3fec503789b8c30a6a26266b4e.jpg</path>
	<source>
		<database>roboflow.ai</database>
	</source>
	<size>
		<width>250</width>
		<height>250</height>
		<depth>3</depth>
	</size>
	<segmented>0</segmented>
	<object>
		<name>hand</name>
		<pose>Unspecified</pose>
		<truncated>0</truncated>
		<difficult>0</difficult>
		<occluded>0</occluded>
		<bndbox>
			<xmin>23</xmin>
			<xmax>83</xmax>
			<ymin>203</ymin>
			<ymax>250</ymax>
		</bndbox>
	</object>
	<object>
		<name>face</name>
		<pose>Unspecified</pose>
		<truncated>0</truncated>
		<difficult>0</difficult>
		<occluded>0</occluded>
		<bndbox>
			<xmin>84</xmin>
			<xmax>167</xmax>
			<ymin>79</ymin>
			<ymax>187</ymax>
		</bndbox>
	</object>
</annotation>
