<annotation>
	<folder></folder>
	<filename>Alvaro_Uribe_0023_jpg.rf.1f19a646fb98f8c243c7ece21829fb7e.jpg</filename>
	<path>Alvaro_Uribe_0023_jpg.rf.1f19a646fb98f8c243c7ece21829fb7e.jpg</path>
	<source>
		<database>roboflow.ai</database>
	</source>
	<size>
		<width>250</width>
		<height>250</height>
		<depth>3</depth>
	</size>
	<segmented>0</segmented>
	<object>
		<name>hand</name>
		<pose>Unspecified</pose>
		<truncated>0</truncated>
		<difficult>0</difficult>
		<occluded>0</occluded>
		<bndbox>
			<xmin>1</xmin>
			<xmax>44</xmax>
			<ymin>158</ymin>
			<ymax>234</ymax>
		</bndbox>
	</object>
	<object>
		<name>face</name>
		<pose>Unspecified</pose>
		<truncated>0</truncated>
		<difficult>0</difficult>
		<occluded>0</occluded>
		<bndbox>
			<xmin>86</xmin>
			<xmax>165</xmax>
			<ymin>88</ymin>
			<ymax>184</ymax>
		</bndbox>
	</object>
</annotation>
