<annotation>
	<folder></folder>
	<filename>Alvaro_Uribe_0028_jpg.rf.a128e51b894671ca7765538078ad4297.jpg</filename>
	<path>Alvaro_Uribe_0028_jpg.rf.a128e51b894671ca7765538078ad4297.jpg</path>
	<source>
		<database>roboflow.ai</database>
	</source>
	<size>
		<width>250</width>
		<height>250</height>
		<depth>3</depth>
	</size>
	<segmented>0</segmented>
	<object>
		<name>hand</name>
		<pose>Unspecified</pose>
		<truncated>0</truncated>
		<difficult>0</difficult>
		<occluded>0</occluded>
		<bndbox>
			<xmin>11</xmin>
			<xmax>64</xmax>
			<ymin>1</ymin>
			<ymax>103</ymax>
		</bndbox>
	</object>
	<object>
		<name>face</name>
		<pose>Unspecified</pose>
		<truncated>0</truncated>
		<difficult>0</difficult>
		<occluded>0</occluded>
		<bndbox>
			<xmin>76</xmin>
			<xmax>164</xmax>
			<ymin>93</ymin>
			<ymax>190</ymax>
		</bndbox>
	</object>
</annotation>
