<annotation>
	<folder></folder>
	<filename>Aly_Wagner_0001_jpg.rf.c44b35418bb118927e87744e748c74ce.jpg</filename>
	<path>Aly_Wagner_0001_jpg.rf.c44b35418bb118927e87744e748c74ce.jpg</path>
	<source>
		<database>roboflow.ai</database>
	</source>
	<size>
		<width>250</width>
		<height>250</height>
		<depth>3</depth>
	</size>
	<segmented>0</segmented>
	<object>
		<name>face</name>
		<pose>Unspecified</pose>
		<truncated>0</truncated>
		<difficult>0</difficult>
		<occluded>0</occluded>
		<bndbox>
			<xmin>77</xmin>
			<xmax>166</xmax>
			<ymin>81</ymin>
			<ymax>192</ymax>
		</bndbox>
	</object>
	<object>
		<name>hand</name>
		<pose>Unspecified</pose>
		<truncated>0</truncated>
		<difficult>0</difficult>
		<occluded>0</occluded>
		<bndbox>
			<xmin>11</xmin>
			<xmax>128</xmax>
			<ymin>203</ymin>
			<ymax>250</ymax>
		</bndbox>
	</object>
</annotation>
