<annotation>
	<folder></folder>
	<filename>Alyse_Beaupre_0001_jpg.rf.e626935d3ed701739983522ce8661e86.jpg</filename>
	<path>Alyse_Beaupre_0001_jpg.rf.e626935d3ed701739983522ce8661e86.jpg</path>
	<source>
		<database>roboflow.ai</database>
	</source>
	<size>
		<width>250</width>
		<height>250</height>
		<depth>3</depth>
	</size>
	<segmented>0</segmented>
	<object>
		<name>face</name>
		<pose>Unspecified</pose>
		<truncated>0</truncated>
		<difficult>0</difficult>
		<occluded>0</occluded>
		<bndbox>
			<xmin>79</xmin>
			<xmax>166</xmax>
			<ymin>80</ymin>
			<ymax>185</ymax>
		</bndbox>
	</object>
</annotation>
