<annotation>
	<folder></folder>
	<filename>Amanda_Bynes_0001_jpg.rf.41c2b3a07503eb253f9c3dd8bca76425.jpg</filename>
	<path>Amanda_Bynes_0001_jpg.rf.41c2b3a07503eb253f9c3dd8bca76425.jpg</path>
	<source>
		<database>roboflow.ai</database>
	</source>
	<size>
		<width>250</width>
		<height>250</height>
		<depth>3</depth>
	</size>
	<segmented>0</segmented>
	<object>
		<name>face</name>
		<pose>Unspecified</pose>
		<truncated>0</truncated>
		<difficult>0</difficult>
		<occluded>0</occluded>
		<bndbox>
			<xmin>77</xmin>
			<xmax>171</xmax>
			<ymin>96</ymin>
			<ymax>196</ymax>
		</bndbox>
	</object>
</annotation>
