<annotation>
	<folder></folder>
	<filename>Amanda_Plumer_0001_jpg.rf.2a8142bc0e6ad60eb2a4ec67bbcb4340.jpg</filename>
	<path>Amanda_Plumer_0001_jpg.rf.2a8142bc0e6ad60eb2a4ec67bbcb4340.jpg</path>
	<source>
		<database>roboflow.ai</database>
	</source>
	<size>
		<width>250</width>
		<height>250</height>
		<depth>3</depth>
	</size>
	<segmented>0</segmented>
	<object>
		<name>face</name>
		<pose>Unspecified</pose>
		<truncated>0</truncated>
		<difficult>0</difficult>
		<occluded>0</occluded>
		<bndbox>
			<xmin>53</xmin>
			<xmax>166</xmax>
			<ymin>88</ymin>
			<ymax>211</ymax>
		</bndbox>
	</object>
	<object>
		<name>hand</name>
		<pose>Unspecified</pose>
		<truncated>0</truncated>
		<difficult>0</difficult>
		<occluded>0</occluded>
		<bndbox>
			<xmin>23</xmin>
			<xmax>77</xmax>
			<ymin>20</ymin>
			<ymax>69</ymax>
		</bndbox>
	</object>
</annotation>
