<annotation>
	<folder></folder>
	<filename>Amanda_Beard_0001_jpg.rf.d9355331b8b9f3e3d0f2465ab08256a3.jpg</filename>
	<path>Amanda_Beard_0001_jpg.rf.d9355331b8b9f3e3d0f2465ab08256a3.jpg</path>
	<source>
		<database>roboflow.ai</database>
	</source>
	<size>
		<width>250</width>
		<height>250</height>
		<depth>3</depth>
	</size>
	<segmented>0</segmented>
	<object>
		<name>face</name>
		<pose>Unspecified</pose>
		<truncated>0</truncated>
		<difficult>0</difficult>
		<occluded>0</occluded>
		<bndbox>
			<xmin>73</xmin>
			<xmax>166</xmax>
			<ymin>92</ymin>
			<ymax>195</ymax>
		</bndbox>
	</object>
</annotation>
