<annotation>
	<folder></folder>
	<filename>Amber_Tamblyn_0002_jpg.rf.aaf902ef4982b45927fc821f704116af.jpg</filename>
	<path>Amber_Tamblyn_0002_jpg.rf.aaf902ef4982b45927fc821f704116af.jpg</path>
	<source>
		<database>roboflow.ai</database>
	</source>
	<size>
		<width>250</width>
		<height>250</height>
		<depth>3</depth>
	</size>
	<segmented>0</segmented>
	<object>
		<name>face</name>
		<pose>Unspecified</pose>
		<truncated>0</truncated>
		<difficult>0</difficult>
		<occluded>0</occluded>
		<bndbox>
			<xmin>91</xmin>
			<xmax>168</xmax>
			<ymin>93</ymin>
			<ymax>220</ymax>
		</bndbox>
	</object>
</annotation>
