<annotation>
	<folder></folder>
	<filename>Amber_Tamblyn_0001_jpg.rf.5671156c8d5bbffaedf213c6a9904015.jpg</filename>
	<path>Amber_Tamblyn_0001_jpg.rf.5671156c8d5bbffaedf213c6a9904015.jpg</path>
	<source>
		<database>roboflow.ai</database>
	</source>
	<size>
		<width>250</width>
		<height>250</height>
		<depth>3</depth>
	</size>
	<segmented>0</segmented>
	<object>
		<name>face</name>
		<pose>Unspecified</pose>
		<truncated>0</truncated>
		<difficult>0</difficult>
		<occluded>0</occluded>
		<bndbox>
			<xmin>94</xmin>
			<xmax>173</xmax>
			<ymin>97</ymin>
			<ymax>201</ymax>
		</bndbox>
	</object>
</annotation>
