<annotation>
	<folder></folder>
	<filename>Ambrose_Lee_0001_jpg.rf.de9d76546d60980c09b19710196ac0de.jpg</filename>
	<path>Ambrose_Lee_0001_jpg.rf.de9d76546d60980c09b19710196ac0de.jpg</path>
	<source>
		<database>roboflow.ai</database>
	</source>
	<size>
		<width>250</width>
		<height>250</height>
		<depth>3</depth>
	</size>
	<segmented>0</segmented>
	<object>
		<name>face</name>
		<pose>Unspecified</pose>
		<truncated>0</truncated>
		<difficult>0</difficult>
		<occluded>0</occluded>
		<bndbox>
			<xmin>83</xmin>
			<xmax>176</xmax>
			<ymin>90</ymin>
			<ymax>181</ymax>
		</bndbox>
	</object>
</annotation>
