<annotation>
	<folder></folder>
	<filename>Amelie_Mauresmo_0010_jpg.rf.8c6afc8d97f17a54eda260a73caf47a1.jpg</filename>
	<path>Amelie_Mauresmo_0010_jpg.rf.8c6afc8d97f17a54eda260a73caf47a1.jpg</path>
	<source>
		<database>roboflow.ai</database>
	</source>
	<size>
		<width>250</width>
		<height>250</height>
		<depth>3</depth>
	</size>
	<segmented>0</segmented>
	<object>
		<name>face</name>
		<pose>Unspecified</pose>
		<truncated>0</truncated>
		<difficult>0</difficult>
		<occluded>0</occluded>
		<bndbox>
			<xmin>88</xmin>
			<xmax>185</xmax>
			<ymin>92</ymin>
			<ymax>197</ymax>
		</bndbox>
	</object>
	<object>
		<name>hand</name>
		<pose>Unspecified</pose>
		<truncated>0</truncated>
		<difficult>0</difficult>
		<occluded>0</occluded>
		<bndbox>
			<xmin>1</xmin>
			<xmax>76</xmax>
			<ymin>122</ymin>
			<ymax>228</ymax>
		</bndbox>
	</object>
</annotation>
