<annotation>
	<folder></folder>
	<filename>Amelie_Mauresmo_0018_jpg.rf.9e6987364dd50548b985248b5960fb71.jpg</filename>
	<path>Amelie_Mauresmo_0018_jpg.rf.9e6987364dd50548b985248b5960fb71.jpg</path>
	<source>
		<database>roboflow.ai</database>
	</source>
	<size>
		<width>250</width>
		<height>250</height>
		<depth>3</depth>
	</size>
	<segmented>0</segmented>
	<object>
		<name>face</name>
		<pose>Unspecified</pose>
		<truncated>0</truncated>
		<difficult>0</difficult>
		<occluded>0</occluded>
		<bndbox>
			<xmin>95</xmin>
			<xmax>179</xmax>
			<ymin>89</ymin>
			<ymax>179</ymax>
		</bndbox>
	</object>
	<object>
		<name>hand</name>
		<pose>Unspecified</pose>
		<truncated>0</truncated>
		<difficult>0</difficult>
		<occluded>0</occluded>
		<bndbox>
			<xmin>128</xmin>
			<xmax>181</xmax>
			<ymin>105</ymin>
			<ymax>215</ymax>
		</bndbox>
	</object>
</annotation>
