<annotation>
	<folder></folder>
	<filename>Amelia_Vega_0001_jpg.rf.51471273ab95455694d245a1a13b4f58.jpg</filename>
	<path>Amelia_Vega_0001_jpg.rf.51471273ab95455694d245a1a13b4f58.jpg</path>
	<source>
		<database>roboflow.ai</database>
	</source>
	<size>
		<width>250</width>
		<height>250</height>
		<depth>3</depth>
	</size>
	<segmented>0</segmented>
	<object>
		<name>face</name>
		<pose>Unspecified</pose>
		<truncated>0</truncated>
		<difficult>0</difficult>
		<occluded>0</occluded>
		<bndbox>
			<xmin>83</xmin>
			<xmax>171</xmax>
			<ymin>86</ymin>
			<ymax>187</ymax>
		</bndbox>
	</object>
</annotation>
