<annotation>
	<folder></folder>
	<filename>Amelia_Vega_0007_jpg.rf.077bd08c74ea540ed8f8b789aadf1bac.jpg</filename>
	<path>Amelia_Vega_0007_jpg.rf.077bd08c74ea540ed8f8b789aadf1bac.jpg</path>
	<source>
		<database>roboflow.ai</database>
	</source>
	<size>
		<width>250</width>
		<height>250</height>
		<depth>3</depth>
	</size>
	<segmented>0</segmented>
	<object>
		<name>face</name>
		<pose>Unspecified</pose>
		<truncated>0</truncated>
		<difficult>0</difficult>
		<occluded>0</occluded>
		<bndbox>
			<xmin>81</xmin>
			<xmax>169</xmax>
			<ymin>89</ymin>
			<ymax>198</ymax>
		</bndbox>
	</object>
</annotation>
