<annotation>
	<folder></folder>
	<filename>Amelie_Mauresmo_0007_jpg.rf.0abdb2cf25a980542672f4cb7883541c.jpg</filename>
	<path>Amelie_Mauresmo_0007_jpg.rf.0abdb2cf25a980542672f4cb7883541c.jpg</path>
	<source>
		<database>roboflow.ai</database>
	</source>
	<size>
		<width>250</width>
		<height>250</height>
		<depth>3</depth>
	</size>
	<segmented>0</segmented>
	<object>
		<name>face</name>
		<pose>Unspecified</pose>
		<truncated>0</truncated>
		<difficult>0</difficult>
		<occluded>0</occluded>
		<bndbox>
			<xmin>87</xmin>
			<xmax>174</xmax>
			<ymin>92</ymin>
			<ymax>183</ymax>
		</bndbox>
	</object>
</annotation>
