<annotation>
	<folder></folder>
	<filename>Amelie_Mauresmo_0015_jpg.rf.8be5383af56716c678fda13d4cf43a54.jpg</filename>
	<path>Amelie_Mauresmo_0015_jpg.rf.8be5383af56716c678fda13d4cf43a54.jpg</path>
	<source>
		<database>roboflow.ai</database>
	</source>
	<size>
		<width>250</width>
		<height>250</height>
		<depth>3</depth>
	</size>
	<segmented>0</segmented>
	<object>
		<name>face</name>
		<pose>Unspecified</pose>
		<truncated>0</truncated>
		<difficult>0</difficult>
		<occluded>0</occluded>
		<bndbox>
			<xmin>87</xmin>
			<xmax>170</xmax>
			<ymin>85</ymin>
			<ymax>176</ymax>
		</bndbox>
	</object>
	<object>
		<name>hand</name>
		<pose>Unspecified</pose>
		<truncated>0</truncated>
		<difficult>0</difficult>
		<occluded>0</occluded>
		<bndbox>
			<xmin>136</xmin>
			<xmax>216</xmax>
			<ymin>196</ymin>
			<ymax>250</ymax>
		</bndbox>
	</object>
</annotation>
