<annotation>
	<folder></folder>
	<filename>Amelie_Mauresmo_0011_jpg.rf.a5bfadf6dfee6b3dee32aeb698413417.jpg</filename>
	<path>Amelie_Mauresmo_0011_jpg.rf.a5bfadf6dfee6b3dee32aeb698413417.jpg</path>
	<source>
		<database>roboflow.ai</database>
	</source>
	<size>
		<width>250</width>
		<height>250</height>
		<depth>3</depth>
	</size>
	<segmented>0</segmented>
	<object>
		<name>face</name>
		<pose>Unspecified</pose>
		<truncated>0</truncated>
		<difficult>0</difficult>
		<occluded>0</occluded>
		<bndbox>
			<xmin>59</xmin>
			<xmax>158</xmax>
			<ymin>96</ymin>
			<ymax>198</ymax>
		</bndbox>
	</object>
</annotation>
