<annotation>
	<folder></folder>
	<filename>Amelie_Mauresmo_0008_jpg.rf.767919d63c40928e66fccd88c0bac807.jpg</filename>
	<path>Amelie_Mauresmo_0008_jpg.rf.767919d63c40928e66fccd88c0bac807.jpg</path>
	<source>
		<database>roboflow.ai</database>
	</source>
	<size>
		<width>250</width>
		<height>250</height>
		<depth>3</depth>
	</size>
	<segmented>0</segmented>
	<object>
		<name>face</name>
		<pose>Unspecified</pose>
		<truncated>0</truncated>
		<difficult>0</difficult>
		<occluded>0</occluded>
		<bndbox>
			<xmin>80</xmin>
			<xmax>174</xmax>
			<ymin>91</ymin>
			<ymax>194</ymax>
		</bndbox>
	</object>
	<object>
		<name>hand</name>
		<pose>Unspecified</pose>
		<truncated>0</truncated>
		<difficult>0</difficult>
		<occluded>0</occluded>
		<bndbox>
			<xmin>58</xmin>
			<xmax>122</xmax>
			<ymin>182</ymin>
			<ymax>248</ymax>
		</bndbox>
	</object>
</annotation>
