<annotation>
	<folder></folder>
	<filename>Amelie_Mauresmo_0001_jpg.rf.b93f81a0f840c786bc28199eb9be94d6.jpg</filename>
	<path>Amelie_Mauresmo_0001_jpg.rf.b93f81a0f840c786bc28199eb9be94d6.jpg</path>
	<source>
		<database>roboflow.ai</database>
	</source>
	<size>
		<width>250</width>
		<height>250</height>
		<depth>3</depth>
	</size>
	<segmented>0</segmented>
	<object>
		<name>face</name>
		<pose>Unspecified</pose>
		<truncated>0</truncated>
		<difficult>0</difficult>
		<occluded>0</occluded>
		<bndbox>
			<xmin>86</xmin>
			<xmax>173</xmax>
			<ymin>95</ymin>
			<ymax>190</ymax>
		</bndbox>
	</object>
	<object>
		<name>hand</name>
		<pose>Unspecified</pose>
		<truncated>0</truncated>
		<difficult>0</difficult>
		<occluded>0</occluded>
		<bndbox>
			<xmin>1</xmin>
			<xmax>63</xmax>
			<ymin>89</ymin>
			<ymax>158</ymax>
		</bndbox>
	</object>
</annotation>
