<annotation>
	<folder></folder>
	<filename>Amer_al-Saadi_0004_jpg.rf.31ebb360d91a10727f5c4fb8da8c6068.jpg</filename>
	<path>Amer_al-Saadi_0004_jpg.rf.31ebb360d91a10727f5c4fb8da8c6068.jpg</path>
	<source>
		<database>roboflow.ai</database>
	</source>
	<size>
		<width>250</width>
		<height>250</height>
		<depth>3</depth>
	</size>
	<segmented>0</segmented>
	<object>
		<name>face</name>
		<pose>Unspecified</pose>
		<truncated>0</truncated>
		<difficult>0</difficult>
		<occluded>0</occluded>
		<bndbox>
			<xmin>63</xmin>
			<xmax>95</xmax>
			<ymin>101</ymin>
			<ymax>173</ymax>
		</bndbox>
	</object>
	<object>
		<name>face</name>
		<pose>Unspecified</pose>
		<truncated>0</truncated>
		<difficult>0</difficult>
		<occluded>0</occluded>
		<bndbox>
			<xmin>96</xmin>
			<xmax>178</xmax>
			<ymin>91</ymin>
			<ymax>192</ymax>
		</bndbox>
	</object>
</annotation>
