<annotation>
	<folder></folder>
	<filename>Amer_al-Saadi_0002_jpg.rf.14145440996dea2788cb999baf6a9460.jpg</filename>
	<path>Amer_al-Saadi_0002_jpg.rf.14145440996dea2788cb999baf6a9460.jpg</path>
	<source>
		<database>roboflow.ai</database>
	</source>
	<size>
		<width>250</width>
		<height>250</height>
		<depth>3</depth>
	</size>
	<segmented>0</segmented>
	<object>
		<name>face</name>
		<pose>Unspecified</pose>
		<truncated>0</truncated>
		<difficult>0</difficult>
		<occluded>0</occluded>
		<bndbox>
			<xmin>67</xmin>
			<xmax>161</xmax>
			<ymin>90</ymin>
			<ymax>197</ymax>
		</bndbox>
	</object>
</annotation>
