<annotation>
	<folder></folder>
	<filename>Amporn_Falise_0001_jpg.rf.c05fed3d0cc510303529255be9854940.jpg</filename>
	<path>Amporn_Falise_0001_jpg.rf.c05fed3d0cc510303529255be9854940.jpg</path>
	<source>
		<database>roboflow.ai</database>
	</source>
	<size>
		<width>250</width>
		<height>250</height>
		<depth>3</depth>
	</size>
	<segmented>0</segmented>
	<object>
		<name>face</name>
		<pose>Unspecified</pose>
		<truncated>0</truncated>
		<difficult>0</difficult>
		<occluded>0</occluded>
		<bndbox>
			<xmin>80</xmin>
			<xmax>182</xmax>
			<ymin>91</ymin>
			<ymax>194</ymax>
		</bndbox>
	</object>
	<object>
		<name>hand</name>
		<pose>Unspecified</pose>
		<truncated>0</truncated>
		<difficult>0</difficult>
		<occluded>0</occluded>
		<bndbox>
			<xmin>1</xmin>
			<xmax>78</xmax>
			<ymin>170</ymin>
			<ymax>250</ymax>
		</bndbox>
	</object>
</annotation>
