<annotation>
	<folder></folder>
	<filename>Amy_Gale_0001_jpg.rf.cfb2a2af610755da5c95f4fd68ead4c8.jpg</filename>
	<path>Amy_Gale_0001_jpg.rf.cfb2a2af610755da5c95f4fd68ead4c8.jpg</path>
	<source>
		<database>roboflow.ai</database>
	</source>
	<size>
		<width>250</width>
		<height>250</height>
		<depth>3</depth>
	</size>
	<segmented>0</segmented>
	<object>
		<name>face</name>
		<pose>Unspecified</pose>
		<truncated>0</truncated>
		<difficult>0</difficult>
		<occluded>0</occluded>
		<bndbox>
			<xmin>80</xmin>
			<xmax>166</xmax>
			<ymin>95</ymin>
			<ymax>192</ymax>
		</bndbox>
	</object>
	<object>
		<name>hand</name>
		<pose>Unspecified</pose>
		<truncated>0</truncated>
		<difficult>0</difficult>
		<occluded>0</occluded>
		<bndbox>
			<xmin>145</xmin>
			<xmax>248</xmax>
			<ymin>177</ymin>
			<ymax>245</ymax>
		</bndbox>
	</object>
	<object>
		<name>hand</name>
		<pose>Unspecified</pose>
		<truncated>0</truncated>
		<difficult>0</difficult>
		<occluded>0</occluded>
		<bndbox>
			<xmin>26</xmin>
			<xmax>119</xmax>
			<ymin>152</ymin>
			<ymax>250</ymax>
		</bndbox>
	</object>
</annotation>
