<annotation>
	<folder></folder>
	<filename>Ana_Palacio_0002_jpg.rf.af0e4b0fef48d7eb21b2572ab340ae98.jpg</filename>
	<path>Ana_Palacio_0002_jpg.rf.af0e4b0fef48d7eb21b2572ab340ae98.jpg</path>
	<source>
		<database>roboflow.ai</database>
	</source>
	<size>
		<width>250</width>
		<height>250</height>
		<depth>3</depth>
	</size>
	<segmented>0</segmented>
	<object>
		<name>face</name>
		<pose>Unspecified</pose>
		<truncated>0</truncated>
		<difficult>0</difficult>
		<occluded>0</occluded>
		<bndbox>
			<xmin>81</xmin>
			<xmax>168</xmax>
			<ymin>94</ymin>
			<ymax>182</ymax>
		</bndbox>
	</object>
	<object>
		<name>face</name>
		<pose>Unspecified</pose>
		<truncated>0</truncated>
		<difficult>0</difficult>
		<occluded>0</occluded>
		<bndbox>
			<xmin>10</xmin>
			<xmax>89</xmax>
			<ymin>1</ymin>
			<ymax>72</ymax>
		</bndbox>
	</object>
	<object>
		<name>face</name>
		<pose>Unspecified</pose>
		<truncated>0</truncated>
		<difficult>0</difficult>
		<occluded>0</occluded>
		<bndbox>
			<xmin>172</xmin>
			<xmax>220</xmax>
			<ymin>25</ymin>
			<ymax>85</ymax>
		</bndbox>
	</object>
</annotation>
