<annotation>
	<folder></folder>
	<filename>Ana_Sebastiao_0001_jpg.rf.034a731175c2d89b9cdb23a06cd1ab28.jpg</filename>
	<path>Ana_Sebastiao_0001_jpg.rf.034a731175c2d89b9cdb23a06cd1ab28.jpg</path>
	<source>
		<database>roboflow.ai</database>
	</source>
	<size>
		<width>250</width>
		<height>250</height>
		<depth>3</depth>
	</size>
	<segmented>0</segmented>
	<object>
		<name>face</name>
		<pose>Unspecified</pose>
		<truncated>0</truncated>
		<difficult>0</difficult>
		<occluded>0</occluded>
		<bndbox>
			<xmin>84</xmin>
			<xmax>175</xmax>
			<ymin>89</ymin>
			<ymax>193</ymax>
		</bndbox>
	</object>
</annotation>
