<annotation>
	<folder></folder>
	<filename>Ana_Palacio_0005_jpg.rf.8c114ca91fba9734ed1529240d5a6c14.jpg</filename>
	<path>Ana_Palacio_0005_jpg.rf.8c114ca91fba9734ed1529240d5a6c14.jpg</path>
	<source>
		<database>roboflow.ai</database>
	</source>
	<size>
		<width>250</width>
		<height>250</height>
		<depth>3</depth>
	</size>
	<segmented>0</segmented>
	<object>
		<name>face</name>
		<pose>Unspecified</pose>
		<truncated>0</truncated>
		<difficult>0</difficult>
		<occluded>0</occluded>
		<bndbox>
			<xmin>85</xmin>
			<xmax>188</xmax>
			<ymin>88</ymin>
			<ymax>191</ymax>
		</bndbox>
	</object>
	<object>
		<name>hand</name>
		<pose>Unspecified</pose>
		<truncated>0</truncated>
		<difficult>0</difficult>
		<occluded>0</occluded>
		<bndbox>
			<xmin>1</xmin>
			<xmax>113</xmax>
			<ymin>136</ymin>
			<ymax>250</ymax>
		</bndbox>
	</object>
</annotation>
