<annotation>
	<folder></folder>
	<filename>Ana_Guevara_0001_jpg.rf.c38417a852b8e4db182a9b289080ece1.jpg</filename>
	<path>Ana_Guevara_0001_jpg.rf.c38417a852b8e4db182a9b289080ece1.jpg</path>
	<source>
		<database>roboflow.ai</database>
	</source>
	<size>
		<width>250</width>
		<height>250</height>
		<depth>3</depth>
	</size>
	<segmented>0</segmented>
	<object>
		<name>face</name>
		<pose>Unspecified</pose>
		<truncated>0</truncated>
		<difficult>0</difficult>
		<occluded>0</occluded>
		<bndbox>
			<xmin>87</xmin>
			<xmax>184</xmax>
			<ymin>93</ymin>
			<ymax>200</ymax>
		</bndbox>
	</object>
	<object>
		<name>hand</name>
		<pose>Unspecified</pose>
		<truncated>0</truncated>
		<difficult>0</difficult>
		<occluded>0</occluded>
		<bndbox>
			<xmin>1</xmin>
			<xmax>46</xmax>
			<ymin>81</ymin>
			<ymax>147</ymax>
		</bndbox>
	</object>
</annotation>
