<annotation>
	<folder></folder>
	<filename>Ana_Guevara_0006_jpg.rf.bc1a3be45140951e35f0307b34d2315d.jpg</filename>
	<path>Ana_Guevara_0006_jpg.rf.bc1a3be45140951e35f0307b34d2315d.jpg</path>
	<source>
		<database>roboflow.ai</database>
	</source>
	<size>
		<width>250</width>
		<height>250</height>
		<depth>3</depth>
	</size>
	<segmented>0</segmented>
	<object>
		<name>face</name>
		<pose>Unspecified</pose>
		<truncated>0</truncated>
		<difficult>0</difficult>
		<occluded>0</occluded>
		<bndbox>
			<xmin>78</xmin>
			<xmax>177</xmax>
			<ymin>101</ymin>
			<ymax>207</ymax>
		</bndbox>
	</object>
</annotation>
