<annotation>
	<folder></folder>
	<filename>Anastasia_Myskina_0001_jpg.rf.ec588217c17a506c5e59771af11b8f02.jpg</filename>
	<path>Anastasia_Myskina_0001_jpg.rf.ec588217c17a506c5e59771af11b8f02.jpg</path>
	<source>
		<database>roboflow.ai</database>
	</source>
	<size>
		<width>250</width>
		<height>250</height>
		<depth>3</depth>
	</size>
	<segmented>0</segmented>
	<object>
		<name>face</name>
		<pose>Unspecified</pose>
		<truncated>0</truncated>
		<difficult>0</difficult>
		<occluded>0</occluded>
		<bndbox>
			<xmin>85</xmin>
			<xmax>174</xmax>
			<ymin>91</ymin>
			<ymax>188</ymax>
		</bndbox>
	</object>
</annotation>
