<annotation>
	<folder></folder>
	<filename>Anderson_Varejao_0001_jpg.rf.635d548fffbb5fb29b810496a668e37a.jpg</filename>
	<path>Anderson_Varejao_0001_jpg.rf.635d548fffbb5fb29b810496a668e37a.jpg</path>
	<source>
		<database>roboflow.ai</database>
	</source>
	<size>
		<width>250</width>
		<height>250</height>
		<depth>3</depth>
	</size>
	<segmented>0</segmented>
	<object>
		<name>face</name>
		<pose>Unspecified</pose>
		<truncated>0</truncated>
		<difficult>0</difficult>
		<occluded>0</occluded>
		<bndbox>
			<xmin>89</xmin>
			<xmax>177</xmax>
			<ymin>96</ymin>
			<ymax>195</ymax>
		</bndbox>
	</object>
	<object>
		<name>hand</name>
		<pose>Unspecified</pose>
		<truncated>0</truncated>
		<difficult>0</difficult>
		<occluded>0</occluded>
		<bndbox>
			<xmin>1</xmin>
			<xmax>78</xmax>
			<ymin>176</ymin>
			<ymax>250</ymax>
		</bndbox>
	</object>
</annotation>
