<annotation>
	<folder></folder>
	<filename>Anders_Fogh_Rasmussen_0002_jpg.rf.16f2233075ea5de9e06f978cefb2873b.jpg</filename>
	<path>Anders_Fogh_Rasmussen_0002_jpg.rf.16f2233075ea5de9e06f978cefb2873b.jpg</path>
	<source>
		<database>roboflow.ai</database>
	</source>
	<size>
		<width>250</width>
		<height>250</height>
		<depth>3</depth>
	</size>
	<segmented>0</segmented>
	<object>
		<name>face</name>
		<pose>Unspecified</pose>
		<truncated>0</truncated>
		<difficult>0</difficult>
		<occluded>0</occluded>
		<bndbox>
			<xmin>83</xmin>
			<xmax>176</xmax>
			<ymin>96</ymin>
			<ymax>192</ymax>
		</bndbox>
	</object>
</annotation>
