<annotation>
	<folder></folder>
	<filename>Andre_Agassi_0012_jpg.rf.cb136b9ca818fb3a6f8c832a3ec2a868.jpg</filename>
	<path>Andre_Agassi_0012_jpg.rf.cb136b9ca818fb3a6f8c832a3ec2a868.jpg</path>
	<source>
		<database>roboflow.ai</database>
	</source>
	<size>
		<width>250</width>
		<height>250</height>
		<depth>3</depth>
	</size>
	<segmented>0</segmented>
	<object>
		<name>hand</name>
		<pose>Unspecified</pose>
		<truncated>0</truncated>
		<difficult>0</difficult>
		<occluded>0</occluded>
		<bndbox>
			<xmin>33</xmin>
			<xmax>133</xmax>
			<ymin>150</ymin>
			<ymax>248</ymax>
		</bndbox>
	</object>
	<object>
		<name>hand</name>
		<pose>Unspecified</pose>
		<truncated>0</truncated>
		<difficult>0</difficult>
		<occluded>0</occluded>
		<bndbox>
			<xmin>109</xmin>
			<xmax>185</xmax>
			<ymin>150</ymin>
			<ymax>250</ymax>
		</bndbox>
	</object>
	<object>
		<name>face</name>
		<pose>Unspecified</pose>
		<truncated>0</truncated>
		<difficult>0</difficult>
		<occluded>0</occluded>
		<bndbox>
			<xmin>75</xmin>
			<xmax>195</xmax>
			<ymin>46</ymin>
			<ymax>205</ymax>
		</bndbox>
	</object>
</annotation>
