<annotation>
	<folder></folder>
	<filename>Andrei_Konchalovsky_0001_jpg.rf.8979f7ba8577680e9f78e85eea09a3f9.jpg</filename>
	<path>Andrei_Konchalovsky_0001_jpg.rf.8979f7ba8577680e9f78e85eea09a3f9.jpg</path>
	<source>
		<database>roboflow.ai</database>
	</source>
	<size>
		<width>250</width>
		<height>250</height>
		<depth>3</depth>
	</size>
	<segmented>0</segmented>
	<object>
		<name>face</name>
		<pose>Unspecified</pose>
		<truncated>0</truncated>
		<difficult>0</difficult>
		<occluded>0</occluded>
		<bndbox>
			<xmin>73</xmin>
			<xmax>173</xmax>
			<ymin>96</ymin>
			<ymax>202</ymax>
		</bndbox>
	</object>
</annotation>
