<annotation>
	<folder></folder>
	<filename>Andrea_De_Cruz_0001_jpg.rf.b024bd89193466f8cfd4caa1880da616.jpg</filename>
	<path>Andrea_De_Cruz_0001_jpg.rf.b024bd89193466f8cfd4caa1880da616.jpg</path>
	<source>
		<database>roboflow.ai</database>
	</source>
	<size>
		<width>250</width>
		<height>250</height>
		<depth>3</depth>
	</size>
	<segmented>0</segmented>
	<object>
		<name>face</name>
		<pose>Unspecified</pose>
		<truncated>0</truncated>
		<difficult>0</difficult>
		<occluded>0</occluded>
		<bndbox>
			<xmin>179</xmin>
			<xmax>250</xmax>
			<ymin>80</ymin>
			<ymax>177</ymax>
		</bndbox>
	</object>
	<object>
		<name>face</name>
		<pose>Unspecified</pose>
		<truncated>0</truncated>
		<difficult>0</difficult>
		<occluded>0</occluded>
		<bndbox>
			<xmin>76</xmin>
			<xmax>166</xmax>
			<ymin>92</ymin>
			<ymax>189</ymax>
		</bndbox>
	</object>
</annotation>
