<annotation>
	<folder></folder>
	<filename>Andre_Agassi_0028_jpg.rf.b543c5f8d41ceaae37dca1d8c5d7f3cd.jpg</filename>
	<path>Andre_Agassi_0028_jpg.rf.b543c5f8d41ceaae37dca1d8c5d7f3cd.jpg</path>
	<source>
		<database>roboflow.ai</database>
	</source>
	<size>
		<width>250</width>
		<height>250</height>
		<depth>3</depth>
	</size>
	<segmented>0</segmented>
	<object>
		<name>face</name>
		<pose>Unspecified</pose>
		<truncated>0</truncated>
		<difficult>0</difficult>
		<occluded>0</occluded>
		<bndbox>
			<xmin>86</xmin>
			<xmax>186</xmax>
			<ymin>40</ymin>
			<ymax>190</ymax>
		</bndbox>
	</object>
	<object>
		<name>hand</name>
		<pose>Unspecified</pose>
		<truncated>0</truncated>
		<difficult>0</difficult>
		<occluded>0</occluded>
		<bndbox>
			<xmin>10</xmin>
			<xmax>94</xmax>
			<ymin>143</ymin>
			<ymax>238</ymax>
		</bndbox>
	</object>
	<object>
		<name>hand</name>
		<pose>Unspecified</pose>
		<truncated>0</truncated>
		<difficult>0</difficult>
		<occluded>0</occluded>
		<bndbox>
			<xmin>124</xmin>
			<xmax>214</xmax>
			<ymin>166</ymin>
			<ymax>248</ymax>
		</bndbox>
	</object>
</annotation>
