<annotation>
	<folder></folder>
	<filename>Andre_Techine_0001_jpg.rf.9760449d9ccd7b7c6f54c18ae00b1c8c.jpg</filename>
	<path>Andre_Techine_0001_jpg.rf.9760449d9ccd7b7c6f54c18ae00b1c8c.jpg</path>
	<source>
		<database>roboflow.ai</database>
	</source>
	<size>
		<width>250</width>
		<height>250</height>
		<depth>3</depth>
	</size>
	<segmented>0</segmented>
	<object>
		<name>face</name>
		<pose>Unspecified</pose>
		<truncated>0</truncated>
		<difficult>0</difficult>
		<occluded>0</occluded>
		<bndbox>
			<xmin>81</xmin>
			<xmax>170</xmax>
			<ymin>96</ymin>
			<ymax>190</ymax>
		</bndbox>
	</object>
</annotation>
