<annotation>
	<folder></folder>
	<filename>Andre_Bucher_0001_jpg.rf.cc90507bd053216ff158cc7321d38228.jpg</filename>
	<path>Andre_Bucher_0001_jpg.rf.cc90507bd053216ff158cc7321d38228.jpg</path>
	<source>
		<database>roboflow.ai</database>
	</source>
	<size>
		<width>250</width>
		<height>250</height>
		<depth>3</depth>
	</size>
	<segmented>0</segmented>
	<object>
		<name>face</name>
		<pose>Unspecified</pose>
		<truncated>0</truncated>
		<difficult>0</difficult>
		<occluded>0</occluded>
		<bndbox>
			<xmin>83</xmin>
			<xmax>162</xmax>
			<ymin>98</ymin>
			<ymax>173</ymax>
		</bndbox>
	</object>
</annotation>
