<annotation>
	<folder></folder>
	<filename>Andy_Warhol_0001_jpg.rf.ae1c711271887941a1ac256a84b0d3e2.jpg</filename>
	<path>Andy_Warhol_0001_jpg.rf.ae1c711271887941a1ac256a84b0d3e2.jpg</path>
	<source>
		<database>roboflow.ai</database>
	</source>
	<size>
		<width>250</width>
		<height>250</height>
		<depth>3</depth>
	</size>
	<segmented>0</segmented>
	<object>
		<name>face</name>
		<pose>Unspecified</pose>
		<truncated>0</truncated>
		<difficult>0</difficult>
		<occluded>0</occluded>
		<bndbox>
			<xmin>84</xmin>
			<xmax>164</xmax>
			<ymin>97</ymin>
			<ymax>182</ymax>
		</bndbox>
	</object>
</annotation>
