<annotation>
	<folder></folder>
	<filename>Andy_Roddick_0004_jpg.rf.283f4ed4df6a37de29e1c1ec65393eab.jpg</filename>
	<path>Andy_Roddick_0004_jpg.rf.283f4ed4df6a37de29e1c1ec65393eab.jpg</path>
	<source>
		<database>roboflow.ai</database>
	</source>
	<size>
		<width>250</width>
		<height>250</height>
		<depth>3</depth>
	</size>
	<segmented>0</segmented>
	<object>
		<name>face</name>
		<pose>Unspecified</pose>
		<truncated>0</truncated>
		<difficult>0</difficult>
		<occluded>0</occluded>
		<bndbox>
			<xmin>83</xmin>
			<xmax>176</xmax>
			<ymin>85</ymin>
			<ymax>186</ymax>
		</bndbox>
	</object>
	<object>
		<name>hand</name>
		<pose>Unspecified</pose>
		<truncated>0</truncated>
		<difficult>0</difficult>
		<occluded>0</occluded>
		<bndbox>
			<xmin>1</xmin>
			<xmax>63</xmax>
			<ymin>130</ymin>
			<ymax>205</ymax>
		</bndbox>
	</object>
	<object>
		<name>hand</name>
		<pose>Unspecified</pose>
		<truncated>0</truncated>
		<difficult>0</difficult>
		<occluded>0</occluded>
		<bndbox>
			<xmin>202</xmin>
			<xmax>250</xmax>
			<ymin>65</ymin>
			<ymax>143</ymax>
		</bndbox>
	</object>
</annotation>
