<annotation>
	<folder></folder>
	<filename>Andy_Roddick_0002_jpg.rf.0ca8748642d60c075dfee9bb308510ef.jpg</filename>
	<path>Andy_Roddick_0002_jpg.rf.0ca8748642d60c075dfee9bb308510ef.jpg</path>
	<source>
		<database>roboflow.ai</database>
	</source>
	<size>
		<width>250</width>
		<height>250</height>
		<depth>3</depth>
	</size>
	<segmented>0</segmented>
	<object>
		<name>face</name>
		<pose>Unspecified</pose>
		<truncated>0</truncated>
		<difficult>0</difficult>
		<occluded>0</occluded>
		<bndbox>
			<xmin>81</xmin>
			<xmax>206</xmax>
			<ymin>92</ymin>
			<ymax>210</ymax>
		</bndbox>
	</object>
	<object>
		<name>hand</name>
		<pose>Unspecified</pose>
		<truncated>0</truncated>
		<difficult>0</difficult>
		<occluded>0</occluded>
		<bndbox>
			<xmin>1</xmin>
			<xmax>73</xmax>
			<ymin>194</ymin>
			<ymax>250</ymax>
		</bndbox>
	</object>
	<object>
		<name>hand</name>
		<pose>Unspecified</pose>
		<truncated>0</truncated>
		<difficult>0</difficult>
		<occluded>0</occluded>
		<bndbox>
			<xmin>198</xmin>
			<xmax>250</xmax>
			<ymin>168</ymin>
			<ymax>250</ymax>
		</bndbox>
	</object>
</annotation>
