<annotation>
	<folder></folder>
	<filename>Andy_Griggs_0001_jpg.rf.76a53c1770f98648aea31582e2b8d3a2.jpg</filename>
	<path>Andy_Griggs_0001_jpg.rf.76a53c1770f98648aea31582e2b8d3a2.jpg</path>
	<source>
		<database>roboflow.ai</database>
	</source>
	<size>
		<width>250</width>
		<height>250</height>
		<depth>3</depth>
	</size>
	<segmented>0</segmented>
	<object>
		<name>face</name>
		<pose>Unspecified</pose>
		<truncated>0</truncated>
		<difficult>0</difficult>
		<occluded>0</occluded>
		<bndbox>
			<xmin>78</xmin>
			<xmax>170</xmax>
			<ymin>96</ymin>
			<ymax>188</ymax>
		</bndbox>
	</object>
</annotation>
