<annotation>
	<folder></folder>
	<filename>Andy_Roddick_0009_jpg.rf.66073b099cc1ff678a24236927ce338c.jpg</filename>
	<path>Andy_Roddick_0009_jpg.rf.66073b099cc1ff678a24236927ce338c.jpg</path>
	<source>
		<database>roboflow.ai</database>
	</source>
	<size>
		<width>250</width>
		<height>250</height>
		<depth>3</depth>
	</size>
	<segmented>0</segmented>
	<object>
		<name>hand</name>
		<pose>Unspecified</pose>
		<truncated>0</truncated>
		<difficult>0</difficult>
		<occluded>0</occluded>
		<bndbox>
			<xmin>25</xmin>
			<xmax>84</xmax>
			<ymin>5</ymin>
			<ymax>74</ymax>
		</bndbox>
	</object>
	<object>
		<name>face</name>
		<pose>Unspecified</pose>
		<truncated>0</truncated>
		<difficult>0</difficult>
		<occluded>0</occluded>
		<bndbox>
			<xmin>83</xmin>
			<xmax>172</xmax>
			<ymin>102</ymin>
			<ymax>184</ymax>
		</bndbox>
	</object>
</annotation>
