<annotation>
	<folder></folder>
	<filename>Andy_Griffith_0001_jpg.rf.ca186564ce90eb9c03bad090ca9e7bc5.jpg</filename>
	<path>Andy_Griffith_0001_jpg.rf.ca186564ce90eb9c03bad090ca9e7bc5.jpg</path>
	<source>
		<database>roboflow.ai</database>
	</source>
	<size>
		<width>250</width>
		<height>250</height>
		<depth>3</depth>
	</size>
	<segmented>0</segmented>
	<object>
		<name>face</name>
		<pose>Unspecified</pose>
		<truncated>0</truncated>
		<difficult>0</difficult>
		<occluded>0</occluded>
		<bndbox>
			<xmin>73</xmin>
			<xmax>174</xmax>
			<ymin>95</ymin>
			<ymax>189</ymax>
		</bndbox>
	</object>
	<object>
		<name>hand</name>
		<pose>Unspecified</pose>
		<truncated>0</truncated>
		<difficult>0</difficult>
		<occluded>0</occluded>
		<bndbox>
			<xmin>176</xmin>
			<xmax>242</xmax>
			<ymin>139</ymin>
			<ymax>205</ymax>
		</bndbox>
	</object>
	<object>
		<name>hand</name>
		<pose>Unspecified</pose>
		<truncated>0</truncated>
		<difficult>0</difficult>
		<occluded>0</occluded>
		<bndbox>
			<xmin>43</xmin>
			<xmax>136</xmax>
			<ymin>188</ymin>
			<ymax>250</ymax>
		</bndbox>
	</object>
</annotation>
