<annotation>
	<folder></folder>
	<filename>Andy_Perez_0001_jpg.rf.7784e6d31d351a4b8db56dac2a4b2214.jpg</filename>
	<path>Andy_Perez_0001_jpg.rf.7784e6d31d351a4b8db56dac2a4b2214.jpg</path>
	<source>
		<database>roboflow.ai</database>
	</source>
	<size>
		<width>250</width>
		<height>250</height>
		<depth>3</depth>
	</size>
	<segmented>0</segmented>
	<object>
		<name>face</name>
		<pose>Unspecified</pose>
		<truncated>0</truncated>
		<difficult>0</difficult>
		<occluded>0</occluded>
		<bndbox>
			<xmin>87</xmin>
			<xmax>175</xmax>
			<ymin>96</ymin>
			<ymax>194</ymax>
		</bndbox>
	</object>
	<object>
		<name>hand</name>
		<pose>Unspecified</pose>
		<truncated>0</truncated>
		<difficult>0</difficult>
		<occluded>0</occluded>
		<bndbox>
			<xmin>132</xmin>
			<xmax>221</xmax>
			<ymin>137</ymin>
			<ymax>216</ymax>
		</bndbox>
	</object>
</annotation>
