<annotation>
	<folder></folder>
	<filename>Andy_Lau_0001_jpg.rf.b137064925d8a851400d277fa30fe6bd.jpg</filename>
	<path>Andy_Lau_0001_jpg.rf.b137064925d8a851400d277fa30fe6bd.jpg</path>
	<source>
		<database>roboflow.ai</database>
	</source>
	<size>
		<width>250</width>
		<height>250</height>
		<depth>3</depth>
	</size>
	<segmented>0</segmented>
	<object>
		<name>face</name>
		<pose>Unspecified</pose>
		<truncated>0</truncated>
		<difficult>0</difficult>
		<occluded>0</occluded>
		<bndbox>
			<xmin>70</xmin>
			<xmax>163</xmax>
			<ymin>84</ymin>
			<ymax>191</ymax>
		</bndbox>
	</object>
	<object>
		<name>face</name>
		<pose>Unspecified</pose>
		<truncated>0</truncated>
		<difficult>0</difficult>
		<occluded>0</occluded>
		<bndbox>
			<xmin>177</xmin>
			<xmax>250</xmax>
			<ymin>160</ymin>
			<ymax>250</ymax>
		</bndbox>
	</object>
</annotation>
