<annotation>
	<folder></folder>
	<filename>AnFernce_Negron_0001_jpg.rf.65f6ef57a494f5b66f8b0e489dcf4397.jpg</filename>
	<path>AnFernce_Negron_0001_jpg.rf.65f6ef57a494f5b66f8b0e489dcf4397.jpg</path>
	<source>
		<database>roboflow.ai</database>
	</source>
	<size>
		<width>250</width>
		<height>250</height>
		<depth>3</depth>
	</size>
	<segmented>0</segmented>
	<object>
		<name>face</name>
		<pose>Unspecified</pose>
		<truncated>0</truncated>
		<difficult>0</difficult>
		<occluded>0</occluded>
		<bndbox>
			<xmin>85</xmin>
			<xmax>173</xmax>
			<ymin>90</ymin>
			<ymax>180</ymax>
		</bndbox>
	</object>
	<object>
		<name>hand</name>
		<pose>Unspecified</pose>
		<truncated>0</truncated>
		<difficult>0</difficult>
		<occluded>0</occluded>
		<bndbox>
			<xmin>124</xmin>
			<xmax>177</xmax>
			<ymin>1</ymin>
			<ymax>32</ymax>
		</bndbox>
	</object>
	<object>
		<name>hand</name>
		<pose>Unspecified</pose>
		<truncated>0</truncated>
		<difficult>0</difficult>
		<occluded>0</occluded>
		<bndbox>
			<xmin>57</xmin>
			<xmax>117</xmax>
			<ymin>1</ymin>
			<ymax>43</ymax>
		</bndbox>
	</object>
</annotation>
