<annotation>
	<folder></folder>
	<filename>Angela_Bassett_0006_jpg.rf.872da0ed29ac3f0045e7bed22f67bf0b.jpg</filename>
	<path>Angela_Bassett_0006_jpg.rf.872da0ed29ac3f0045e7bed22f67bf0b.jpg</path>
	<source>
		<database>roboflow.ai</database>
	</source>
	<size>
		<width>250</width>
		<height>250</height>
		<depth>3</depth>
	</size>
	<segmented>0</segmented>
	<object>
		<name>face</name>
		<pose>Unspecified</pose>
		<truncated>0</truncated>
		<difficult>0</difficult>
		<occluded>0</occluded>
		<bndbox>
			<xmin>90</xmin>
			<xmax>185</xmax>
			<ymin>94</ymin>
			<ymax>196</ymax>
		</bndbox>
	</object>
	<object>
		<name>face</name>
		<pose>Unspecified</pose>
		<truncated>0</truncated>
		<difficult>0</difficult>
		<occluded>0</occluded>
		<bndbox>
			<xmin>1</xmin>
			<xmax>58</xmax>
			<ymin>73</ymin>
			<ymax>169</ymax>
		</bndbox>
	</object>
</annotation>
