<annotation>
	<folder></folder>
	<filename>Angelica_Romero_0001_jpg.rf.a8982382372e73d61da7c13e1d99a597.jpg</filename>
	<path>Angelica_Romero_0001_jpg.rf.a8982382372e73d61da7c13e1d99a597.jpg</path>
	<source>
		<database>roboflow.ai</database>
	</source>
	<size>
		<width>250</width>
		<height>250</height>
		<depth>3</depth>
	</size>
	<segmented>0</segmented>
	<object>
		<name>face</name>
		<pose>Unspecified</pose>
		<truncated>0</truncated>
		<difficult>0</difficult>
		<occluded>0</occluded>
		<bndbox>
			<xmin>87</xmin>
			<xmax>208</xmax>
			<ymin>87</ymin>
			<ymax>211</ymax>
		</bndbox>
	</object>
</annotation>
