<annotation>
	<folder></folder>
	<filename>Angela_Bassett_0002_jpg.rf.1a4bdda690d743acc5091f70b85ea18f.jpg</filename>
	<path>Angela_Bassett_0002_jpg.rf.1a4bdda690d743acc5091f70b85ea18f.jpg</path>
	<source>
		<database>roboflow.ai</database>
	</source>
	<size>
		<width>250</width>
		<height>250</height>
		<depth>3</depth>
	</size>
	<segmented>0</segmented>
	<object>
		<name>face</name>
		<pose>Unspecified</pose>
		<truncated>0</truncated>
		<difficult>0</difficult>
		<occluded>0</occluded>
		<bndbox>
			<xmin>82</xmin>
			<xmax>169</xmax>
			<ymin>90</ymin>
			<ymax>198</ymax>
		</bndbox>
	</object>
</annotation>
