<annotation>
	<folder></folder>
	<filename>Angela_Bassett_0003_jpg.rf.4e6c6e5cd1003fd3c23063c5ff99b9fb.jpg</filename>
	<path>Angela_Bassett_0003_jpg.rf.4e6c6e5cd1003fd3c23063c5ff99b9fb.jpg</path>
	<source>
		<database>roboflow.ai</database>
	</source>
	<size>
		<width>250</width>
		<height>250</height>
		<depth>3</depth>
	</size>
	<segmented>0</segmented>
	<object>
		<name>face</name>
		<pose>Unspecified</pose>
		<truncated>0</truncated>
		<difficult>0</difficult>
		<occluded>0</occluded>
		<bndbox>
			<xmin>83</xmin>
			<xmax>176</xmax>
			<ymin>96</ymin>
			<ymax>189</ymax>
		</bndbox>
	</object>
	<object>
		<name>face</name>
		<pose>Unspecified</pose>
		<truncated>0</truncated>
		<difficult>0</difficult>
		<occluded>0</occluded>
		<bndbox>
			<xmin>1</xmin>
			<xmax>70</xmax>
			<ymin>105</ymin>
			<ymax>208</ymax>
		</bndbox>
	</object>
</annotation>
