<annotation>
	<folder></folder>
	<filename>Angelo_Reyes_0003_jpg.rf.8a500bd72f07b3ec1b47c2731004dd84.jpg</filename>
	<path>Angelo_Reyes_0003_jpg.rf.8a500bd72f07b3ec1b47c2731004dd84.jpg</path>
	<source>
		<database>roboflow.ai</database>
	</source>
	<size>
		<width>250</width>
		<height>250</height>
		<depth>3</depth>
	</size>
	<segmented>0</segmented>
	<object>
		<name>face</name>
		<pose>Unspecified</pose>
		<truncated>0</truncated>
		<difficult>0</difficult>
		<occluded>0</occluded>
		<bndbox>
			<xmin>72</xmin>
			<xmax>177</xmax>
			<ymin>93</ymin>
			<ymax>192</ymax>
		</bndbox>
	</object>
	<object>
		<name>hand</name>
		<pose>Unspecified</pose>
		<truncated>0</truncated>
		<difficult>0</difficult>
		<occluded>0</occluded>
		<bndbox>
			<xmin>1</xmin>
			<xmax>96</xmax>
			<ymin>61</ymin>
			<ymax>162</ymax>
		</bndbox>
	</object>
</annotation>
