<annotation>
	<folder></folder>
	<filename>Angela_Bassett_0001_jpg.rf.14b2f6f00a4e74c071bd06e8155041fd.jpg</filename>
	<path>Angela_Bassett_0001_jpg.rf.14b2f6f00a4e74c071bd06e8155041fd.jpg</path>
	<source>
		<database>roboflow.ai</database>
	</source>
	<size>
		<width>250</width>
		<height>250</height>
		<depth>3</depth>
	</size>
	<segmented>0</segmented>
	<object>
		<name>face</name>
		<pose>Unspecified</pose>
		<truncated>0</truncated>
		<difficult>0</difficult>
		<occluded>0</occluded>
		<bndbox>
			<xmin>82</xmin>
			<xmax>179</xmax>
			<ymin>89</ymin>
			<ymax>208</ymax>
		</bndbox>
	</object>
</annotation>
