<annotation>
	<folder></folder>
	<filename>Angelina_Jolie_0019_jpg.rf.81629304620a3261fce661d5bbb6e11b.jpg</filename>
	<path>Angelina_Jolie_0019_jpg.rf.81629304620a3261fce661d5bbb6e11b.jpg</path>
	<source>
		<database>roboflow.ai</database>
	</source>
	<size>
		<width>250</width>
		<height>250</height>
		<depth>3</depth>
	</size>
	<segmented>0</segmented>
	<object>
		<name>face</name>
		<pose>Unspecified</pose>
		<truncated>0</truncated>
		<difficult>0</difficult>
		<occluded>0</occluded>
		<bndbox>
			<xmin>91</xmin>
			<xmax>178</xmax>
			<ymin>89</ymin>
			<ymax>189</ymax>
		</bndbox>
	</object>
	<object>
		<name>hand</name>
		<pose>Unspecified</pose>
		<truncated>0</truncated>
		<difficult>0</difficult>
		<occluded>0</occluded>
		<bndbox>
			<xmin>126</xmin>
			<xmax>229</xmax>
			<ymin>201</ymin>
			<ymax>250</ymax>
		</bndbox>
	</object>
</annotation>
