<annotation>
	<folder></folder>
	<filename>Angel_Maza_0001_jpg.rf.8d4a5676f8b464de7f316a246d0eaa8d.jpg</filename>
	<path>Angel_Maza_0001_jpg.rf.8d4a5676f8b464de7f316a246d0eaa8d.jpg</path>
	<source>
		<database>roboflow.ai</database>
	</source>
	<size>
		<width>250</width>
		<height>250</height>
		<depth>3</depth>
	</size>
	<segmented>0</segmented>
	<object>
		<name>face</name>
		<pose>Unspecified</pose>
		<truncated>0</truncated>
		<difficult>0</difficult>
		<occluded>0</occluded>
		<bndbox>
			<xmin>86</xmin>
			<xmax>165</xmax>
			<ymin>94</ymin>
			<ymax>180</ymax>
		</bndbox>
	</object>
	<object>
		<name>face</name>
		<pose>Unspecified</pose>
		<truncated>0</truncated>
		<difficult>0</difficult>
		<occluded>0</occluded>
		<bndbox>
			<xmin>11</xmin>
			<xmax>84</xmax>
			<ymin>42</ymin>
			<ymax>121</ymax>
		</bndbox>
	</object>
</annotation>
