<annotation>
	<folder></folder>
	<filename>Angela_Bassett_0004_jpg.rf.f3d3c79056e004e081f6abcf6c6e9ba8.jpg</filename>
	<path>Angela_Bassett_0004_jpg.rf.f3d3c79056e004e081f6abcf6c6e9ba8.jpg</path>
	<source>
		<database>roboflow.ai</database>
	</source>
	<size>
		<width>250</width>
		<height>250</height>
		<depth>3</depth>
	</size>
	<segmented>0</segmented>
	<object>
		<name>face</name>
		<pose>Unspecified</pose>
		<truncated>0</truncated>
		<difficult>0</difficult>
		<occluded>0</occluded>
		<bndbox>
			<xmin>88</xmin>
			<xmax>182</xmax>
			<ymin>90</ymin>
			<ymax>201</ymax>
		</bndbox>
	</object>
</annotation>
