<annotation>
	<folder></folder>
	<filename>Angelina_Jolie_0018_jpg.rf.b62d3ef3380c53988fd6739515bc4bf0.jpg</filename>
	<path>Angelina_Jolie_0018_jpg.rf.b62d3ef3380c53988fd6739515bc4bf0.jpg</path>
	<source>
		<database>roboflow.ai</database>
	</source>
	<size>
		<width>250</width>
		<height>250</height>
		<depth>3</depth>
	</size>
	<segmented>0</segmented>
	<object>
		<name>face</name>
		<pose>Unspecified</pose>
		<truncated>0</truncated>
		<difficult>0</difficult>
		<occluded>0</occluded>
		<bndbox>
			<xmin>81</xmin>
			<xmax>165</xmax>
			<ymin>88</ymin>
			<ymax>193</ymax>
		</bndbox>
	</object>
	<object>
		<name>hand</name>
		<pose>Unspecified</pose>
		<truncated>0</truncated>
		<difficult>0</difficult>
		<occluded>0</occluded>
		<bndbox>
			<xmin>43</xmin>
			<xmax>165</xmax>
			<ymin>181</ymin>
			<ymax>250</ymax>
		</bndbox>
	</object>
</annotation>
