<annotation>
	<folder></folder>
	<filename>Anibal_Ibarra_0003_jpg.rf.9ac9e685059b7b600778a54630463e13.jpg</filename>
	<path>Anibal_Ibarra_0003_jpg.rf.9ac9e685059b7b600778a54630463e13.jpg</path>
	<source>
		<database>roboflow.ai</database>
	</source>
	<size>
		<width>250</width>
		<height>250</height>
		<depth>3</depth>
	</size>
	<segmented>0</segmented>
	<object>
		<name>hand</name>
		<pose>Unspecified</pose>
		<truncated>0</truncated>
		<difficult>0</difficult>
		<occluded>0</occluded>
		<bndbox>
			<xmin>74</xmin>
			<xmax>163</xmax>
			<ymin>140</ymin>
			<ymax>248</ymax>
		</bndbox>
	</object>
	<object>
		<name>face</name>
		<pose>Unspecified</pose>
		<truncated>0</truncated>
		<difficult>0</difficult>
		<occluded>0</occluded>
		<bndbox>
			<xmin>78</xmin>
			<xmax>166</xmax>
			<ymin>95</ymin>
			<ymax>194</ymax>
		</bndbox>
	</object>
</annotation>
