<annotation>
	<folder></folder>
	<filename>Anibal_Ibarra_0001_jpg.rf.5b2d1d41abf2383431739b7176b7ad8f.jpg</filename>
	<path>Anibal_Ibarra_0001_jpg.rf.5b2d1d41abf2383431739b7176b7ad8f.jpg</path>
	<source>
		<database>roboflow.ai</database>
	</source>
	<size>
		<width>250</width>
		<height>250</height>
		<depth>3</depth>
	</size>
	<segmented>0</segmented>
	<object>
		<name>hand</name>
		<pose>Unspecified</pose>
		<truncated>0</truncated>
		<difficult>0</difficult>
		<occluded>0</occluded>
		<bndbox>
			<xmin>63</xmin>
			<xmax>128</xmax>
			<ymin>163</ymin>
			<ymax>249</ymax>
		</bndbox>
	</object>
	<object>
		<name>hand</name>
		<pose>Unspecified</pose>
		<truncated>0</truncated>
		<difficult>0</difficult>
		<occluded>0</occluded>
		<bndbox>
			<xmin>128</xmin>
			<xmax>193</xmax>
			<ymin>157</ymin>
			<ymax>249</ymax>
		</bndbox>
	</object>
	<object>
		<name>face</name>
		<pose>Unspecified</pose>
		<truncated>0</truncated>
		<difficult>0</difficult>
		<occluded>0</occluded>
		<bndbox>
			<xmin>81</xmin>
			<xmax>175</xmax>
			<ymin>89</ymin>
			<ymax>191</ymax>
		</bndbox>
	</object>
</annotation>
