<annotation>
	<folder></folder>
	<filename>Anil_Ramsook_0001_jpg.rf.6904d8a7c5e923ae221aec33c236e49d.jpg</filename>
	<path>Anil_Ramsook_0001_jpg.rf.6904d8a7c5e923ae221aec33c236e49d.jpg</path>
	<source>
		<database>roboflow.ai</database>
	</source>
	<size>
		<width>250</width>
		<height>250</height>
		<depth>3</depth>
	</size>
	<segmented>0</segmented>
	<object>
		<name>face</name>
		<pose>Unspecified</pose>
		<truncated>0</truncated>
		<difficult>0</difficult>
		<occluded>0</occluded>
		<bndbox>
			<xmin>86</xmin>
			<xmax>167</xmax>
			<ymin>88</ymin>
			<ymax>175</ymax>
		</bndbox>
	</object>
</annotation>
