<annotation>
	<folder></folder>
	<filename>Anjum_Hussain_0001_jpg.rf.5916e76d3c2b602de80add220e0c2a54.jpg</filename>
	<path>Anjum_Hussain_0001_jpg.rf.5916e76d3c2b602de80add220e0c2a54.jpg</path>
	<source>
		<database>roboflow.ai</database>
	</source>
	<size>
		<width>250</width>
		<height>250</height>
		<depth>3</depth>
	</size>
	<segmented>0</segmented>
	<object>
		<name>face</name>
		<pose>Unspecified</pose>
		<truncated>0</truncated>
		<difficult>0</difficult>
		<occluded>0</occluded>
		<bndbox>
			<xmin>78</xmin>
			<xmax>174</xmax>
			<ymin>97</ymin>
			<ymax>204</ymax>
		</bndbox>
	</object>
</annotation>
