<annotation>
	<folder></folder>
	<filename>Ann_Veneman_0002_jpg.rf.de5f4181d5098b7e81945523ba087d7a.jpg</filename>
	<path>Ann_Veneman_0002_jpg.rf.de5f4181d5098b7e81945523ba087d7a.jpg</path>
	<source>
		<database>roboflow.ai</database>
	</source>
	<size>
		<width>250</width>
		<height>250</height>
		<depth>3</depth>
	</size>
	<segmented>0</segmented>
	<object>
		<name>hand</name>
		<pose>Unspecified</pose>
		<truncated>0</truncated>
		<difficult>0</difficult>
		<occluded>0</occluded>
		<bndbox>
			<xmin>27</xmin>
			<xmax>130</xmax>
			<ymin>176</ymin>
			<ymax>250</ymax>
		</bndbox>
	</object>
	<object>
		<name>face</name>
		<pose>Unspecified</pose>
		<truncated>0</truncated>
		<difficult>0</difficult>
		<occluded>0</occluded>
		<bndbox>
			<xmin>77</xmin>
			<xmax>170</xmax>
			<ymin>90</ymin>
			<ymax>189</ymax>
		</bndbox>
	</object>
</annotation>
