<annotation>
	<folder></folder>
	<filename>Ann_Veneman_0010_jpg.rf.07edffc8997965c8d8ff931c807cca3e.jpg</filename>
	<path>Ann_Veneman_0010_jpg.rf.07edffc8997965c8d8ff931c807cca3e.jpg</path>
	<source>
		<database>roboflow.ai</database>
	</source>
	<size>
		<width>250</width>
		<height>250</height>
		<depth>3</depth>
	</size>
	<segmented>0</segmented>
	<object>
		<name>face</name>
		<pose>Unspecified</pose>
		<truncated>0</truncated>
		<difficult>0</difficult>
		<occluded>0</occluded>
		<bndbox>
			<xmin>93</xmin>
			<xmax>184</xmax>
			<ymin>96</ymin>
			<ymax>191</ymax>
		</bndbox>
	</object>
	<object>
		<name>hand</name>
		<pose>Unspecified</pose>
		<truncated>0</truncated>
		<difficult>0</difficult>
		<occluded>0</occluded>
		<bndbox>
			<xmin>49</xmin>
			<xmax>137</xmax>
			<ymin>141</ymin>
			<ymax>249</ymax>
		</bndbox>
	</object>
</annotation>
