<annotation>
	<folder></folder>
	<filename>Anna_Kournikova_0002_jpg.rf.5b9e386a1906420c0ebd3119c9627895.jpg</filename>
	<path>Anna_Kournikova_0002_jpg.rf.5b9e386a1906420c0ebd3119c9627895.jpg</path>
	<source>
		<database>roboflow.ai</database>
	</source>
	<size>
		<width>250</width>
		<height>250</height>
		<depth>3</depth>
	</size>
	<segmented>0</segmented>
	<object>
		<name>face</name>
		<pose>Unspecified</pose>
		<truncated>0</truncated>
		<difficult>0</difficult>
		<occluded>0</occluded>
		<bndbox>
			<xmin>93</xmin>
			<xmax>178</xmax>
			<ymin>94</ymin>
			<ymax>187</ymax>
		</bndbox>
	</object>
	<object>
		<name>hand</name>
		<pose>Unspecified</pose>
		<truncated>0</truncated>
		<difficult>0</difficult>
		<occluded>0</occluded>
		<bndbox>
			<xmin>11</xmin>
			<xmax>69</xmax>
			<ymin>50</ymin>
			<ymax>118</ymax>
		</bndbox>
	</object>
</annotation>
