<annotation>
	<folder></folder>
	<filename>Anne_Krueger_0001_jpg.rf.8a68312d0757c21cb2c54b27fafffc7d.jpg</filename>
	<path>Anne_Krueger_0001_jpg.rf.8a68312d0757c21cb2c54b27fafffc7d.jpg</path>
	<source>
		<database>roboflow.ai</database>
	</source>
	<size>
		<width>250</width>
		<height>250</height>
		<depth>3</depth>
	</size>
	<segmented>0</segmented>
	<object>
		<name>face</name>
		<pose>Unspecified</pose>
		<truncated>0</truncated>
		<difficult>0</difficult>
		<occluded>0</occluded>
		<bndbox>
			<xmin>71</xmin>
			<xmax>176</xmax>
			<ymin>92</ymin>
			<ymax>186</ymax>
		</bndbox>
	</object>
</annotation>
