<annotation>
	<folder></folder>
	<filename>Anne_ONeil_0001_jpg.rf.c4a4d4841cc552695d81bafa7c63a56b.jpg</filename>
	<path>Anne_ONeil_0001_jpg.rf.c4a4d4841cc552695d81bafa7c63a56b.jpg</path>
	<source>
		<database>roboflow.ai</database>
	</source>
	<size>
		<width>250</width>
		<height>250</height>
		<depth>3</depth>
	</size>
	<segmented>0</segmented>
	<object>
		<name>face</name>
		<pose>Unspecified</pose>
		<truncated>0</truncated>
		<difficult>0</difficult>
		<occluded>0</occluded>
		<bndbox>
			<xmin>75</xmin>
			<xmax>181</xmax>
			<ymin>94</ymin>
			<ymax>187</ymax>
		</bndbox>
	</object>
	<object>
		<name>hand</name>
		<pose>Unspecified</pose>
		<truncated>0</truncated>
		<difficult>0</difficult>
		<occluded>0</occluded>
		<bndbox>
			<xmin>34</xmin>
			<xmax>76</xmax>
			<ymin>129</ymin>
			<ymax>198</ymax>
		</bndbox>
	</object>
	<object>
		<name>face</name>
		<pose>Unspecified</pose>
		<truncated>0</truncated>
		<difficult>0</difficult>
		<occluded>0</occluded>
		<bndbox>
			<xmin>1</xmin>
			<xmax>50</xmax>
			<ymin>103</ymin>
			<ymax>187</ymax>
		</bndbox>
	</object>
</annotation>
