<annotation>
	<folder></folder>
	<filename>Anthony_Hopkins_0001_jpg.rf.484e10cfb084b80c881d3ac526b81426.jpg</filename>
	<path>Anthony_Hopkins_0001_jpg.rf.484e10cfb084b80c881d3ac526b81426.jpg</path>
	<source>
		<database>roboflow.ai</database>
	</source>
	<size>
		<width>250</width>
		<height>250</height>
		<depth>3</depth>
	</size>
	<segmented>0</segmented>
	<object>
		<name>face</name>
		<pose>Unspecified</pose>
		<truncated>0</truncated>
		<difficult>0</difficult>
		<occluded>0</occluded>
		<bndbox>
			<xmin>71</xmin>
			<xmax>181</xmax>
			<ymin>95</ymin>
			<ymax>205</ymax>
		</bndbox>
	</object>
	<object>
		<name>hand</name>
		<pose>Unspecified</pose>
		<truncated>0</truncated>
		<difficult>0</difficult>
		<occluded>0</occluded>
		<bndbox>
			<xmin>168</xmin>
			<xmax>241</xmax>
			<ymin>133</ymin>
			<ymax>216</ymax>
		</bndbox>
	</object>
	<object>
		<name>hand</name>
		<pose>Unspecified</pose>
		<truncated>0</truncated>
		<difficult>0</difficult>
		<occluded>0</occluded>
		<bndbox>
			<xmin>1</xmin>
			<xmax>77</xmax>
			<ymin>130</ymin>
			<ymax>213</ymax>
		</bndbox>
	</object>
</annotation>
