<annotation>
	<folder></folder>
	<filename>Anthony_Pisciotti_0001_jpg.rf.1ddea9b88794fab1dcd448aab9d3409f.jpg</filename>
	<path>Anthony_Pisciotti_0001_jpg.rf.1ddea9b88794fab1dcd448aab9d3409f.jpg</path>
	<source>
		<database>roboflow.ai</database>
	</source>
	<size>
		<width>250</width>
		<height>250</height>
		<depth>3</depth>
	</size>
	<segmented>0</segmented>
	<object>
		<name>face</name>
		<pose>Unspecified</pose>
		<truncated>0</truncated>
		<difficult>0</difficult>
		<occluded>0</occluded>
		<bndbox>
			<xmin>76</xmin>
			<xmax>160</xmax>
			<ymin>96</ymin>
			<ymax>182</ymax>
		</bndbox>
	</object>
	<object>
		<name>hand</name>
		<pose>Unspecified</pose>
		<truncated>0</truncated>
		<difficult>0</difficult>
		<occluded>0</occluded>
		<bndbox>
			<xmin>33</xmin>
			<xmax>116</xmax>
			<ymin>213</ymin>
			<ymax>250</ymax>
		</bndbox>
	</object>
</annotation>
