<annotation>
	<folder></folder>
	<filename>Anthony_Pico_0001_jpg.rf.dd800f55f6f6963b45dcc03d679d8b33.jpg</filename>
	<path>Anthony_Pico_0001_jpg.rf.dd800f55f6f6963b45dcc03d679d8b33.jpg</path>
	<source>
		<database>roboflow.ai</database>
	</source>
	<size>
		<width>250</width>
		<height>250</height>
		<depth>3</depth>
	</size>
	<segmented>0</segmented>
	<object>
		<name>face</name>
		<pose>Unspecified</pose>
		<truncated>0</truncated>
		<difficult>0</difficult>
		<occluded>0</occluded>
		<bndbox>
			<xmin>70</xmin>
			<xmax>174</xmax>
			<ymin>92</ymin>
			<ymax>202</ymax>
		</bndbox>
	</object>
</annotation>
