<annotation>
	<folder></folder>
	<filename>Antje_Buschschulte_0001_jpg.rf.ed4e4916b046b38c9fe1d784ea9b459f.jpg</filename>
	<path>Antje_Buschschulte_0001_jpg.rf.ed4e4916b046b38c9fe1d784ea9b459f.jpg</path>
	<source>
		<database>roboflow.ai</database>
	</source>
	<size>
		<width>250</width>
		<height>250</height>
		<depth>3</depth>
	</size>
	<segmented>0</segmented>
	<object>
		<name>face</name>
		<pose>Unspecified</pose>
		<truncated>0</truncated>
		<difficult>0</difficult>
		<occluded>0</occluded>
		<bndbox>
			<xmin>77</xmin>
			<xmax>167</xmax>
			<ymin>94</ymin>
			<ymax>194</ymax>
		</bndbox>
	</object>
	<object>
		<name>hand</name>
		<pose>Unspecified</pose>
		<truncated>0</truncated>
		<difficult>0</difficult>
		<occluded>0</occluded>
		<bndbox>
			<xmin>27</xmin>
			<xmax>92</xmax>
			<ymin>168</ymin>
			<ymax>250</ymax>
		</bndbox>
	</object>
</annotation>
