<annotation>
	<folder></folder>
	<filename>Antonio_Palocci_0004_jpg.rf.87da193dc26d3de4729d74e1051cd4f9.jpg</filename>
	<path>Antonio_Palocci_0004_jpg.rf.87da193dc26d3de4729d74e1051cd4f9.jpg</path>
	<source>
		<database>roboflow.ai</database>
	</source>
	<size>
		<width>250</width>
		<height>250</height>
		<depth>3</depth>
	</size>
	<segmented>0</segmented>
	<object>
		<name>face</name>
		<pose>Unspecified</pose>
		<truncated>0</truncated>
		<difficult>0</difficult>
		<occluded>0</occluded>
		<bndbox>
			<xmin>80</xmin>
			<xmax>175</xmax>
			<ymin>82</ymin>
			<ymax>199</ymax>
		</bndbox>
	</object>
	<object>
		<name>hand</name>
		<pose>Unspecified</pose>
		<truncated>0</truncated>
		<difficult>0</difficult>
		<occluded>0</occluded>
		<bndbox>
			<xmin>162</xmin>
			<xmax>249</xmax>
			<ymin>173</ymin>
			<ymax>250</ymax>
		</bndbox>
	</object>
	<object>
		<name>hand</name>
		<pose>Unspecified</pose>
		<truncated>0</truncated>
		<difficult>0</difficult>
		<occluded>0</occluded>
		<bndbox>
			<xmin>27</xmin>
			<xmax>93</xmax>
			<ymin>186</ymin>
			<ymax>250</ymax>
		</bndbox>
	</object>
</annotation>
