<annotation>
	<folder></folder>
	<filename>Anwar_Ibrahim_0002_jpg.rf.05b7d55903c0b6687657d06d95948cc4.jpg</filename>
	<path>Anwar_Ibrahim_0002_jpg.rf.05b7d55903c0b6687657d06d95948cc4.jpg</path>
	<source>
		<database>roboflow.ai</database>
	</source>
	<size>
		<width>250</width>
		<height>250</height>
		<depth>3</depth>
	</size>
	<segmented>0</segmented>
	<object>
		<name>face</name>
		<pose>Unspecified</pose>
		<truncated>0</truncated>
		<difficult>0</difficult>
		<occluded>0</occluded>
		<bndbox>
			<xmin>79</xmin>
			<xmax>183</xmax>
			<ymin>98</ymin>
			<ymax>194</ymax>
		</bndbox>
	</object>
</annotation>
