<annotation>
	<folder></folder>
	<filename>Aram_Adler_0001_jpg.rf.780b928a4a09b92eb642991eabac42e8.jpg</filename>
	<path>Aram_Adler_0001_jpg.rf.780b928a4a09b92eb642991eabac42e8.jpg</path>
	<source>
		<database>roboflow.ai</database>
	</source>
	<size>
		<width>250</width>
		<height>250</height>
		<depth>3</depth>
	</size>
	<segmented>0</segmented>
	<object>
		<name>hand</name>
		<pose>Unspecified</pose>
		<truncated>0</truncated>
		<difficult>0</difficult>
		<occluded>0</occluded>
		<bndbox>
			<xmin>48</xmin>
			<xmax>109</xmax>
			<ymin>49</ymin>
			<ymax>124</ymax>
		</bndbox>
	</object>
	<object>
		<name>hand</name>
		<pose>Unspecified</pose>
		<truncated>0</truncated>
		<difficult>0</difficult>
		<occluded>0</occluded>
		<bndbox>
			<xmin>106</xmin>
			<xmax>181</xmax>
			<ymin>45</ymin>
			<ymax>132</ymax>
		</bndbox>
	</object>
	<object>
		<name>face</name>
		<pose>Unspecified</pose>
		<truncated>0</truncated>
		<difficult>0</difficult>
		<occluded>0</occluded>
		<bndbox>
			<xmin>78</xmin>
			<xmax>166</xmax>
			<ymin>93</ymin>
			<ymax>203</ymax>
		</bndbox>
	</object>
</annotation>
