<annotation>
	<folder></folder>
	<filename>Arantxa_Sanchez-Vicario_0001_jpg.rf.bc3cdf7a360bbcea4e1569410eeaf904.jpg</filename>
	<path>Arantxa_Sanchez-Vicario_0001_jpg.rf.bc3cdf7a360bbcea4e1569410eeaf904.jpg</path>
	<source>
		<database>roboflow.ai</database>
	</source>
	<size>
		<width>250</width>
		<height>250</height>
		<depth>3</depth>
	</size>
	<segmented>0</segmented>
	<object>
		<name>face</name>
		<pose>Unspecified</pose>
		<truncated>0</truncated>
		<difficult>0</difficult>
		<occluded>0</occluded>
		<bndbox>
			<xmin>86</xmin>
			<xmax>174</xmax>
			<ymin>96</ymin>
			<ymax>190</ymax>
		</bndbox>
	</object>
	<object>
		<name>hand</name>
		<pose>Unspecified</pose>
		<truncated>0</truncated>
		<difficult>0</difficult>
		<occluded>0</occluded>
		<bndbox>
			<xmin>134</xmin>
			<xmax>209</xmax>
			<ymin>154</ymin>
			<ymax>232</ymax>
		</bndbox>
	</object>
</annotation>
