<annotation>
	<folder></folder>
	<filename>Aretha_Franklin_0001_jpg.rf.0e35a04d3f3234c24dfb0789fb76b0b9.jpg</filename>
	<path>Aretha_Franklin_0001_jpg.rf.0e35a04d3f3234c24dfb0789fb76b0b9.jpg</path>
	<source>
		<database>roboflow.ai</database>
	</source>
	<size>
		<width>250</width>
		<height>250</height>
		<depth>3</depth>
	</size>
	<segmented>0</segmented>
	<object>
		<name>face</name>
		<pose>Unspecified</pose>
		<truncated>0</truncated>
		<difficult>0</difficult>
		<occluded>0</occluded>
		<bndbox>
			<xmin>84</xmin>
			<xmax>174</xmax>
			<ymin>95</ymin>
			<ymax>204</ymax>
		</bndbox>
	</object>
	<object>
		<name>hand</name>
		<pose>Unspecified</pose>
		<truncated>0</truncated>
		<difficult>0</difficult>
		<occluded>0</occluded>
		<bndbox>
			<xmin>1</xmin>
			<xmax>32</xmax>
			<ymin>53</ymin>
			<ymax>115</ymax>
		</bndbox>
	</object>
</annotation>
