<annotation>
	<folder></folder>
	<filename>Ariel_Sharon_0060_jpg.rf.b842fe4f25b3eb4e85b9a9ef408d5538.jpg</filename>
	<path>Ariel_Sharon_0060_jpg.rf.b842fe4f25b3eb4e85b9a9ef408d5538.jpg</path>
	<source>
		<database>roboflow.ai</database>
	</source>
	<size>
		<width>250</width>
		<height>250</height>
		<depth>3</depth>
	</size>
	<segmented>0</segmented>
	<object>
		<name>hand</name>
		<pose>Unspecified</pose>
		<truncated>0</truncated>
		<difficult>0</difficult>
		<occluded>0</occluded>
		<bndbox>
			<xmin>9</xmin>
			<xmax>90</xmax>
			<ymin>82</ymin>
			<ymax>213</ymax>
		</bndbox>
	</object>
	<object>
		<name>hand</name>
		<pose>Unspecified</pose>
		<truncated>0</truncated>
		<difficult>0</difficult>
		<occluded>0</occluded>
		<bndbox>
			<xmin>187</xmin>
			<xmax>250</xmax>
			<ymin>122</ymin>
			<ymax>237</ymax>
		</bndbox>
	</object>
	<object>
		<name>face</name>
		<pose>Unspecified</pose>
		<truncated>0</truncated>
		<difficult>0</difficult>
		<occluded>0</occluded>
		<bndbox>
			<xmin>85</xmin>
			<xmax>166</xmax>
			<ymin>91</ymin>
			<ymax>192</ymax>
		</bndbox>
	</object>
</annotation>
