<annotation>
	<folder></folder>
	<filename>Ariel_Sharon_0072_jpg.rf.8c6f28e1866ef8e78a3d86670871e6aa.jpg</filename>
	<path>Ariel_Sharon_0072_jpg.rf.8c6f28e1866ef8e78a3d86670871e6aa.jpg</path>
	<source>
		<database>roboflow.ai</database>
	</source>
	<size>
		<width>250</width>
		<height>250</height>
		<depth>3</depth>
	</size>
	<segmented>0</segmented>
	<object>
		<name>hand</name>
		<pose>Unspecified</pose>
		<truncated>0</truncated>
		<difficult>0</difficult>
		<occluded>0</occluded>
		<bndbox>
			<xmin>89</xmin>
			<xmax>169</xmax>
			<ymin>135</ymin>
			<ymax>213</ymax>
		</bndbox>
	</object>
	<object>
		<name>face</name>
		<pose>Unspecified</pose>
		<truncated>0</truncated>
		<difficult>0</difficult>
		<occluded>0</occluded>
		<bndbox>
			<xmin>78</xmin>
			<xmax>169</xmax>
			<ymin>85</ymin>
			<ymax>182</ymax>
		</bndbox>
	</object>
</annotation>
