<annotation>
	<folder></folder>
	<filename>Ariel_Sharon_0061_jpg.rf.3e802a84a19e4650d70d4c77af1096cf.jpg</filename>
	<path>Ariel_Sharon_0061_jpg.rf.3e802a84a19e4650d70d4c77af1096cf.jpg</path>
	<source>
		<database>roboflow.ai</database>
	</source>
	<size>
		<width>250</width>
		<height>250</height>
		<depth>3</depth>
	</size>
	<segmented>0</segmented>
	<object>
		<name>face</name>
		<pose>Unspecified</pose>
		<truncated>0</truncated>
		<difficult>0</difficult>
		<occluded>0</occluded>
		<bndbox>
			<xmin>79</xmin>
			<xmax>186</xmax>
			<ymin>93</ymin>
			<ymax>200</ymax>
		</bndbox>
	</object>
	<object>
		<name>hand</name>
		<pose>Unspecified</pose>
		<truncated>0</truncated>
		<difficult>0</difficult>
		<occluded>0</occluded>
		<bndbox>
			<xmin>60</xmin>
			<xmax>138</xmax>
			<ymin>147</ymin>
			<ymax>250</ymax>
		</bndbox>
	</object>
</annotation>
