<annotation>
	<folder></folder>
	<filename>Ariel_Sharon_0018_jpg.rf.69d80c5c5119bd257c08520f82d635ea.jpg</filename>
	<path>Ariel_Sharon_0018_jpg.rf.69d80c5c5119bd257c08520f82d635ea.jpg</path>
	<source>
		<database>roboflow.ai</database>
	</source>
	<size>
		<width>250</width>
		<height>250</height>
		<depth>3</depth>
	</size>
	<segmented>0</segmented>
	<object>
		<name>face</name>
		<pose>Unspecified</pose>
		<truncated>0</truncated>
		<difficult>0</difficult>
		<occluded>0</occluded>
		<bndbox>
			<xmin>62</xmin>
			<xmax>168</xmax>
			<ymin>90</ymin>
			<ymax>183</ymax>
		</bndbox>
	</object>
	<object>
		<name>hand</name>
		<pose>Unspecified</pose>
		<truncated>0</truncated>
		<difficult>0</difficult>
		<occluded>0</occluded>
		<bndbox>
			<xmin>74</xmin>
			<xmax>160</xmax>
			<ymin>149</ymin>
			<ymax>237</ymax>
		</bndbox>
	</object>
</annotation>
