<annotation>
	<folder></folder>
	<filename>Ariel_Sharon_0049_jpg.rf.b0c13d4ea046c99461fb6507675c2472.jpg</filename>
	<path>Ariel_Sharon_0049_jpg.rf.b0c13d4ea046c99461fb6507675c2472.jpg</path>
	<source>
		<database>roboflow.ai</database>
	</source>
	<size>
		<width>250</width>
		<height>250</height>
		<depth>3</depth>
	</size>
	<segmented>0</segmented>
	<object>
		<name>hand</name>
		<pose>Unspecified</pose>
		<truncated>0</truncated>
		<difficult>0</difficult>
		<occluded>0</occluded>
		<bndbox>
			<xmin>157</xmin>
			<xmax>225</xmax>
			<ymin>97</ymin>
			<ymax>192</ymax>
		</bndbox>
	</object>
	<object>
		<name>face</name>
		<pose>Unspecified</pose>
		<truncated>0</truncated>
		<difficult>0</difficult>
		<occluded>0</occluded>
		<bndbox>
			<xmin>79</xmin>
			<xmax>167</xmax>
			<ymin>81</ymin>
			<ymax>190</ymax>
		</bndbox>
	</object>
</annotation>
