<annotation>
	<folder></folder>
	<filename>Armando_Avila_Panchame_0001_jpg.rf.42acc48cea077a9957f31346b0e9df90.jpg</filename>
	<path>Armando_Avila_Panchame_0001_jpg.rf.42acc48cea077a9957f31346b0e9df90.jpg</path>
	<source>
		<database>roboflow.ai</database>
	</source>
	<size>
		<width>250</width>
		<height>250</height>
		<depth>3</depth>
	</size>
	<segmented>0</segmented>
	<object>
		<name>face</name>
		<pose>Unspecified</pose>
		<truncated>0</truncated>
		<difficult>0</difficult>
		<occluded>0</occluded>
		<bndbox>
			<xmin>75</xmin>
			<xmax>165</xmax>
			<ymin>93</ymin>
			<ymax>193</ymax>
		</bndbox>
	</object>
</annotation>
