<annotation>
	<folder></folder>
	<filename>Arnie_Boehm_0001_jpg.rf.d8cf69c5b43cf0ddc5a0e08b3a085f8a.jpg</filename>
	<path>Arnie_Boehm_0001_jpg.rf.d8cf69c5b43cf0ddc5a0e08b3a085f8a.jpg</path>
	<source>
		<database>roboflow.ai</database>
	</source>
	<size>
		<width>250</width>
		<height>250</height>
		<depth>3</depth>
	</size>
	<segmented>0</segmented>
	<object>
		<name>face</name>
		<pose>Unspecified</pose>
		<truncated>0</truncated>
		<difficult>0</difficult>
		<occluded>0</occluded>
		<bndbox>
			<xmin>82</xmin>
			<xmax>166</xmax>
			<ymin>100</ymin>
			<ymax>196</ymax>
		</bndbox>
	</object>
</annotation>
