<annotation>
	<folder></folder>
	<filename>Arnoldo_Aleman_0005_jpg.rf.52ed8cded51f648f18b210aabe211eec.jpg</filename>
	<path>Arnoldo_Aleman_0005_jpg.rf.52ed8cded51f648f18b210aabe211eec.jpg</path>
	<source>
		<database>roboflow.ai</database>
	</source>
	<size>
		<width>250</width>
		<height>250</height>
		<depth>3</depth>
	</size>
	<segmented>0</segmented>
	<object>
		<name>face</name>
		<pose>Unspecified</pose>
		<truncated>0</truncated>
		<difficult>0</difficult>
		<occluded>0</occluded>
		<bndbox>
			<xmin>72</xmin>
			<xmax>175</xmax>
			<ymin>90</ymin>
			<ymax>199</ymax>
		</bndbox>
	</object>
	<object>
		<name>hand</name>
		<pose>Unspecified</pose>
		<truncated>0</truncated>
		<difficult>0</difficult>
		<occluded>0</occluded>
		<bndbox>
			<xmin>4</xmin>
			<xmax>57</xmax>
			<ymin>165</ymin>
			<ymax>250</ymax>
		</bndbox>
	</object>
	<object>
		<name>hand</name>
		<pose>Unspecified</pose>
		<truncated>0</truncated>
		<difficult>0</difficult>
		<occluded>0</occluded>
		<bndbox>
			<xmin>116</xmin>
			<xmax>212</xmax>
			<ymin>185</ymin>
			<ymax>248</ymax>
		</bndbox>
	</object>
</annotation>
