<annotation>
	<folder></folder>
	<filename>Arsinee_Khanjian_0001_jpg.rf.ceb95e02f5dfda693cdcad131df73f1c.jpg</filename>
	<path>Arsinee_Khanjian_0001_jpg.rf.ceb95e02f5dfda693cdcad131df73f1c.jpg</path>
	<source>
		<database>roboflow.ai</database>
	</source>
	<size>
		<width>250</width>
		<height>250</height>
		<depth>3</depth>
	</size>
	<segmented>0</segmented>
	<object>
		<name>face</name>
		<pose>Unspecified</pose>
		<truncated>0</truncated>
		<difficult>0</difficult>
		<occluded>0</occluded>
		<bndbox>
			<xmin>68</xmin>
			<xmax>175</xmax>
			<ymin>92</ymin>
			<ymax>212</ymax>
		</bndbox>
	</object>
</annotation>
