<annotation>
	<folder></folder>
	<filename>Ashanti_0003_jpg.rf.f6a0f3c3aaa854353b051af29cec7c4a.jpg</filename>
	<path>Ashanti_0003_jpg.rf.f6a0f3c3aaa854353b051af29cec7c4a.jpg</path>
	<source>
		<database>roboflow.ai</database>
	</source>
	<size>
		<width>250</width>
		<height>250</height>
		<depth>3</depth>
	</size>
	<segmented>0</segmented>
	<object>
		<name>face</name>
		<pose>Unspecified</pose>
		<truncated>0</truncated>
		<difficult>0</difficult>
		<occluded>0</occluded>
		<bndbox>
			<xmin>83</xmin>
			<xmax>171</xmax>
			<ymin>88</ymin>
			<ymax>193</ymax>
		</bndbox>
	</object>
</annotation>
