<annotation>
	<folder></folder>
	<filename>Ashanti_0001_jpg.rf.fe31c2db29e9944660bc6b868379b460.jpg</filename>
	<path>Ashanti_0001_jpg.rf.fe31c2db29e9944660bc6b868379b460.jpg</path>
	<source>
		<database>roboflow.ai</database>
	</source>
	<size>
		<width>250</width>
		<height>250</height>
		<depth>3</depth>
	</size>
	<segmented>0</segmented>
	<object>
		<name>face</name>
		<pose>Unspecified</pose>
		<truncated>0</truncated>
		<difficult>0</difficult>
		<occluded>0</occluded>
		<bndbox>
			<xmin>78</xmin>
			<xmax>174</xmax>
			<ymin>95</ymin>
			<ymax>195</ymax>
		</bndbox>
	</object>
</annotation>
