<annotation>
	<folder></folder>
	<filename>Asif_Hanif_0001_jpg.rf.73a062ab517d791269f379c05d8205aa.jpg</filename>
	<path>Asif_Hanif_0001_jpg.rf.73a062ab517d791269f379c05d8205aa.jpg</path>
	<source>
		<database>roboflow.ai</database>
	</source>
	<size>
		<width>250</width>
		<height>250</height>
		<depth>3</depth>
	</size>
	<segmented>0</segmented>
	<object>
		<name>face</name>
		<pose>Unspecified</pose>
		<truncated>0</truncated>
		<difficult>0</difficult>
		<occluded>0</occluded>
		<bndbox>
			<xmin>81</xmin>
			<xmax>169</xmax>
			<ymin>92</ymin>
			<ymax>194</ymax>
		</bndbox>
	</object>
</annotation>
