<annotation>
	<folder></folder>
	<filename>Asif_Ali_Zardari_0001_jpg.rf.d9971c6b9896f254f570d25d22ad625c.jpg</filename>
	<path>Asif_Ali_Zardari_0001_jpg.rf.d9971c6b9896f254f570d25d22ad625c.jpg</path>
	<source>
		<database>roboflow.ai</database>
	</source>
	<size>
		<width>250</width>
		<height>250</height>
		<depth>3</depth>
	</size>
	<segmented>0</segmented>
	<object>
		<name>face</name>
		<pose>Unspecified</pose>
		<truncated>0</truncated>
		<difficult>0</difficult>
		<occluded>0</occluded>
		<bndbox>
			<xmin>74</xmin>
			<xmax>171</xmax>
			<ymin>97</ymin>
			<ymax>199</ymax>
		</bndbox>
	</object>
	<object>
		<name>face</name>
		<pose>Unspecified</pose>
		<truncated>0</truncated>
		<difficult>0</difficult>
		<occluded>0</occluded>
		<bndbox>
			<xmin>195</xmin>
			<xmax>244</xmax>
			<ymin>1</ymin>
			<ymax>57</ymax>
		</bndbox>
	</object>
</annotation>
