<annotation>
	<folder></folder>
	<filename>Atal_Bihari_Vajpayee_0015_jpg.rf.4884bf0485af6ab40b43079bd9769b10.jpg</filename>
	<path>Atal_Bihari_Vajpayee_0015_jpg.rf.4884bf0485af6ab40b43079bd9769b10.jpg</path>
	<source>
		<database>roboflow.ai</database>
	</source>
	<size>
		<width>250</width>
		<height>250</height>
		<depth>3</depth>
	</size>
	<segmented>0</segmented>
	<object>
		<name>face</name>
		<pose>Unspecified</pose>
		<truncated>0</truncated>
		<difficult>0</difficult>
		<occluded>0</occluded>
		<bndbox>
			<xmin>79</xmin>
			<xmax>165</xmax>
			<ymin>91</ymin>
			<ymax>184</ymax>
		</bndbox>
	</object>
	<object>
		<name>face</name>
		<pose>Unspecified</pose>
		<truncated>0</truncated>
		<difficult>0</difficult>
		<occluded>0</occluded>
		<bndbox>
			<xmin>1</xmin>
			<xmax>83</xmax>
			<ymin>1</ymin>
			<ymax>74</ymax>
		</bndbox>
	</object>
	<object>
		<name>hand</name>
		<pose>Unspecified</pose>
		<truncated>0</truncated>
		<difficult>0</difficult>
		<occluded>0</occluded>
		<bndbox>
			<xmin>158</xmin>
			<xmax>227</xmax>
			<ymin>188</ymin>
			<ymax>250</ymax>
		</bndbox>
	</object>
</annotation>
