<annotation>
	<folder></folder>
	<filename>Atal_Bihari_Vajpayee_0002_jpg.rf.086aedff0b5fef47bc198b4bfb3ef33c.jpg</filename>
	<path>Atal_Bihari_Vajpayee_0002_jpg.rf.086aedff0b5fef47bc198b4bfb3ef33c.jpg</path>
	<source>
		<database>roboflow.ai</database>
	</source>
	<size>
		<width>250</width>
		<height>250</height>
		<depth>3</depth>
	</size>
	<segmented>0</segmented>
	<object>
		<name>face</name>
		<pose>Unspecified</pose>
		<truncated>0</truncated>
		<difficult>0</difficult>
		<occluded>0</occluded>
		<bndbox>
			<xmin>84</xmin>
			<xmax>185</xmax>
			<ymin>85</ymin>
			<ymax>185</ymax>
		</bndbox>
	</object>
</annotation>
