<annotation>
	<folder></folder>
	<filename>Atiabet_Ijan_Amabel_0001_jpg.rf.9146b6f84823330d5c4138b1ca999955.jpg</filename>
	<path>Atiabet_Ijan_Amabel_0001_jpg.rf.9146b6f84823330d5c4138b1ca999955.jpg</path>
	<source>
		<database>roboflow.ai</database>
	</source>
	<size>
		<width>250</width>
		<height>250</height>
		<depth>3</depth>
	</size>
	<segmented>0</segmented>
	<object>
		<name>face</name>
		<pose>Unspecified</pose>
		<truncated>0</truncated>
		<difficult>0</difficult>
		<occluded>0</occluded>
		<bndbox>
			<xmin>85</xmin>
			<xmax>195</xmax>
			<ymin>96</ymin>
			<ymax>202</ymax>
		</bndbox>
	</object>
</annotation>
