<annotation>
	<folder></folder>
	<filename>Atsushi_Sato_0001_jpg.rf.f387e49ead36c54f0fd04d4a7eb85423.jpg</filename>
	<path>Atsushi_Sato_0001_jpg.rf.f387e49ead36c54f0fd04d4a7eb85423.jpg</path>
	<source>
		<database>roboflow.ai</database>
	</source>
	<size>
		<width>250</width>
		<height>250</height>
		<depth>3</depth>
	</size>
	<segmented>0</segmented>
	<object>
		<name>face</name>
		<pose>Unspecified</pose>
		<truncated>0</truncated>
		<difficult>0</difficult>
		<occluded>0</occluded>
		<bndbox>
			<xmin>90</xmin>
			<xmax>154</xmax>
			<ymin>97</ymin>
			<ymax>192</ymax>
		</bndbox>
	</object>
</annotation>
