<annotation>
	<folder></folder>
	<filename>Augusto_Roa_Bastos_0002_jpg.rf.eb7452cdf31a98f973162715f2c9151c.jpg</filename>
	<path>Augusto_Roa_Bastos_0002_jpg.rf.eb7452cdf31a98f973162715f2c9151c.jpg</path>
	<source>
		<database>roboflow.ai</database>
	</source>
	<size>
		<width>250</width>
		<height>250</height>
		<depth>3</depth>
	</size>
	<segmented>0</segmented>
	<object>
		<name>face</name>
		<pose>Unspecified</pose>
		<truncated>0</truncated>
		<difficult>0</difficult>
		<occluded>0</occluded>
		<bndbox>
			<xmin>92</xmin>
			<xmax>185</xmax>
			<ymin>93</ymin>
			<ymax>189</ymax>
		</bndbox>
	</object>
</annotation>
