<annotation>
	<folder></folder>
	<filename>Aung_San_Suu_Kyi_0001_jpg.rf.22660ea5c191cb39e7cc3d97a248e841.jpg</filename>
	<path>Aung_San_Suu_Kyi_0001_jpg.rf.22660ea5c191cb39e7cc3d97a248e841.jpg</path>
	<source>
		<database>roboflow.ai</database>
	</source>
	<size>
		<width>250</width>
		<height>250</height>
		<depth>3</depth>
	</size>
	<segmented>0</segmented>
	<object>
		<name>face</name>
		<pose>Unspecified</pose>
		<truncated>0</truncated>
		<difficult>0</difficult>
		<occluded>0</occluded>
		<bndbox>
			<xmin>90</xmin>
			<xmax>176</xmax>
			<ymin>99</ymin>
			<ymax>187</ymax>
		</bndbox>
	</object>
</annotation>
