<annotation>
	<folder></folder>
	<filename>Azra_Akin_0003_jpg.rf.6b467c3cd5baf8ad6371ef601b2cdbd3.jpg</filename>
	<path>Azra_Akin_0003_jpg.rf.6b467c3cd5baf8ad6371ef601b2cdbd3.jpg</path>
	<source>
		<database>roboflow.ai</database>
	</source>
	<size>
		<width>250</width>
		<height>250</height>
		<depth>3</depth>
	</size>
	<segmented>0</segmented>
	<object>
		<name>hand</name>
		<pose>Unspecified</pose>
		<truncated>0</truncated>
		<difficult>0</difficult>
		<occluded>0</occluded>
		<bndbox>
			<xmin>179</xmin>
			<xmax>229</xmax>
			<ymin>22</ymin>
			<ymax>136</ymax>
		</bndbox>
	</object>
	<object>
		<name>hand</name>
		<pose>Unspecified</pose>
		<truncated>0</truncated>
		<difficult>0</difficult>
		<occluded>0</occluded>
		<bndbox>
			<xmin>34</xmin>
			<xmax>79</xmax>
			<ymin>35</ymin>
			<ymax>150</ymax>
		</bndbox>
	</object>
	<object>
		<name>face</name>
		<pose>Unspecified</pose>
		<truncated>0</truncated>
		<difficult>0</difficult>
		<occluded>0</occluded>
		<bndbox>
			<xmin>82</xmin>
			<xmax>178</xmax>
			<ymin>97</ymin>
			<ymax>190</ymax>
		</bndbox>
	</object>
</annotation>
