<annotation>
	<folder></folder>
	<filename>Bak_Chang-Ryun_0001_jpg.rf.c6c0030cd84313419787dc8d3d0b55de.jpg</filename>
	<path>Bak_Chang-Ryun_0001_jpg.rf.c6c0030cd84313419787dc8d3d0b55de.jpg</path>
	<source>
		<database>roboflow.ai</database>
	</source>
	<size>
		<width>250</width>
		<height>250</height>
		<depth>3</depth>
	</size>
	<segmented>0</segmented>
	<object>
		<name>face</name>
		<pose>Unspecified</pose>
		<truncated>0</truncated>
		<difficult>0</difficult>
		<occluded>0</occluded>
		<bndbox>
			<xmin>82</xmin>
			<xmax>173</xmax>
			<ymin>100</ymin>
			<ymax>187</ymax>
		</bndbox>
	</object>
	<object>
		<name>face</name>
		<pose>Unspecified</pose>
		<truncated>0</truncated>
		<difficult>0</difficult>
		<occluded>0</occluded>
		<bndbox>
			<xmin>9</xmin>
			<xmax>68</xmax>
			<ymin>102</ymin>
			<ymax>151</ymax>
		</bndbox>
	</object>
</annotation>
