<annotation>
	<folder></folder>
	<filename>BB_King_0001_jpg.rf.23db8dad4f1b9122ef72a322ef92cc85.jpg</filename>
	<path>BB_King_0001_jpg.rf.23db8dad4f1b9122ef72a322ef92cc85.jpg</path>
	<source>
		<database>roboflow.ai</database>
	</source>
	<size>
		<width>250</width>
		<height>250</height>
		<depth>3</depth>
	</size>
	<segmented>0</segmented>
	<object>
		<name>face</name>
		<pose>Unspecified</pose>
		<truncated>0</truncated>
		<difficult>0</difficult>
		<occluded>0</occluded>
		<bndbox>
			<xmin>67</xmin>
			<xmax>177</xmax>
			<ymin>85</ymin>
			<ymax>205</ymax>
		</bndbox>
	</object>
</annotation>
