<annotation>
	<folder></folder>
	<filename>Ben_Betts_0001_jpg.rf.3aa02d3183f0c07d0963ccb031098046.jpg</filename>
	<path>Ben_Betts_0001_jpg.rf.3aa02d3183f0c07d0963ccb031098046.jpg</path>
	<source>
		<database>roboflow.ai</database>
	</source>
	<size>
		<width>250</width>
		<height>250</height>
		<depth>3</depth>
	</size>
	<segmented>0</segmented>
	<object>
		<name>face</name>
		<pose>Unspecified</pose>
		<truncated>0</truncated>
		<difficult>0</difficult>
		<occluded>0</occluded>
		<bndbox>
			<xmin>78</xmin>
			<xmax>171</xmax>
			<ymin>93</ymin>
			<ymax>203</ymax>
		</bndbox>
	</object>
</annotation>
