<annotation>
	<folder></folder>
	<filename>Benedita_da_Silva_0001_jpg.rf.cd2d1cd91ceac32934ae1a929af6d681.jpg</filename>
	<path>Benedita_da_Silva_0001_jpg.rf.cd2d1cd91ceac32934ae1a929af6d681.jpg</path>
	<source>
		<database>roboflow.ai</database>
	</source>
	<size>
		<width>250</width>
		<height>250</height>
		<depth>3</depth>
	</size>
	<segmented>0</segmented>
	<object>
		<name>face</name>
		<pose>Unspecified</pose>
		<truncated>0</truncated>
		<difficult>0</difficult>
		<occluded>0</occluded>
		<bndbox>
			<xmin>71</xmin>
			<xmax>203</xmax>
			<ymin>95</ymin>
			<ymax>229</ymax>
		</bndbox>
	</object>
</annotation>
