<annotation>
	<folder></folder>
	<filename>Benjamin_McKenzie_0001_jpg.rf.f39a731da4e89bf55a3e1babe0cdf582.jpg</filename>
	<path>Benjamin_McKenzie_0001_jpg.rf.f39a731da4e89bf55a3e1babe0cdf582.jpg</path>
	<source>
		<database>roboflow.ai</database>
	</source>
	<size>
		<width>250</width>
		<height>250</height>
		<depth>3</depth>
	</size>
	<segmented>0</segmented>
	<object>
		<name>face</name>
		<pose>Unspecified</pose>
		<truncated>0</truncated>
		<difficult>0</difficult>
		<occluded>0</occluded>
		<bndbox>
			<xmin>82</xmin>
			<xmax>185</xmax>
			<ymin>92</ymin>
			<ymax>205</ymax>
		</bndbox>
	</object>
	<object>
		<name>hand</name>
		<pose>Unspecified</pose>
		<truncated>0</truncated>
		<difficult>0</difficult>
		<occluded>0</occluded>
		<bndbox>
			<xmin>167</xmin>
			<xmax>239</xmax>
			<ymin>112</ymin>
			<ymax>196</ymax>
		</bndbox>
	</object>
</annotation>
