<annotation>
	<folder></folder>
	<filename>Benjamin_Netanyahu_0001_jpg.rf.e47337fbee74eb2e031e116cbeb0d8c0.jpg</filename>
	<path>Benjamin_Netanyahu_0001_jpg.rf.e47337fbee74eb2e031e116cbeb0d8c0.jpg</path>
	<source>
		<database>roboflow.ai</database>
	</source>
	<size>
		<width>250</width>
		<height>250</height>
		<depth>3</depth>
	</size>
	<segmented>0</segmented>
	<object>
		<name>face</name>
		<pose>Unspecified</pose>
		<truncated>0</truncated>
		<difficult>0</difficult>
		<occluded>0</occluded>
		<bndbox>
			<xmin>81</xmin>
			<xmax>174</xmax>
			<ymin>89</ymin>
			<ymax>192</ymax>
		</bndbox>
	</object>
	<object>
		<name>hand</name>
		<pose>Unspecified</pose>
		<truncated>0</truncated>
		<difficult>0</difficult>
		<occluded>0</occluded>
		<bndbox>
			<xmin>149</xmin>
			<xmax>220</xmax>
			<ymin>168</ymin>
			<ymax>250</ymax>
		</bndbox>
	</object>
</annotation>
