<annotation>
	<folder></folder>
	<filename>Bernard_Landry_0003_jpg.rf.8c48b9c86c6eaefaea1a34d4e965930b.jpg</filename>
	<path>Bernard_Landry_0003_jpg.rf.8c48b9c86c6eaefaea1a34d4e965930b.jpg</path>
	<source>
		<database>roboflow.ai</database>
	</source>
	<size>
		<width>250</width>
		<height>250</height>
		<depth>3</depth>
	</size>
	<segmented>0</segmented>
	<object>
		<name>face</name>
		<pose>Unspecified</pose>
		<truncated>0</truncated>
		<difficult>0</difficult>
		<occluded>0</occluded>
		<bndbox>
			<xmin>78</xmin>
			<xmax>178</xmax>
			<ymin>91</ymin>
			<ymax>202</ymax>
		</bndbox>
	</object>
	<object>
		<name>hand</name>
		<pose>Unspecified</pose>
		<truncated>0</truncated>
		<difficult>0</difficult>
		<occluded>0</occluded>
		<bndbox>
			<xmin>6</xmin>
			<xmax>86</xmax>
			<ymin>71</ymin>
			<ymax>179</ymax>
		</bndbox>
	</object>
</annotation>
