<annotation>
	<folder></folder>
	<filename>Bernardo_Segura_0001_jpg.rf.0f144a7f68f98c50801e8dc989d72ebb.jpg</filename>
	<path>Bernardo_Segura_0001_jpg.rf.0f144a7f68f98c50801e8dc989d72ebb.jpg</path>
	<source>
		<database>roboflow.ai</database>
	</source>
	<size>
		<width>250</width>
		<height>250</height>
		<depth>3</depth>
	</size>
	<segmented>0</segmented>
	<object>
		<name>face</name>
		<pose>Unspecified</pose>
		<truncated>0</truncated>
		<difficult>0</difficult>
		<occluded>0</occluded>
		<bndbox>
			<xmin>65</xmin>
			<xmax>163</xmax>
			<ymin>89</ymin>
			<ymax>197</ymax>
		</bndbox>
	</object>
	<object>
		<name>hand</name>
		<pose>Unspecified</pose>
		<truncated>0</truncated>
		<difficult>0</difficult>
		<occluded>0</occluded>
		<bndbox>
			<xmin>93</xmin>
			<xmax>161</xmax>
			<ymin>176</ymin>
			<ymax>248</ymax>
		</bndbox>
	</object>
	<object>
		<name>face</name>
		<pose>Unspecified</pose>
		<truncated>0</truncated>
		<difficult>0</difficult>
		<occluded>0</occluded>
		<bndbox>
			<xmin>170</xmin>
			<xmax>250</xmax>
			<ymin>124</ymin>
			<ymax>210</ymax>
		</bndbox>
	</object>
</annotation>
