<annotation>
	<folder></folder>
	<filename>Beyonce_Knowles_0001_jpg.rf.0a22b8bbbc6d68804692616f0a023632.jpg</filename>
	<path>Beyonce_Knowles_0001_jpg.rf.0a22b8bbbc6d68804692616f0a023632.jpg</path>
	<source>
		<database>roboflow.ai</database>
	</source>
	<size>
		<width>250</width>
		<height>250</height>
		<depth>3</depth>
	</size>
	<segmented>0</segmented>
	<object>
		<name>face</name>
		<pose>Unspecified</pose>
		<truncated>0</truncated>
		<difficult>0</difficult>
		<occluded>0</occluded>
		<bndbox>
			<xmin>74</xmin>
			<xmax>168</xmax>
			<ymin>91</ymin>
			<ymax>209</ymax>
		</bndbox>
	</object>
	<object>
		<name>hand</name>
		<pose>Unspecified</pose>
		<truncated>0</truncated>
		<difficult>0</difficult>
		<occluded>0</occluded>
		<bndbox>
			<xmin>127</xmin>
			<xmax>204</xmax>
			<ymin>192</ymin>
			<ymax>249</ymax>
		</bndbox>
	</object>
</annotation>
