<annotation>
	<folder></folder>
	<filename>Bill_Kong_0001_jpg.rf.246d4ccbabd649572e35b5b04a09b56c.jpg</filename>
	<path>Bill_Kong_0001_jpg.rf.246d4ccbabd649572e35b5b04a09b56c.jpg</path>
	<source>
		<database>roboflow.ai</database>
	</source>
	<size>
		<width>250</width>
		<height>250</height>
		<depth>3</depth>
	</size>
	<segmented>0</segmented>
	<object>
		<name>face</name>
		<pose>Unspecified</pose>
		<truncated>0</truncated>
		<difficult>0</difficult>
		<occluded>0</occluded>
		<bndbox>
			<xmin>83</xmin>
			<xmax>177</xmax>
			<ymin>93</ymin>
			<ymax>188</ymax>
		</bndbox>
	</object>
</annotation>
