<annotation>
	<folder></folder>
	<filename>Bill_Gates_0011_jpg.rf.61097b71a04c77de988961508679b95a.jpg</filename>
	<path>Bill_Gates_0011_jpg.rf.61097b71a04c77de988961508679b95a.jpg</path>
	<source>
		<database>roboflow.ai</database>
	</source>
	<size>
		<width>250</width>
		<height>250</height>
		<depth>3</depth>
	</size>
	<segmented>0</segmented>
	<object>
		<name>face</name>
		<pose>Unspecified</pose>
		<truncated>0</truncated>
		<difficult>0</difficult>
		<occluded>0</occluded>
		<bndbox>
			<xmin>72</xmin>
			<xmax>184</xmax>
			<ymin>92</ymin>
			<ymax>201</ymax>
		</bndbox>
	</object>
</annotation>
