<annotation>
	<folder></folder>
	<filename>Bill_Paxton_0004_jpg.rf.43185af95de293fb195f1ff356fe4691.jpg</filename>
	<path>Bill_Paxton_0004_jpg.rf.43185af95de293fb195f1ff356fe4691.jpg</path>
	<source>
		<database>roboflow.ai</database>
	</source>
	<size>
		<width>250</width>
		<height>250</height>
		<depth>3</depth>
	</size>
	<segmented>0</segmented>
	<object>
		<name>face</name>
		<pose>Unspecified</pose>
		<truncated>0</truncated>
		<difficult>0</difficult>
		<occluded>0</occluded>
		<bndbox>
			<xmin>86</xmin>
			<xmax>183</xmax>
			<ymin>96</ymin>
			<ymax>194</ymax>
		</bndbox>
	</object>
	<object>
		<name>hand</name>
		<pose>Unspecified</pose>
		<truncated>0</truncated>
		<difficult>0</difficult>
		<occluded>0</occluded>
		<bndbox>
			<xmin>169</xmin>
			<xmax>249</xmax>
			<ymin>95</ymin>
			<ymax>180</ymax>
		</bndbox>
	</object>
	<object>
		<name>face</name>
		<pose>Unspecified</pose>
		<truncated>0</truncated>
		<difficult>0</difficult>
		<occluded>0</occluded>
		<bndbox>
			<xmin>1</xmin>
			<xmax>41</xmax>
			<ymin>34</ymin>
			<ymax>168</ymax>
		</bndbox>
	</object>
</annotation>
