<annotation>
	<folder></folder>
	<filename>Bill_Callahan_0001_jpg.rf.e0640029c6cb748a40f31b64547d1cb0.jpg</filename>
	<path>Bill_Callahan_0001_jpg.rf.e0640029c6cb748a40f31b64547d1cb0.jpg</path>
	<source>
		<database>roboflow.ai</database>
	</source>
	<size>
		<width>250</width>
		<height>250</height>
		<depth>3</depth>
	</size>
	<segmented>0</segmented>
	<object>
		<name>hand</name>
		<pose>Unspecified</pose>
		<truncated>0</truncated>
		<difficult>0</difficult>
		<occluded>0</occluded>
		<bndbox>
			<xmin>93</xmin>
			<xmax>175</xmax>
			<ymin>167</ymin>
			<ymax>250</ymax>
		</bndbox>
	</object>
	<object>
		<name>face</name>
		<pose>Unspecified</pose>
		<truncated>0</truncated>
		<difficult>0</difficult>
		<occluded>0</occluded>
		<bndbox>
			<xmin>81</xmin>
			<xmax>176</xmax>
			<ymin>94</ymin>
			<ymax>192</ymax>
		</bndbox>
	</object>
</annotation>
