<annotation>
	<folder></folder>
	<filename>Bison_Dele_0001_jpg.rf.d9b5b626191c1fa090836feb896d940b.jpg</filename>
	<path>Bison_Dele_0001_jpg.rf.d9b5b626191c1fa090836feb896d940b.jpg</path>
	<source>
		<database>roboflow.ai</database>
	</source>
	<size>
		<width>250</width>
		<height>250</height>
		<depth>3</depth>
	</size>
	<segmented>0</segmented>
	<object>
		<name>face</name>
		<pose>Unspecified</pose>
		<truncated>0</truncated>
		<difficult>0</difficult>
		<occluded>0</occluded>
		<bndbox>
			<xmin>77</xmin>
			<xmax>173</xmax>
			<ymin>96</ymin>
			<ymax>193</ymax>
		</bndbox>
	</object>
</annotation>
