<annotation>
	<folder></folder>
	<filename>Bixente_LIzarazu_0001_jpg.rf.31c5f151a15f67906c4cce5a74c51d6e.jpg</filename>
	<path>Bixente_LIzarazu_0001_jpg.rf.31c5f151a15f67906c4cce5a74c51d6e.jpg</path>
	<source>
		<database>roboflow.ai</database>
	</source>
	<size>
		<width>250</width>
		<height>250</height>
		<depth>3</depth>
	</size>
	<segmented>0</segmented>
	<object>
		<name>face</name>
		<pose>Unspecified</pose>
		<truncated>0</truncated>
		<difficult>0</difficult>
		<occluded>0</occluded>
		<bndbox>
			<xmin>86</xmin>
			<xmax>173</xmax>
			<ymin>99</ymin>
			<ymax>193</ymax>
		</bndbox>
	</object>
	<object>
		<name>hand</name>
		<pose>Unspecified</pose>
		<truncated>0</truncated>
		<difficult>0</difficult>
		<occluded>0</occluded>
		<bndbox>
			<xmin>181</xmin>
			<xmax>240</xmax>
			<ymin>166</ymin>
			<ymax>232</ymax>
		</bndbox>
	</object>
</annotation>
