<annotation>
	<folder></folder>
	<filename>Blas_Ople_0001_jpg.rf.dcb2c02d70d8751596caf814770d4d33.jpg</filename>
	<path>Blas_Ople_0001_jpg.rf.dcb2c02d70d8751596caf814770d4d33.jpg</path>
	<source>
		<database>roboflow.ai</database>
	</source>
	<size>
		<width>250</width>
		<height>250</height>
		<depth>3</depth>
	</size>
	<segmented>0</segmented>
	<object>
		<name>face</name>
		<pose>Unspecified</pose>
		<truncated>0</truncated>
		<difficult>0</difficult>
		<occluded>0</occluded>
		<bndbox>
			<xmin>77</xmin>
			<xmax>173</xmax>
			<ymin>89</ymin>
			<ymax>201</ymax>
		</bndbox>
	</object>
</annotation>
