<annotation>
	<folder></folder>
	<filename>Bob_Hayes_0001_jpg.rf.4194b074774b4efbb0d7ff3bef0cc6ba.jpg</filename>
	<path>Bob_Hayes_0001_jpg.rf.4194b074774b4efbb0d7ff3bef0cc6ba.jpg</path>
	<source>
		<database>roboflow.ai</database>
	</source>
	<size>
		<width>250</width>
		<height>250</height>
		<depth>3</depth>
	</size>
	<segmented>0</segmented>
	<object>
		<name>face</name>
		<pose>Unspecified</pose>
		<truncated>0</truncated>
		<difficult>0</difficult>
		<occluded>0</occluded>
		<bndbox>
			<xmin>84</xmin>
			<xmax>174</xmax>
			<ymin>94</ymin>
			<ymax>202</ymax>
		</bndbox>
	</object>
</annotation>
