<annotation>
	<folder></folder>
	<filename>Bobby_Jackson_0001_jpg.rf.e3cf6071156c495b3465de15bc620e74.jpg</filename>
	<path>Bobby_Jackson_0001_jpg.rf.e3cf6071156c495b3465de15bc620e74.jpg</path>
	<source>
		<database>roboflow.ai</database>
	</source>
	<size>
		<width>250</width>
		<height>250</height>
		<depth>3</depth>
	</size>
	<segmented>0</segmented>
	<object>
		<name>face</name>
		<pose>Unspecified</pose>
		<truncated>0</truncated>
		<difficult>0</difficult>
		<occluded>0</occluded>
		<bndbox>
			<xmin>77</xmin>
			<xmax>177</xmax>
			<ymin>89</ymin>
			<ymax>211</ymax>
		</bndbox>
	</object>
</annotation>
