<annotation>
	<folder></folder>
	<filename>Bobo_Balde_0001_jpg.rf.655c95b50a5acc17f9307f5da84fc26d.jpg</filename>
	<path>Bobo_Balde_0001_jpg.rf.655c95b50a5acc17f9307f5da84fc26d.jpg</path>
	<source>
		<database>roboflow.ai</database>
	</source>
	<size>
		<width>250</width>
		<height>250</height>
		<depth>3</depth>
	</size>
	<segmented>0</segmented>
	<object>
		<name>face</name>
		<pose>Unspecified</pose>
		<truncated>0</truncated>
		<difficult>0</difficult>
		<occluded>0</occluded>
		<bndbox>
			<xmin>75</xmin>
			<xmax>167</xmax>
			<ymin>97</ymin>
			<ymax>201</ymax>
		</bndbox>
	</object>
</annotation>
