<annotation>
	<folder></folder>
	<filename>Boutros_Boutros_Ghali_0001_jpg.rf.15ca734a5b992fd48890e1cdccc48bc6.jpg</filename>
	<path>Boutros_Boutros_Ghali_0001_jpg.rf.15ca734a5b992fd48890e1cdccc48bc6.jpg</path>
	<source>
		<database>roboflow.ai</database>
	</source>
	<size>
		<width>250</width>
		<height>250</height>
		<depth>3</depth>
	</size>
	<segmented>0</segmented>
	<object>
		<name>face</name>
		<pose>Unspecified</pose>
		<truncated>0</truncated>
		<difficult>0</difficult>
		<occluded>0</occluded>
		<bndbox>
			<xmin>63</xmin>
			<xmax>165</xmax>
			<ymin>91</ymin>
			<ymax>197</ymax>
		</bndbox>
	</object>
</annotation>
