<annotation>
	<folder></folder>
	<filename>Brad_Alexander_Smith_0001_jpg.rf.a75a64dc4a0dc98b2b086510814cb1b9.jpg</filename>
	<path>Brad_Alexander_Smith_0001_jpg.rf.a75a64dc4a0dc98b2b086510814cb1b9.jpg</path>
	<source>
		<database>roboflow.ai</database>
	</source>
	<size>
		<width>250</width>
		<height>250</height>
		<depth>3</depth>
	</size>
	<segmented>0</segmented>
	<object>
		<name>face</name>
		<pose>Unspecified</pose>
		<truncated>0</truncated>
		<difficult>0</difficult>
		<occluded>0</occluded>
		<bndbox>
			<xmin>72</xmin>
			<xmax>158</xmax>
			<ymin>95</ymin>
			<ymax>188</ymax>
		</bndbox>
	</object>
</annotation>
