<annotation>
	<folder></folder>
	<filename>Brajesh_Mishra_0001_jpg.rf.92a108d7750007e674bf7761d1c897dd.jpg</filename>
	<path>Brajesh_Mishra_0001_jpg.rf.92a108d7750007e674bf7761d1c897dd.jpg</path>
	<source>
		<database>roboflow.ai</database>
	</source>
	<size>
		<width>250</width>
		<height>250</height>
		<depth>3</depth>
	</size>
	<segmented>0</segmented>
	<object>
		<name>face</name>
		<pose>Unspecified</pose>
		<truncated>0</truncated>
		<difficult>0</difficult>
		<occluded>0</occluded>
		<bndbox>
			<xmin>70</xmin>
			<xmax>164</xmax>
			<ymin>93</ymin>
			<ymax>187</ymax>
		</bndbox>
	</object>
</annotation>
