<annotation>
	<folder></folder>
	<filename>Brandon_Hammond_0001_jpg.rf.1d1b5c35e514e51ff206051872e5aafd.jpg</filename>
	<path>Brandon_Hammond_0001_jpg.rf.1d1b5c35e514e51ff206051872e5aafd.jpg</path>
	<source>
		<database>roboflow.ai</database>
	</source>
	<size>
		<width>250</width>
		<height>250</height>
		<depth>3</depth>
	</size>
	<segmented>0</segmented>
	<object>
		<name>face</name>
		<pose>Unspecified</pose>
		<truncated>0</truncated>
		<difficult>0</difficult>
		<occluded>0</occluded>
		<bndbox>
			<xmin>78</xmin>
			<xmax>168</xmax>
			<ymin>95</ymin>
			<ymax>193</ymax>
		</bndbox>
	</object>
</annotation>
