<annotation>
	<folder></folder>
	<filename>Brandon_Lloyd_0001_jpg.rf.ef9c51b67ce7499e20dcbbc67ce76f7e.jpg</filename>
	<path>Brandon_Lloyd_0001_jpg.rf.ef9c51b67ce7499e20dcbbc67ce76f7e.jpg</path>
	<source>
		<database>roboflow.ai</database>
	</source>
	<size>
		<width>250</width>
		<height>250</height>
		<depth>3</depth>
	</size>
	<segmented>0</segmented>
	<object>
		<name>face</name>
		<pose>Unspecified</pose>
		<truncated>0</truncated>
		<difficult>0</difficult>
		<occluded>0</occluded>
		<bndbox>
			<xmin>71</xmin>
			<xmax>160</xmax>
			<ymin>93</ymin>
			<ymax>192</ymax>
		</bndbox>
	</object>
</annotation>
