<annotation>
	<folder></folder>
	<filename>Brandon_Knight_0001_jpg.rf.bdbadfa531cbb4e2b54977364910554d.jpg</filename>
	<path>Brandon_Knight_0001_jpg.rf.bdbadfa531cbb4e2b54977364910554d.jpg</path>
	<source>
		<database>roboflow.ai</database>
	</source>
	<size>
		<width>250</width>
		<height>250</height>
		<depth>3</depth>
	</size>
	<segmented>0</segmented>
	<object>
		<name>face</name>
		<pose>Unspecified</pose>
		<truncated>0</truncated>
		<difficult>0</difficult>
		<occluded>0</occluded>
		<bndbox>
			<xmin>80</xmin>
			<xmax>158</xmax>
			<ymin>90</ymin>
			<ymax>180</ymax>
		</bndbox>
	</object>
</annotation>
