<annotation>
	<folder></folder>
	<filename>Brandon_Spann_0001_jpg.rf.97179c7279fed7e7ef25757375119e63.jpg</filename>
	<path>Brandon_Spann_0001_jpg.rf.97179c7279fed7e7ef25757375119e63.jpg</path>
	<source>
		<database>roboflow.ai</database>
	</source>
	<size>
		<width>250</width>
		<height>250</height>
		<depth>3</depth>
	</size>
	<segmented>0</segmented>
	<object>
		<name>face</name>
		<pose>Unspecified</pose>
		<truncated>0</truncated>
		<difficult>0</difficult>
		<occluded>0</occluded>
		<bndbox>
			<xmin>86</xmin>
			<xmax>168</xmax>
			<ymin>97</ymin>
			<ymax>193</ymax>
		</bndbox>
	</object>
</annotation>
