<annotation>
	<folder></folder>
	<filename>Brandon_Fails_0001_jpg.rf.dd15eacf2acd0df814cdf66fc4d92b5d.jpg</filename>
	<path>Brandon_Fails_0001_jpg.rf.dd15eacf2acd0df814cdf66fc4d92b5d.jpg</path>
	<source>
		<database>roboflow.ai</database>
	</source>
	<size>
		<width>250</width>
		<height>250</height>
		<depth>3</depth>
	</size>
	<segmented>0</segmented>
	<object>
		<name>face</name>
		<pose>Unspecified</pose>
		<truncated>0</truncated>
		<difficult>0</difficult>
		<occluded>0</occluded>
		<bndbox>
			<xmin>75</xmin>
			<xmax>174</xmax>
			<ymin>92</ymin>
			<ymax>203</ymax>
		</bndbox>
	</object>
</annotation>
