<annotation>
	<folder></folder>
	<filename>Brandon_Robinson_0001_jpg.rf.4b0910773e91b8c6237877fbf31c41e9.jpg</filename>
	<path>Brandon_Robinson_0001_jpg.rf.4b0910773e91b8c6237877fbf31c41e9.jpg</path>
	<source>
		<database>roboflow.ai</database>
	</source>
	<size>
		<width>250</width>
		<height>250</height>
		<depth>3</depth>
	</size>
	<segmented>0</segmented>
	<object>
		<name>face</name>
		<pose>Unspecified</pose>
		<truncated>0</truncated>
		<difficult>0</difficult>
		<occluded>0</occluded>
		<bndbox>
			<xmin>79</xmin>
			<xmax>178</xmax>
			<ymin>95</ymin>
			<ymax>198</ymax>
		</bndbox>
	</object>
</annotation>
