<annotation>
	<folder></folder>
	<filename>Brendan_Stai_0001_jpg.rf.92e0d6467b2d03afda25f2de17967b27.jpg</filename>
	<path>Brendan_Stai_0001_jpg.rf.92e0d6467b2d03afda25f2de17967b27.jpg</path>
	<source>
		<database>roboflow.ai</database>
	</source>
	<size>
		<width>250</width>
		<height>250</height>
		<depth>3</depth>
	</size>
	<segmented>0</segmented>
	<object>
		<name>face</name>
		<pose>Unspecified</pose>
		<truncated>0</truncated>
		<difficult>0</difficult>
		<occluded>0</occluded>
		<bndbox>
			<xmin>78</xmin>
			<xmax>177</xmax>
			<ymin>95</ymin>
			<ymax>210</ymax>
		</bndbox>
	</object>
</annotation>
