<annotation>
	<folder></folder>
	<filename>Brian_Cook_0001_jpg.rf.f15b287743bd3daf8ae3bb041520f807.jpg</filename>
	<path>Brian_Cook_0001_jpg.rf.f15b287743bd3daf8ae3bb041520f807.jpg</path>
	<source>
		<database>roboflow.ai</database>
	</source>
	<size>
		<width>250</width>
		<height>250</height>
		<depth>3</depth>
	</size>
	<segmented>0</segmented>
	<object>
		<name>face</name>
		<pose>Unspecified</pose>
		<truncated>0</truncated>
		<difficult>0</difficult>
		<occluded>0</occluded>
		<bndbox>
			<xmin>77</xmin>
			<xmax>161</xmax>
			<ymin>92</ymin>
			<ymax>182</ymax>
		</bndbox>
	</object>
</annotation>
