<annotation>
	<folder></folder>
	<filename>Brian_Lara_0001_jpg.rf.754753b89493444a27a3cc33cab78a73.jpg</filename>
	<path>Brian_Lara_0001_jpg.rf.754753b89493444a27a3cc33cab78a73.jpg</path>
	<source>
		<database>roboflow.ai</database>
	</source>
	<size>
		<width>250</width>
		<height>250</height>
		<depth>3</depth>
	</size>
	<segmented>0</segmented>
	<object>
		<name>face</name>
		<pose>Unspecified</pose>
		<truncated>0</truncated>
		<difficult>0</difficult>
		<occluded>0</occluded>
		<bndbox>
			<xmin>38</xmin>
			<xmax>162</xmax>
			<ymin>73</ymin>
			<ymax>214</ymax>
		</bndbox>
	</object>
	<object>
		<name>face</name>
		<pose>Unspecified</pose>
		<truncated>0</truncated>
		<difficult>0</difficult>
		<occluded>0</occluded>
		<bndbox>
			<xmin>169</xmin>
			<xmax>250</xmax>
			<ymin>19</ymin>
			<ymax>180</ymax>
		</bndbox>
	</object>
</annotation>
