<annotation>
	<folder></folder>
	<filename>Bryan_Thomas_0001_jpg.rf.165af557deb13d4b6f4a9c0602c4811f.jpg</filename>
	<path>Bryan_Thomas_0001_jpg.rf.165af557deb13d4b6f4a9c0602c4811f.jpg</path>
	<source>
		<database>roboflow.ai</database>
	</source>
	<size>
		<width>250</width>
		<height>250</height>
		<depth>3</depth>
	</size>
	<segmented>0</segmented>
	<object>
		<name>face</name>
		<pose>Unspecified</pose>
		<truncated>0</truncated>
		<difficult>0</difficult>
		<occluded>0</occluded>
		<bndbox>
			<xmin>85</xmin>
			<xmax>179</xmax>
			<ymin>89</ymin>
			<ymax>191</ymax>
		</bndbox>
	</object>
</annotation>
