<annotation>
	<folder></folder>
	<filename>Bryant_Young_0001_jpg.rf.8eee0658d530171eb5cda65204846bc3.jpg</filename>
	<path>Bryant_Young_0001_jpg.rf.8eee0658d530171eb5cda65204846bc3.jpg</path>
	<source>
		<database>roboflow.ai</database>
	</source>
	<size>
		<width>250</width>
		<height>250</height>
		<depth>3</depth>
	</size>
	<segmented>0</segmented>
	<object>
		<name>face</name>
		<pose>Unspecified</pose>
		<truncated>0</truncated>
		<difficult>0</difficult>
		<occluded>0</occluded>
		<bndbox>
			<xmin>60</xmin>
			<xmax>162</xmax>
			<ymin>93</ymin>
			<ymax>196</ymax>
		</bndbox>
	</object>
</annotation>
