<annotation>
	<folder></folder>
	<filename>Bulent_Ecevit_0002_jpg.rf.a5bbfc33ef6cb1a9987e864ae254103d.jpg</filename>
	<path>Bulent_Ecevit_0002_jpg.rf.a5bbfc33ef6cb1a9987e864ae254103d.jpg</path>
	<source>
		<database>roboflow.ai</database>
	</source>
	<size>
		<width>250</width>
		<height>250</height>
		<depth>3</depth>
	</size>
	<segmented>0</segmented>
	<object>
		<name>face</name>
		<pose>Unspecified</pose>
		<truncated>0</truncated>
		<difficult>0</difficult>
		<occluded>0</occluded>
		<bndbox>
			<xmin>87</xmin>
			<xmax>179</xmax>
			<ymin>97</ymin>
			<ymax>176</ymax>
		</bndbox>
	</object>
	<object>
		<name>hand</name>
		<pose>Unspecified</pose>
		<truncated>0</truncated>
		<difficult>0</difficult>
		<occluded>0</occluded>
		<bndbox>
			<xmin>66</xmin>
			<xmax>146</xmax>
			<ymin>211</ymin>
			<ymax>250</ymax>
		</bndbox>
	</object>
	<object>
		<name>hand</name>
		<pose>Unspecified</pose>
		<truncated>0</truncated>
		<difficult>0</difficult>
		<occluded>0</occluded>
		<bndbox>
			<xmin>56</xmin>
			<xmax>122</xmax>
			<ymin>208</ymin>
			<ymax>245</ymax>
		</bndbox>
	</object>
</annotation>
