<annotation>
	<folder></folder>
	<filename>Byron_Scott_0001_jpg.rf.f4b6b43d5d9df86930530c5dcf564e1c.jpg</filename>
	<path>Byron_Scott_0001_jpg.rf.f4b6b43d5d9df86930530c5dcf564e1c.jpg</path>
	<source>
		<database>roboflow.ai</database>
	</source>
	<size>
		<width>250</width>
		<height>250</height>
		<depth>3</depth>
	</size>
	<segmented>0</segmented>
	<object>
		<name>face</name>
		<pose>Unspecified</pose>
		<truncated>0</truncated>
		<difficult>0</difficult>
		<occluded>0</occluded>
		<bndbox>
			<xmin>86</xmin>
			<xmax>171</xmax>
			<ymin>89</ymin>
			<ymax>183</ymax>
		</bndbox>
	</object>
</annotation>
