<annotation>
	<folder></folder>
	<filename>Byron_Scott_0002_jpg.rf.167fd0be773644440a36533cc1b74841.jpg</filename>
	<path>Byron_Scott_0002_jpg.rf.167fd0be773644440a36533cc1b74841.jpg</path>
	<source>
		<database>roboflow.ai</database>
	</source>
	<size>
		<width>250</width>
		<height>250</height>
		<depth>3</depth>
	</size>
	<segmented>0</segmented>
	<object>
		<name>face</name>
		<pose>Unspecified</pose>
		<truncated>0</truncated>
		<difficult>0</difficult>
		<occluded>0</occluded>
		<bndbox>
			<xmin>79</xmin>
			<xmax>168</xmax>
			<ymin>91</ymin>
			<ymax>196</ymax>
		</bndbox>
	</object>
</annotation>
