<annotation>
	<folder></folder>
	<filename>Calvin_Harrison_0001_jpg.rf.552e6faa554c7151c8572b209d4f54f7.jpg</filename>
	<path>Calvin_Harrison_0001_jpg.rf.552e6faa554c7151c8572b209d4f54f7.jpg</path>
	<source>
		<database>roboflow.ai</database>
	</source>
	<size>
		<width>250</width>
		<height>250</height>
		<depth>3</depth>
	</size>
	<segmented>0</segmented>
	<object>
		<name>face</name>
		<pose>Unspecified</pose>
		<truncated>0</truncated>
		<difficult>0</difficult>
		<occluded>0</occluded>
		<bndbox>
			<xmin>81</xmin>
			<xmax>173</xmax>
			<ymin>83</ymin>
			<ymax>185</ymax>
		</bndbox>
	</object>
</annotation>
