<annotation>
	<folder></folder>
	<filename>Calvin_Joseph_Coleman_0001_jpg.rf.4a66c5567df91fc7f5315692a3ffa005.jpg</filename>
	<path>Calvin_Joseph_Coleman_0001_jpg.rf.4a66c5567df91fc7f5315692a3ffa005.jpg</path>
	<source>
		<database>roboflow.ai</database>
	</source>
	<size>
		<width>250</width>
		<height>250</height>
		<depth>3</depth>
	</size>
	<segmented>0</segmented>
	<object>
		<name>face</name>
		<pose>Unspecified</pose>
		<truncated>0</truncated>
		<difficult>0</difficult>
		<occluded>0</occluded>
		<bndbox>
			<xmin>84</xmin>
			<xmax>178</xmax>
			<ymin>87</ymin>
			<ymax>205</ymax>
		</bndbox>
	</object>
</annotation>
