<annotation>
	<folder></folder>
	<filename>Camille_Lewis_0001_jpg.rf.8c884c82c9eac0f524d43cb92d84db64.jpg</filename>
	<path>Camille_Lewis_0001_jpg.rf.8c884c82c9eac0f524d43cb92d84db64.jpg</path>
	<source>
		<database>roboflow.ai</database>
	</source>
	<size>
		<width>250</width>
		<height>250</height>
		<depth>3</depth>
	</size>
	<segmented>0</segmented>
	<object>
		<name>face</name>
		<pose>Unspecified</pose>
		<truncated>0</truncated>
		<difficult>0</difficult>
		<occluded>0</occluded>
		<bndbox>
			<xmin>85</xmin>
			<xmax>167</xmax>
			<ymin>90</ymin>
			<ymax>188</ymax>
		</bndbox>
	</object>
</annotation>
