<annotation>
	<folder></folder>
	<filename>Candie_Kung_0004_jpg.rf.524dc9285a73cf9649351814b44be26e.jpg</filename>
	<path>Candie_Kung_0004_jpg.rf.524dc9285a73cf9649351814b44be26e.jpg</path>
	<source>
		<database>roboflow.ai</database>
	</source>
	<size>
		<width>250</width>
		<height>250</height>
		<depth>3</depth>
	</size>
	<segmented>0</segmented>
	<object>
		<name>face</name>
		<pose>Unspecified</pose>
		<truncated>0</truncated>
		<difficult>0</difficult>
		<occluded>0</occluded>
		<bndbox>
			<xmin>84</xmin>
			<xmax>172</xmax>
			<ymin>97</ymin>
			<ymax>186</ymax>
		</bndbox>
	</object>
	<object>
		<name>hand</name>
		<pose>Unspecified</pose>
		<truncated>0</truncated>
		<difficult>0</difficult>
		<occluded>0</occluded>
		<bndbox>
			<xmin>146</xmin>
			<xmax>246</xmax>
			<ymin>149</ymin>
			<ymax>250</ymax>
		</bndbox>
	</object>
</annotation>
