<annotation>
	<folder></folder>
	<filename>Candie_Kung_0001_jpg.rf.b49cc9928fc0f4910b7dc111301a1c8a.jpg</filename>
	<path>Candie_Kung_0001_jpg.rf.b49cc9928fc0f4910b7dc111301a1c8a.jpg</path>
	<source>
		<database>roboflow.ai</database>
	</source>
	<size>
		<width>250</width>
		<height>250</height>
		<depth>3</depth>
	</size>
	<segmented>0</segmented>
	<object>
		<name>face</name>
		<pose>Unspecified</pose>
		<truncated>0</truncated>
		<difficult>0</difficult>
		<occluded>0</occluded>
		<bndbox>
			<xmin>76</xmin>
			<xmax>176</xmax>
			<ymin>101</ymin>
			<ymax>193</ymax>
		</bndbox>
	</object>
</annotation>
