<annotation>
	<folder></folder>
	<filename>Carina_Lau_Ka-ling_0001_jpg.rf.e8db26e1686c0a9224ee0a93f2545a95.jpg</filename>
	<path>Carina_Lau_Ka-ling_0001_jpg.rf.e8db26e1686c0a9224ee0a93f2545a95.jpg</path>
	<source>
		<database>roboflow.ai</database>
	</source>
	<size>
		<width>250</width>
		<height>250</height>
		<depth>3</depth>
	</size>
	<segmented>0</segmented>
	<object>
		<name>face</name>
		<pose>Unspecified</pose>
		<truncated>0</truncated>
		<difficult>0</difficult>
		<occluded>0</occluded>
		<bndbox>
			<xmin>84</xmin>
			<xmax>170</xmax>
			<ymin>93</ymin>
			<ymax>180</ymax>
		</bndbox>
	</object>
	<object>
		<name>face</name>
		<pose>Unspecified</pose>
		<truncated>0</truncated>
		<difficult>0</difficult>
		<occluded>0</occluded>
		<bndbox>
			<xmin>25</xmin>
			<xmax>97</xmax>
			<ymin>97</ymin>
			<ymax>172</ymax>
		</bndbox>
	</object>
	<object>
		<name>face</name>
		<pose>Unspecified</pose>
		<truncated>0</truncated>
		<difficult>0</difficult>
		<occluded>0</occluded>
		<bndbox>
			<xmin>188</xmin>
			<xmax>250</xmax>
			<ymin>61</ymin>
			<ymax>141</ymax>
		</bndbox>
	</object>
	<object>
		<name>hand</name>
		<pose>Unspecified</pose>
		<truncated>0</truncated>
		<difficult>0</difficult>
		<occluded>0</occluded>
		<bndbox>
			<xmin>200</xmin>
			<xmax>239</xmax>
			<ymin>136</ymin>
			<ymax>202</ymax>
		</bndbox>
	</object>
</annotation>
