<annotation>
	<folder></folder>
	<filename>Carlos_Ghosn_0001_jpg.rf.6c0d427ad13a93fb0ef8be9ba93cc278.jpg</filename>
	<path>Carlos_Ghosn_0001_jpg.rf.6c0d427ad13a93fb0ef8be9ba93cc278.jpg</path>
	<source>
		<database>roboflow.ai</database>
	</source>
	<size>
		<width>250</width>
		<height>250</height>
		<depth>3</depth>
	</size>
	<segmented>0</segmented>
	<object>
		<name>face</name>
		<pose>Unspecified</pose>
		<truncated>0</truncated>
		<difficult>0</difficult>
		<occluded>0</occluded>
		<bndbox>
			<xmin>83</xmin>
			<xmax>183</xmax>
			<ymin>89</ymin>
			<ymax>188</ymax>
		</bndbox>
	</object>
	<object>
		<name>hand</name>
		<pose>Unspecified</pose>
		<truncated>0</truncated>
		<difficult>0</difficult>
		<occluded>0</occluded>
		<bndbox>
			<xmin>197</xmin>
			<xmax>237</xmax>
			<ymin>98</ymin>
			<ymax>211</ymax>
		</bndbox>
	</object>
</annotation>
