<annotation>
	<folder></folder>
	<filename>Carlton_Dotson_0001_jpg.rf.e626e38f05f7c0045bd9af6561249b5d.jpg</filename>
	<path>Carlton_Dotson_0001_jpg.rf.e626e38f05f7c0045bd9af6561249b5d.jpg</path>
	<source>
		<database>roboflow.ai</database>
	</source>
	<size>
		<width>250</width>
		<height>250</height>
		<depth>3</depth>
	</size>
	<segmented>0</segmented>
	<object>
		<name>face</name>
		<pose>Unspecified</pose>
		<truncated>0</truncated>
		<difficult>0</difficult>
		<occluded>0</occluded>
		<bndbox>
			<xmin>83</xmin>
			<xmax>173</xmax>
			<ymin>94</ymin>
			<ymax>193</ymax>
		</bndbox>
	</object>
</annotation>
