<annotation>
	<folder></folder>
	<filename>Carlos_Ortega_0002_jpg.rf.b4a1e8dc9504fcbb8698e1a27449544d.jpg</filename>
	<path>Carlos_Ortega_0002_jpg.rf.b4a1e8dc9504fcbb8698e1a27449544d.jpg</path>
	<source>
		<database>roboflow.ai</database>
	</source>
	<size>
		<width>250</width>
		<height>250</height>
		<depth>3</depth>
	</size>
	<segmented>0</segmented>
	<object>
		<name>face</name>
		<pose>Unspecified</pose>
		<truncated>0</truncated>
		<difficult>0</difficult>
		<occluded>0</occluded>
		<bndbox>
			<xmin>72</xmin>
			<xmax>159</xmax>
			<ymin>92</ymin>
			<ymax>198</ymax>
		</bndbox>
	</object>
	<object>
		<name>hand</name>
		<pose>Unspecified</pose>
		<truncated>0</truncated>
		<difficult>0</difficult>
		<occluded>0</occluded>
		<bndbox>
			<xmin>111</xmin>
			<xmax>207</xmax>
			<ymin>141</ymin>
			<ymax>250</ymax>
		</bndbox>
	</object>
</annotation>
