<annotation>
	<folder></folder>
	<filename>Carlos_Alberto_0001_jpg.rf.43be22157474dbec3bdb58a7a8e59de6.jpg</filename>
	<path>Carlos_Alberto_0001_jpg.rf.43be22157474dbec3bdb58a7a8e59de6.jpg</path>
	<source>
		<database>roboflow.ai</database>
	</source>
	<size>
		<width>250</width>
		<height>250</height>
		<depth>3</depth>
	</size>
	<segmented>0</segmented>
	<object>
		<name>face</name>
		<pose>Unspecified</pose>
		<truncated>0</truncated>
		<difficult>0</difficult>
		<occluded>0</occluded>
		<bndbox>
			<xmin>72</xmin>
			<xmax>176</xmax>
			<ymin>88</ymin>
			<ymax>192</ymax>
		</bndbox>
	</object>
	<object>
		<name>hand</name>
		<pose>Unspecified</pose>
		<truncated>0</truncated>
		<difficult>0</difficult>
		<occluded>0</occluded>
		<bndbox>
			<xmin>44</xmin>
			<xmax>132</xmax>
			<ymin>193</ymin>
			<ymax>250</ymax>
		</bndbox>
	</object>
</annotation>
