<annotation>
	<folder></folder>
	<filename>Carlton_Baugh_0001_jpg.rf.2e7918d9cd405ce3c6a62202c709b46f.jpg</filename>
	<path>Carlton_Baugh_0001_jpg.rf.2e7918d9cd405ce3c6a62202c709b46f.jpg</path>
	<source>
		<database>roboflow.ai</database>
	</source>
	<size>
		<width>250</width>
		<height>250</height>
		<depth>3</depth>
	</size>
	<segmented>0</segmented>
	<object>
		<name>face</name>
		<pose>Unspecified</pose>
		<truncated>0</truncated>
		<difficult>0</difficult>
		<occluded>0</occluded>
		<bndbox>
			<xmin>75</xmin>
			<xmax>190</xmax>
			<ymin>91</ymin>
			<ymax>203</ymax>
		</bndbox>
	</object>
</annotation>
