<annotation>
	<folder></folder>
	<filename>Carol_Moseley_Braun_0001_jpg.rf.340cf5405809c57e6c91fa3868224f2a.jpg</filename>
	<path>Carol_Moseley_Braun_0001_jpg.rf.340cf5405809c57e6c91fa3868224f2a.jpg</path>
	<source>
		<database>roboflow.ai</database>
	</source>
	<size>
		<width>250</width>
		<height>250</height>
		<depth>3</depth>
	</size>
	<segmented>0</segmented>
	<object>
		<name>face</name>
		<pose>Unspecified</pose>
		<truncated>0</truncated>
		<difficult>0</difficult>
		<occluded>0</occluded>
		<bndbox>
			<xmin>72</xmin>
			<xmax>174</xmax>
			<ymin>94</ymin>
			<ymax>198</ymax>
		</bndbox>
	</object>
</annotation>
