<annotation>
	<folder></folder>
	<filename>Carson_Daly_0002_jpg.rf.abf1567fd78ff93695c56c007a20f0a2.jpg</filename>
	<path>Carson_Daly_0002_jpg.rf.abf1567fd78ff93695c56c007a20f0a2.jpg</path>
	<source>
		<database>roboflow.ai</database>
	</source>
	<size>
		<width>250</width>
		<height>250</height>
		<depth>3</depth>
	</size>
	<segmented>0</segmented>
	<object>
		<name>face</name>
		<pose>Unspecified</pose>
		<truncated>0</truncated>
		<difficult>0</difficult>
		<occluded>0</occluded>
		<bndbox>
			<xmin>84</xmin>
			<xmax>167</xmax>
			<ymin>96</ymin>
			<ymax>199</ymax>
		</bndbox>
	</object>
	<object>
		<name>hand</name>
		<pose>Unspecified</pose>
		<truncated>0</truncated>
		<difficult>0</difficult>
		<occluded>0</occluded>
		<bndbox>
			<xmin>87</xmin>
			<xmax>171</xmax>
			<ymin>152</ymin>
			<ymax>250</ymax>
		</bndbox>
	</object>
</annotation>
