<annotation>
	<folder></folder>
	<filename>Catherine_Deneuve_0001_jpg.rf.098a328e2068351f3480cce93c8e617d.jpg</filename>
	<path>Catherine_Deneuve_0001_jpg.rf.098a328e2068351f3480cce93c8e617d.jpg</path>
	<source>
		<database>roboflow.ai</database>
	</source>
	<size>
		<width>250</width>
		<height>250</height>
		<depth>3</depth>
	</size>
	<segmented>0</segmented>
	<object>
		<name>hand</name>
		<pose>Unspecified</pose>
		<truncated>0</truncated>
		<difficult>0</difficult>
		<occluded>0</occluded>
		<bndbox>
			<xmin>19</xmin>
			<xmax>77</xmax>
			<ymin>140</ymin>
			<ymax>241</ymax>
		</bndbox>
	</object>
	<object>
		<name>face</name>
		<pose>Unspecified</pose>
		<truncated>0</truncated>
		<difficult>0</difficult>
		<occluded>0</occluded>
		<bndbox>
			<xmin>76</xmin>
			<xmax>159</xmax>
			<ymin>92</ymin>
			<ymax>195</ymax>
		</bndbox>
	</object>
</annotation>
