<annotation>
	<folder></folder>
	<filename>Cecilia_Chang_0001_jpg.rf.8ebcb3f0dac9c1bb682fe55414d1d034.jpg</filename>
	<path>Cecilia_Chang_0001_jpg.rf.8ebcb3f0dac9c1bb682fe55414d1d034.jpg</path>
	<source>
		<database>roboflow.ai</database>
	</source>
	<size>
		<width>250</width>
		<height>250</height>
		<depth>3</depth>
	</size>
	<segmented>0</segmented>
	<object>
		<name>face</name>
		<pose>Unspecified</pose>
		<truncated>0</truncated>
		<difficult>0</difficult>
		<occluded>0</occluded>
		<bndbox>
			<xmin>89</xmin>
			<xmax>178</xmax>
			<ymin>83</ymin>
			<ymax>189</ymax>
		</bndbox>
	</object>
	<object>
		<name>hand</name>
		<pose>Unspecified</pose>
		<truncated>0</truncated>
		<difficult>0</difficult>
		<occluded>0</occluded>
		<bndbox>
			<xmin>59</xmin>
			<xmax>139</xmax>
			<ymin>180</ymin>
			<ymax>247</ymax>
		</bndbox>
	</object>
	<object>
		<name>hand</name>
		<pose>Unspecified</pose>
		<truncated>0</truncated>
		<difficult>0</difficult>
		<occluded>0</occluded>
		<bndbox>
			<xmin>47</xmin>
			<xmax>136</xmax>
			<ymin>177</ymin>
			<ymax>248</ymax>
		</bndbox>
	</object>
</annotation>
