<annotation>
	<folder></folder>
	<filename>Cecilia_Cheung_0001_jpg.rf.4100c1f6f5ca97227307eb519084124a.jpg</filename>
	<path>Cecilia_Cheung_0001_jpg.rf.4100c1f6f5ca97227307eb519084124a.jpg</path>
	<source>
		<database>roboflow.ai</database>
	</source>
	<size>
		<width>250</width>
		<height>250</height>
		<depth>3</depth>
	</size>
	<segmented>0</segmented>
	<object>
		<name>face</name>
		<pose>Unspecified</pose>
		<truncated>0</truncated>
		<difficult>0</difficult>
		<occluded>0</occluded>
		<bndbox>
			<xmin>79</xmin>
			<xmax>174</xmax>
			<ymin>90</ymin>
			<ymax>191</ymax>
		</bndbox>
	</object>
	<object>
		<name>face</name>
		<pose>Unspecified</pose>
		<truncated>0</truncated>
		<difficult>0</difficult>
		<occluded>0</occluded>
		<bndbox>
			<xmin>1</xmin>
			<xmax>56</xmax>
			<ymin>13</ymin>
			<ymax>116</ymax>
		</bndbox>
	</object>
</annotation>
