<annotation>
	<folder></folder>
	<filename>Celia_Cruz_0001_jpg.rf.65f7e7f438446a0c3c8b53e3ac4d6d23.jpg</filename>
	<path>Celia_Cruz_0001_jpg.rf.65f7e7f438446a0c3c8b53e3ac4d6d23.jpg</path>
	<source>
		<database>roboflow.ai</database>
	</source>
	<size>
		<width>250</width>
		<height>250</height>
		<depth>3</depth>
	</size>
	<segmented>0</segmented>
	<object>
		<name>face</name>
		<pose>Unspecified</pose>
		<truncated>0</truncated>
		<difficult>0</difficult>
		<occluded>0</occluded>
		<bndbox>
			<xmin>79</xmin>
			<xmax>167</xmax>
			<ymin>91</ymin>
			<ymax>186</ymax>
		</bndbox>
	</object>
</annotation>
