<annotation>
	<folder></folder>
	<filename>Celso_Lafer_0001_jpg.rf.082b99f7228b0bfaf0b6388c182aaee3.jpg</filename>
	<path>Celso_Lafer_0001_jpg.rf.082b99f7228b0bfaf0b6388c182aaee3.jpg</path>
	<source>
		<database>roboflow.ai</database>
	</source>
	<size>
		<width>250</width>
		<height>250</height>
		<depth>3</depth>
	</size>
	<segmented>0</segmented>
	<object>
		<name>face</name>
		<pose>Unspecified</pose>
		<truncated>0</truncated>
		<difficult>0</difficult>
		<occluded>0</occluded>
		<bndbox>
			<xmin>84</xmin>
			<xmax>178</xmax>
			<ymin>97</ymin>
			<ymax>196</ymax>
		</bndbox>
	</object>
	<object>
		<name>hand</name>
		<pose>Unspecified</pose>
		<truncated>0</truncated>
		<difficult>0</difficult>
		<occluded>0</occluded>
		<bndbox>
			<xmin>86</xmin>
			<xmax>166</xmax>
			<ymin>173</ymin>
			<ymax>239</ymax>
		</bndbox>
	</object>
	<object>
		<name>hand</name>
		<pose>Unspecified</pose>
		<truncated>0</truncated>
		<difficult>0</difficult>
		<occluded>0</occluded>
		<bndbox>
			<xmin>107</xmin>
			<xmax>187</xmax>
			<ymin>157</ymin>
			<ymax>228</ymax>
		</bndbox>
	</object>
</annotation>
