<annotation>
	<folder></folder>
	<filename>Chanda_Rubin_0005_jpg.rf.b66f039c5280a01bece797b08c24120e.jpg</filename>
	<path>Chanda_Rubin_0005_jpg.rf.b66f039c5280a01bece797b08c24120e.jpg</path>
	<source>
		<database>roboflow.ai</database>
	</source>
	<size>
		<width>250</width>
		<height>250</height>
		<depth>3</depth>
	</size>
	<segmented>0</segmented>
	<object>
		<name>face</name>
		<pose>Unspecified</pose>
		<truncated>0</truncated>
		<difficult>0</difficult>
		<occluded>0</occluded>
		<bndbox>
			<xmin>84</xmin>
			<xmax>173</xmax>
			<ymin>90</ymin>
			<ymax>196</ymax>
		</bndbox>
	</object>
</annotation>
