<annotation>
	<folder></folder>
	<filename>Chan_Choi_0001_jpg.rf.881cbaee41779f52b4ff6a710514406d.jpg</filename>
	<path>Chan_Choi_0001_jpg.rf.881cbaee41779f52b4ff6a710514406d.jpg</path>
	<source>
		<database>roboflow.ai</database>
	</source>
	<size>
		<width>250</width>
		<height>250</height>
		<depth>3</depth>
	</size>
	<segmented>0</segmented>
	<object>
		<name>face</name>
		<pose>Unspecified</pose>
		<truncated>0</truncated>
		<difficult>0</difficult>
		<occluded>0</occluded>
		<bndbox>
			<xmin>83</xmin>
			<xmax>182</xmax>
			<ymin>97</ymin>
			<ymax>198</ymax>
		</bndbox>
	</object>
</annotation>
