<annotation>
	<folder></folder>
	<filename>Chanda_Rubin_0003_jpg.rf.8ccb25cb74511280634e02d644652298.jpg</filename>
	<path>Chanda_Rubin_0003_jpg.rf.8ccb25cb74511280634e02d644652298.jpg</path>
	<source>
		<database>roboflow.ai</database>
	</source>
	<size>
		<width>250</width>
		<height>250</height>
		<depth>3</depth>
	</size>
	<segmented>0</segmented>
	<object>
		<name>face</name>
		<pose>Unspecified</pose>
		<truncated>0</truncated>
		<difficult>0</difficult>
		<occluded>0</occluded>
		<bndbox>
			<xmin>78</xmin>
			<xmax>176</xmax>
			<ymin>88</ymin>
			<ymax>195</ymax>
		</bndbox>
	</object>
</annotation>
