<annotation>
	<folder></folder>
	<filename>Chang_Dae-whan_0001_jpg.rf.9fca33834a0623a459ba643be1f22788.jpg</filename>
	<path>Chang_Dae-whan_0001_jpg.rf.9fca33834a0623a459ba643be1f22788.jpg</path>
	<source>
		<database>roboflow.ai</database>
	</source>
	<size>
		<width>250</width>
		<height>250</height>
		<depth>3</depth>
	</size>
	<segmented>0</segmented>
	<object>
		<name>face</name>
		<pose>Unspecified</pose>
		<truncated>0</truncated>
		<difficult>0</difficult>
		<occluded>0</occluded>
		<bndbox>
			<xmin>83</xmin>
			<xmax>174</xmax>
			<ymin>88</ymin>
			<ymax>193</ymax>
		</bndbox>
	</object>
</annotation>
