<annotation>
	<folder></folder>
	<filename>Chanda_Rubin_0002_jpg.rf.b6a908e1cc8a59de2b9f398055ef623d.jpg</filename>
	<path>Chanda_Rubin_0002_jpg.rf.b6a908e1cc8a59de2b9f398055ef623d.jpg</path>
	<source>
		<database>roboflow.ai</database>
	</source>
	<size>
		<width>250</width>
		<height>250</height>
		<depth>3</depth>
	</size>
	<segmented>0</segmented>
	<object>
		<name>face</name>
		<pose>Unspecified</pose>
		<truncated>0</truncated>
		<difficult>0</difficult>
		<occluded>0</occluded>
		<bndbox>
			<xmin>79</xmin>
			<xmax>170</xmax>
			<ymin>96</ymin>
			<ymax>194</ymax>
		</bndbox>
	</object>
</annotation>
