<annotation>
	<folder></folder>
	<filename>Chandrika_Kumaratunga_0001_jpg.rf.d77ac3a3470cb9b646589ff10dd49e30.jpg</filename>
	<path>Chandrika_Kumaratunga_0001_jpg.rf.d77ac3a3470cb9b646589ff10dd49e30.jpg</path>
	<source>
		<database>roboflow.ai</database>
	</source>
	<size>
		<width>250</width>
		<height>250</height>
		<depth>3</depth>
	</size>
	<segmented>0</segmented>
	<object>
		<name>face</name>
		<pose>Unspecified</pose>
		<truncated>0</truncated>
		<difficult>0</difficult>
		<occluded>0</occluded>
		<bndbox>
			<xmin>87</xmin>
			<xmax>178</xmax>
			<ymin>96</ymin>
			<ymax>192</ymax>
		</bndbox>
	</object>
</annotation>
