<annotation>
	<folder></folder>
	<filename>Chang_Sang_0001_jpg.rf.d5d5262c911a411944b7fa1736ccd745.jpg</filename>
	<path>Chang_Sang_0001_jpg.rf.d5d5262c911a411944b7fa1736ccd745.jpg</path>
	<source>
		<database>roboflow.ai</database>
	</source>
	<size>
		<width>250</width>
		<height>250</height>
		<depth>3</depth>
	</size>
	<segmented>0</segmented>
	<object>
		<name>face</name>
		<pose>Unspecified</pose>
		<truncated>0</truncated>
		<difficult>0</difficult>
		<occluded>0</occluded>
		<bndbox>
			<xmin>82</xmin>
			<xmax>174</xmax>
			<ymin>89</ymin>
			<ymax>177</ymax>
		</bndbox>
	</object>
</annotation>
