<annotation>
	<folder></folder>
	<filename>Chang_Saio-yue_0001_jpg.rf.d6d5b720d8f327e7e47e167a7c232804.jpg</filename>
	<path>Chang_Saio-yue_0001_jpg.rf.d6d5b720d8f327e7e47e167a7c232804.jpg</path>
	<source>
		<database>roboflow.ai</database>
	</source>
	<size>
		<width>250</width>
		<height>250</height>
		<depth>3</depth>
	</size>
	<segmented>0</segmented>
	<object>
		<name>face</name>
		<pose>Unspecified</pose>
		<truncated>0</truncated>
		<difficult>0</difficult>
		<occluded>0</occluded>
		<bndbox>
			<xmin>81</xmin>
			<xmax>177</xmax>
			<ymin>92</ymin>
			<ymax>193</ymax>
		</bndbox>
	</object>
</annotation>
