<annotation>
	<folder></folder>
	<filename>Chang_Dae-whan_0002_jpg.rf.fbcf7f7c7387154f954289a49875b5a1.jpg</filename>
	<path>Chang_Dae-whan_0002_jpg.rf.fbcf7f7c7387154f954289a49875b5a1.jpg</path>
	<source>
		<database>roboflow.ai</database>
	</source>
	<size>
		<width>250</width>
		<height>250</height>
		<depth>3</depth>
	</size>
	<segmented>0</segmented>
	<object>
		<name>face</name>
		<pose>Unspecified</pose>
		<truncated>0</truncated>
		<difficult>0</difficult>
		<occluded>0</occluded>
		<bndbox>
			<xmin>78</xmin>
			<xmax>166</xmax>
			<ymin>88</ymin>
			<ymax>182</ymax>
		</bndbox>
	</object>
</annotation>
