<annotation>
	<folder></folder>
	<filename>Chang_Tso_0001_jpg.rf.89b57b60e432b853e85c77caa13e92b2.jpg</filename>
	<path>Chang_Tso_0001_jpg.rf.89b57b60e432b853e85c77caa13e92b2.jpg</path>
	<source>
		<database>roboflow.ai</database>
	</source>
	<size>
		<width>250</width>
		<height>250</height>
		<depth>3</depth>
	</size>
	<segmented>0</segmented>
	<object>
		<name>face</name>
		<pose>Unspecified</pose>
		<truncated>0</truncated>
		<difficult>0</difficult>
		<occluded>0</occluded>
		<bndbox>
			<xmin>83</xmin>
			<xmax>169</xmax>
			<ymin>94</ymin>
			<ymax>190</ymax>
		</bndbox>
	</object>
	<object>
		<name>hand</name>
		<pose>Unspecified</pose>
		<truncated>0</truncated>
		<difficult>0</difficult>
		<occluded>0</occluded>
		<bndbox>
			<xmin>1</xmin>
			<xmax>66</xmax>
			<ymin>48</ymin>
			<ymax>149</ymax>
		</bndbox>
	</object>
</annotation>
