<annotation>
	<folder></folder>
	<filename>Donald_Rumsfeld_0091_jpg.rf.742224e59703a08f725f7a2ddf187556.jpg</filename>
	<path>Donald_Rumsfeld_0091_jpg.rf.742224e59703a08f725f7a2ddf187556.jpg</path>
	<source>
		<database>roboflow.ai</database>
	</source>
	<size>
		<width>250</width>
		<height>250</height>
		<depth>3</depth>
	</size>
	<segmented>0</segmented>
	<object>
		<name>face</name>
		<pose>Unspecified</pose>
		<truncated>0</truncated>
		<difficult>0</difficult>
		<occluded>0</occluded>
		<bndbox>
			<xmin>73</xmin>
			<xmax>162</xmax>
			<ymin>99</ymin>
			<ymax>189</ymax>
		</bndbox>
	</object>
	<object>
		<name>hand</name>
		<pose>Unspecified</pose>
		<truncated>0</truncated>
		<difficult>0</difficult>
		<occluded>0</occluded>
		<bndbox>
			<xmin>23</xmin>
			<xmax>80</xmax>
			<ymin>154</ymin>
			<ymax>246</ymax>
		</bndbox>
	</object>
	<object>
		<name>hand</name>
		<pose>Unspecified</pose>
		<truncated>0</truncated>
		<difficult>0</difficult>
		<occluded>0</occluded>
		<bndbox>
			<xmin>122</xmin>
			<xmax>172</xmax>
			<ymin>171</ymin>
			<ymax>250</ymax>
		</bndbox>
	</object>
</annotation>
