<annotation>
	<folder></folder>
	<filename>Donald_Rumsfeld_0115_jpg.rf.699fcda75e7adcd67665126a5fd6feb4.jpg</filename>
	<path>Donald_Rumsfeld_0115_jpg.rf.699fcda75e7adcd67665126a5fd6feb4.jpg</path>
	<source>
		<database>roboflow.ai</database>
	</source>
	<size>
		<width>250</width>
		<height>250</height>
		<depth>3</depth>
	</size>
	<segmented>0</segmented>
	<object>
		<name>face</name>
		<pose>Unspecified</pose>
		<truncated>0</truncated>
		<difficult>0</difficult>
		<occluded>0</occluded>
		<bndbox>
			<xmin>74</xmin>
			<xmax>188</xmax>
			<ymin>93</ymin>
			<ymax>202</ymax>
		</bndbox>
	</object>
	<object>
		<name>hand</name>
		<pose>Unspecified</pose>
		<truncated>0</truncated>
		<difficult>0</difficult>
		<occluded>0</occluded>
		<bndbox>
			<xmin>164</xmin>
			<xmax>211</xmax>
			<ymin>125</ymin>
			<ymax>250</ymax>
		</bndbox>
	</object>
</annotation>
