<annotation>
	<folder></folder>
	<filename>Donald_Rumsfeld_0087_jpg.rf.a6a5b9f92459d67bbd2c092342cace60.jpg</filename>
	<path>Donald_Rumsfeld_0087_jpg.rf.a6a5b9f92459d67bbd2c092342cace60.jpg</path>
	<source>
		<database>roboflow.ai</database>
	</source>
	<size>
		<width>250</width>
		<height>250</height>
		<depth>3</depth>
	</size>
	<segmented>0</segmented>
	<object>
		<name>hand</name>
		<pose>Unspecified</pose>
		<truncated>0</truncated>
		<difficult>0</difficult>
		<occluded>0</occluded>
		<bndbox>
			<xmin>63</xmin>
			<xmax>191</xmax>
			<ymin>170</ymin>
			<ymax>236</ymax>
		</bndbox>
	</object>
	<object>
		<name>face</name>
		<pose>Unspecified</pose>
		<truncated>0</truncated>
		<difficult>0</difficult>
		<occluded>0</occluded>
		<bndbox>
			<xmin>63</xmin>
			<xmax>167</xmax>
			<ymin>101</ymin>
			<ymax>190</ymax>
		</bndbox>
	</object>
</annotation>
