<annotation>
	<folder></folder>
	<filename>Dwayne_Wade_0001_jpg.rf.a4dedb98a8d8e2bc07ad22c67a3c59e0.jpg</filename>
	<path>Dwayne_Wade_0001_jpg.rf.a4dedb98a8d8e2bc07ad22c67a3c59e0.jpg</path>
	<source>
		<database>roboflow.ai</database>
	</source>
	<size>
		<width>250</width>
		<height>250</height>
		<depth>3</depth>
	</size>
	<segmented>0</segmented>
	<object>
		<name>face</name>
		<pose>Unspecified</pose>
		<truncated>0</truncated>
		<difficult>0</difficult>
		<occluded>0</occluded>
		<bndbox>
			<xmin>81</xmin>
			<xmax>176</xmax>
			<ymin>94</ymin>
			<ymax>201</ymax>
		</bndbox>
	</object>
</annotation>
