<annotation>
	<folder></folder>
	<filename>Ed_Mekertichian_0001_jpg.rf.65c7bcc604de9d6ab065de8801d60902.jpg</filename>
	<path>Ed_Mekertichian_0001_jpg.rf.65c7bcc604de9d6ab065de8801d60902.jpg</path>
	<source>
		<database>roboflow.ai</database>
	</source>
	<size>
		<width>250</width>
		<height>250</height>
		<depth>3</depth>
	</size>
	<segmented>0</segmented>
	<object>
		<name>hand</name>
		<pose>Unspecified</pose>
		<truncated>0</truncated>
		<difficult>0</difficult>
		<occluded>0</occluded>
		<bndbox>
			<xmin>18</xmin>
			<xmax>81</xmax>
			<ymin>115</ymin>
			<ymax>177</ymax>
		</bndbox>
	</object>
	<object>
		<name>hand</name>
		<pose>Unspecified</pose>
		<truncated>0</truncated>
		<difficult>0</difficult>
		<occluded>0</occluded>
		<bndbox>
			<xmin>1</xmin>
			<xmax>64</xmax>
			<ymin>39</ymin>
			<ymax>108</ymax>
		</bndbox>
	</object>
	<object>
		<name>face</name>
		<pose>Unspecified</pose>
		<truncated>0</truncated>
		<difficult>0</difficult>
		<occluded>0</occluded>
		<bndbox>
			<xmin>87</xmin>
			<xmax>143</xmax>
			<ymin>98</ymin>
			<ymax>183</ymax>
		</bndbox>
	</object>
</annotation>
