<annotation>
	<folder></folder>
	<filename>Edmund_Stoiber_0006_jpg.rf.ea3757dca73eddf04d6023e7eb8d4322.jpg</filename>
	<path>Edmund_Stoiber_0006_jpg.rf.ea3757dca73eddf04d6023e7eb8d4322.jpg</path>
	<source>
		<database>roboflow.ai</database>
	</source>
	<size>
		<width>250</width>
		<height>250</height>
		<depth>3</depth>
	</size>
	<segmented>0</segmented>
	<object>
		<name>face</name>
		<pose>Unspecified</pose>
		<truncated>0</truncated>
		<difficult>0</difficult>
		<occluded>0</occluded>
		<bndbox>
			<xmin>73</xmin>
			<xmax>166</xmax>
			<ymin>89</ymin>
			<ymax>192</ymax>
		</bndbox>
	</object>
	<object>
		<name>hand</name>
		<pose>Unspecified</pose>
		<truncated>0</truncated>
		<difficult>0</difficult>
		<occluded>0</occluded>
		<bndbox>
			<xmin>160</xmin>
			<xmax>230</xmax>
			<ymin>97</ymin>
			<ymax>243</ymax>
		</bndbox>
	</object>
</annotation>
