<annotation>
	<folder></folder>
	<filename>Eduardo_Duhalde_0001_jpg.rf.693b4a6018f6c1ec2b6e4fcb6abd15fb.jpg</filename>
	<path>Eduardo_Duhalde_0001_jpg.rf.693b4a6018f6c1ec2b6e4fcb6abd15fb.jpg</path>
	<source>
		<database>roboflow.ai</database>
	</source>
	<size>
		<width>250</width>
		<height>250</height>
		<depth>3</depth>
	</size>
	<segmented>0</segmented>
	<object>
		<name>face</name>
		<pose>Unspecified</pose>
		<truncated>0</truncated>
		<difficult>0</difficult>
		<occluded>0</occluded>
		<bndbox>
			<xmin>88</xmin>
			<xmax>175</xmax>
			<ymin>98</ymin>
			<ymax>188</ymax>
		</bndbox>
	</object>
	<object>
		<name>hand</name>
		<pose>Unspecified</pose>
		<truncated>0</truncated>
		<difficult>0</difficult>
		<occluded>0</occluded>
		<bndbox>
			<xmin>72</xmin>
			<xmax>154</xmax>
			<ymin>162</ymin>
			<ymax>238</ymax>
		</bndbox>
	</object>
</annotation>
