<annotation>
	<folder></folder>
	<filename>Ernesto_Zedillo_0001_jpg.rf.33fec0c7243b99445ed5ca97f575c3e9.jpg</filename>
	<path>Ernesto_Zedillo_0001_jpg.rf.33fec0c7243b99445ed5ca97f575c3e9.jpg</path>
	<source>
		<database>roboflow.ai</database>
	</source>
	<size>
		<width>250</width>
		<height>250</height>
		<depth>3</depth>
	</size>
	<segmented>0</segmented>
	<object>
		<name>hand</name>
		<pose>Unspecified</pose>
		<truncated>0</truncated>
		<difficult>0</difficult>
		<occluded>0</occluded>
		<bndbox>
			<xmin>42</xmin>
			<xmax>127</xmax>
			<ymin>134</ymin>
			<ymax>196</ymax>
		</bndbox>
	</object>
	<object>
		<name>face</name>
		<pose>Unspecified</pose>
		<truncated>0</truncated>
		<difficult>0</difficult>
		<occluded>0</occluded>
		<bndbox>
			<xmin>92</xmin>
			<xmax>165</xmax>
			<ymin>101</ymin>
			<ymax>177</ymax>
		</bndbox>
	</object>
</annotation>
