<annotation>
	<folder></folder>
	<filename>Eva_Dimas_0002_jpg.rf.afd3bbd0fc4bd88a668303c0131b4b05.jpg</filename>
	<path>Eva_Dimas_0002_jpg.rf.afd3bbd0fc4bd88a668303c0131b4b05.jpg</path>
	<source>
		<database>roboflow.ai</database>
	</source>
	<size>
		<width>250</width>
		<height>250</height>
		<depth>3</depth>
	</size>
	<segmented>0</segmented>
	<object>
		<name>hand</name>
		<pose>Unspecified</pose>
		<truncated>0</truncated>
		<difficult>0</difficult>
		<occluded>0</occluded>
		<bndbox>
			<xmin>68</xmin>
			<xmax>124</xmax>
			<ymin>158</ymin>
			<ymax>222</ymax>
		</bndbox>
	</object>
	<object>
		<name>face</name>
		<pose>Unspecified</pose>
		<truncated>0</truncated>
		<difficult>0</difficult>
		<occluded>0</occluded>
		<bndbox>
			<xmin>76</xmin>
			<xmax>169</xmax>
			<ymin>97</ymin>
			<ymax>194</ymax>
		</bndbox>
	</object>
</annotation>
