<annotation>
	<folder></folder>
	<filename>Fernando_Henrique_Cardoso_0007_jpg.rf.f2e667db6299e03e4d872e3260ba2fe2.jpg</filename>
	<path>Fernando_Henrique_Cardoso_0007_jpg.rf.f2e667db6299e03e4d872e3260ba2fe2.jpg</path>
	<source>
		<database>roboflow.ai</database>
	</source>
	<size>
		<width>250</width>
		<height>250</height>
		<depth>3</depth>
	</size>
	<segmented>0</segmented>
	<object>
		<name>face</name>
		<pose>Unspecified</pose>
		<truncated>0</truncated>
		<difficult>0</difficult>
		<occluded>0</occluded>
		<bndbox>
			<xmin>78</xmin>
			<xmax>167</xmax>
			<ymin>96</ymin>
			<ymax>193</ymax>
		</bndbox>
	</object>
	<object>
		<name>hand</name>
		<pose>Unspecified</pose>
		<truncated>0</truncated>
		<difficult>0</difficult>
		<occluded>0</occluded>
		<bndbox>
			<xmin>103</xmin>
			<xmax>159</xmax>
			<ymin>155</ymin>
			<ymax>228</ymax>
		</bndbox>
	</object>
</annotation>
