<annotation>
	<folder></folder>
	<filename>Fernando_Vargas_0004_jpg.rf.5c845ba0a5b53e55a3b37aa97f27e6da.jpg</filename>
	<path>Fernando_Vargas_0004_jpg.rf.5c845ba0a5b53e55a3b37aa97f27e6da.jpg</path>
	<source>
		<database>roboflow.ai</database>
	</source>
	<size>
		<width>250</width>
		<height>250</height>
		<depth>3</depth>
	</size>
	<segmented>0</segmented>
	<object>
		<name>face</name>
		<pose>Unspecified</pose>
		<truncated>0</truncated>
		<difficult>0</difficult>
		<occluded>0</occluded>
		<bndbox>
			<xmin>76</xmin>
			<xmax>172</xmax>
			<ymin>96</ymin>
			<ymax>187</ymax>
		</bndbox>
	</object>
	<object>
		<name>hand</name>
		<pose>Unspecified</pose>
		<truncated>0</truncated>
		<difficult>0</difficult>
		<occluded>0</occluded>
		<bndbox>
			<xmin>73</xmin>
			<xmax>173</xmax>
			<ymin>154</ymin>
			<ymax>227</ymax>
		</bndbox>
	</object>
	<object>
		<name>hand</name>
		<pose>Unspecified</pose>
		<truncated>0</truncated>
		<difficult>0</difficult>
		<occluded>0</occluded>
		<bndbox>
			<xmin>58</xmin>
			<xmax>132</xmax>
			<ymin>182</ymin>
			<ymax>230</ymax>
		</bndbox>
	</object>
</annotation>
