<annotation>
	<folder></folder>
	<filename>Fidel_Castro_0003_jpg.rf.19db894d4abe7c52e94ae06ab225dfe3.jpg</filename>
	<path>Fidel_Castro_0003_jpg.rf.19db894d4abe7c52e94ae06ab225dfe3.jpg</path>
	<source>
		<database>roboflow.ai</database>
	</source>
	<size>
		<width>250</width>
		<height>250</height>
		<depth>3</depth>
	</size>
	<segmented>0</segmented>
	<object>
		<name>hand</name>
		<pose>Unspecified</pose>
		<truncated>0</truncated>
		<difficult>0</difficult>
		<occluded>0</occluded>
		<bndbox>
			<xmin>50</xmin>
			<xmax>115</xmax>
			<ymin>142</ymin>
			<ymax>250</ymax>
		</bndbox>
	</object>
	<object>
		<name>face</name>
		<pose>Unspecified</pose>
		<truncated>0</truncated>
		<difficult>0</difficult>
		<occluded>0</occluded>
		<bndbox>
			<xmin>77</xmin>
			<xmax>171</xmax>
			<ymin>94</ymin>
			<ymax>192</ymax>
		</bndbox>
	</object>
</annotation>
