<annotation>
	<folder></folder>
	<filename>Filip_De_Winter_0001_jpg.rf.58d8bbd4ab48bac3ceabfd694e5d2a35.jpg</filename>
	<path>Filip_De_Winter_0001_jpg.rf.58d8bbd4ab48bac3ceabfd694e5d2a35.jpg</path>
	<source>
		<database>roboflow.ai</database>
	</source>
	<size>
		<width>250</width>
		<height>250</height>
		<depth>3</depth>
	</size>
	<segmented>0</segmented>
	<object>
		<name>face</name>
		<pose>Unspecified</pose>
		<truncated>0</truncated>
		<difficult>0</difficult>
		<occluded>0</occluded>
		<bndbox>
			<xmin>77</xmin>
			<xmax>170</xmax>
			<ymin>91</ymin>
			<ymax>199</ymax>
		</bndbox>
	</object>
	<object>
		<name>hand</name>
		<pose>Unspecified</pose>
		<truncated>0</truncated>
		<difficult>0</difficult>
		<occluded>0</occluded>
		<bndbox>
			<xmin>120</xmin>
			<xmax>211</xmax>
			<ymin>184</ymin>
			<ymax>248</ymax>
		</bndbox>
	</object>
</annotation>
