<annotation>
	<folder></folder>
	<filename>frame_1568_jpg.rf.88cb4176412461b07c6d2f9127b0405b.jpg</filename>
	<path>frame_1568_jpg.rf.88cb4176412461b07c6d2f9127b0405b.jpg</path>
	<source>
		<database>roboflow.ai</database>
	</source>
	<size>
		<width>1280</width>
		<height>720</height>
		<depth>3</depth>
	</size>
	<segmented>0</segmented>
	<object>
		<name>hand</name>
		<pose>Unspecified</pose>
		<truncated>0</truncated>
		<difficult>0</difficult>
		<occluded>0</occluded>
		<bndbox>
			<xmin>226</xmin>
			<xmax>495</xmax>
			<ymin>210</ymin>
			<ymax>575</ymax>
		</bndbox>
	</object>
	<object>
		<name>hand</name>
		<pose>Unspecified</pose>
		<truncated>0</truncated>
		<difficult>0</difficult>
		<occluded>0</occluded>
		<bndbox>
			<xmin>433</xmin>
			<xmax>623</xmax>
			<ymin>137</ymin>
			<ymax>264</ymax>
		</bndbox>
	</object>
</annotation>
