<annotation>
	<folder></folder>
	<filename>frame_0612_jpg.rf.99e664e87f41da35c40297bc6c88c96e.jpg</filename>
	<path>frame_0612_jpg.rf.99e664e87f41da35c40297bc6c88c96e.jpg</path>
	<source>
		<database>roboflow.ai</database>
	</source>
	<size>
		<width>1280</width>
		<height>720</height>
		<depth>3</depth>
	</size>
	<segmented>0</segmented>
	<object>
		<name>hand</name>
		<pose>Unspecified</pose>
		<truncated>0</truncated>
		<difficult>0</difficult>
		<occluded>0</occluded>
		<bndbox>
			<xmin>260</xmin>
			<xmax>437</xmax>
			<ymin>163</ymin>
			<ymax>371</ymax>
		</bndbox>
	</object>
	<object>
		<name>hand</name>
		<pose>Unspecified</pose>
		<truncated>0</truncated>
		<difficult>0</difficult>
		<occluded>0</occluded>
		<bndbox>
			<xmin>505</xmin>
			<xmax>760</xmax>
			<ymin>233</ymin>
			<ymax>379</ymax>
		</bndbox>
	</object>
	<object>
		<name>hand</name>
		<pose>Unspecified</pose>
		<truncated>0</truncated>
		<difficult>0</difficult>
		<occluded>0</occluded>
		<bndbox>
			<xmin>714</xmin>
			<xmax>1033</xmax>
			<ymin>495</ymin>
			<ymax>717</ymax>
		</bndbox>
	</object>
</annotation>
