<annotation>
	<folder></folder>
	<filename>frame_0151_jpg.rf.5fc665edabdd72fb12d4bf223e584187.jpg</filename>
	<path>frame_0151_jpg.rf.5fc665edabdd72fb12d4bf223e584187.jpg</path>
	<source>
		<database>roboflow.ai</database>
	</source>
	<size>
		<width>1280</width>
		<height>720</height>
		<depth>3</depth>
	</size>
	<segmented>0</segmented>
	<object>
		<name>hand</name>
		<pose>Unspecified</pose>
		<truncated>0</truncated>
		<difficult>0</difficult>
		<occluded>0</occluded>
		<bndbox>
			<xmin>102</xmin>
			<xmax>416</xmax>
			<ymin>2</ymin>
			<ymax>244</ymax>
		</bndbox>
	</object>
	<object>
		<name>hand</name>
		<pose>Unspecified</pose>
		<truncated>0</truncated>
		<difficult>0</difficult>
		<occluded>0</occluded>
		<bndbox>
			<xmin>1</xmin>
			<xmax>269</xmax>
			<ymin>514</ymin>
			<ymax>720</ymax>
		</bndbox>
	</object>
	<object>
		<name>hand</name>
		<pose>Unspecified</pose>
		<truncated>0</truncated>
		<difficult>0</difficult>
		<occluded>0</occluded>
		<bndbox>
			<xmin>646</xmin>
			<xmax>840</xmax>
			<ymin>35</ymin>
			<ymax>210</ymax>
		</bndbox>
	</object>
</annotation>
