<annotation>
	<folder></folder>
	<filename>frame_1238_jpg.rf.90c4d23b7ee40ca0d970bd2f4b81d15c.jpg</filename>
	<path>frame_1238_jpg.rf.90c4d23b7ee40ca0d970bd2f4b81d15c.jpg</path>
	<source>
		<database>roboflow.ai</database>
	</source>
	<size>
		<width>1280</width>
		<height>720</height>
		<depth>3</depth>
	</size>
	<segmented>0</segmented>
	<object>
		<name>hand</name>
		<pose>Unspecified</pose>
		<truncated>0</truncated>
		<difficult>0</difficult>
		<occluded>0</occluded>
		<bndbox>
			<xmin>498</xmin>
			<xmax>833</xmax>
			<ymin>429</ymin>
			<ymax>720</ymax>
		</bndbox>
	</object>
	<object>
		<name>hand</name>
		<pose>Unspecified</pose>
		<truncated>0</truncated>
		<difficult>0</difficult>
		<occluded>0</occluded>
		<bndbox>
			<xmin>406</xmin>
			<xmax>567</xmax>
			<ymin>219</ymin>
			<ymax>348</ymax>
		</bndbox>
	</object>
</annotation>
