<annotation>
	<folder></folder>
	<filename>frame_0994_jpg.rf.83884887f6cb0c9fd7ef285f7d16d794.jpg</filename>
	<path>frame_0994_jpg.rf.83884887f6cb0c9fd7ef285f7d16d794.jpg</path>
	<source>
		<database>roboflow.ai</database>
	</source>
	<size>
		<width>1280</width>
		<height>720</height>
		<depth>3</depth>
	</size>
	<segmented>0</segmented>
	<object>
		<name>hand</name>
		<pose>Unspecified</pose>
		<truncated>0</truncated>
		<difficult>0</difficult>
		<occluded>0</occluded>
		<bndbox>
			<xmin>678</xmin>
			<xmax>1023</xmax>
			<ymin>206</ymin>
			<ymax>522</ymax>
		</bndbox>
	</object>
	<object>
		<name>hand</name>
		<pose>Unspecified</pose>
		<truncated>0</truncated>
		<difficult>0</difficult>
		<occluded>0</occluded>
		<bndbox>
			<xmin>439</xmin>
			<xmax>594</xmax>
			<ymin>426</ymin>
			<ymax>607</ymax>
		</bndbox>
	</object>
	<object>
		<name>face</name>
		<pose>Unspecified</pose>
		<truncated>0</truncated>
		<difficult>0</difficult>
		<occluded>0</occluded>
		<bndbox>
			<xmin>521</xmin>
			<xmax>691</xmax>
			<ymin>3</ymin>
			<ymax>168</ymax>
		</bndbox>
	</object>
</annotation>
