<annotation>
	<folder></folder>
	<filename>frame_2591_jpg.rf.dd5dd522d51492093a3de954e77cf31a.jpg</filename>
	<path>frame_2591_jpg.rf.dd5dd522d51492093a3de954e77cf31a.jpg</path>
	<source>
		<database>roboflow.ai</database>
	</source>
	<size>
		<width>1280</width>
		<height>720</height>
		<depth>3</depth>
	</size>
	<segmented>0</segmented>
	<object>
		<name>hand</name>
		<pose>Unspecified</pose>
		<truncated>0</truncated>
		<difficult>0</difficult>
		<occluded>0</occluded>
		<bndbox>
			<xmin>426</xmin>
			<xmax>584</xmax>
			<ymin>393</ymin>
			<ymax>580</ymax>
		</bndbox>
	</object>
	<object>
		<name>hand</name>
		<pose>Unspecified</pose>
		<truncated>0</truncated>
		<difficult>0</difficult>
		<occluded>0</occluded>
		<bndbox>
			<xmin>706</xmin>
			<xmax>1064</xmax>
			<ymin>486</ymin>
			<ymax>709</ymax>
		</bndbox>
	</object>
	<object>
		<name>hand</name>
		<pose>Unspecified</pose>
		<truncated>0</truncated>
		<difficult>0</difficult>
		<occluded>0</occluded>
		<bndbox>
			<xmin>651</xmin>
			<xmax>783</xmax>
			<ymin>31</ymin>
			<ymax>222</ymax>
		</bndbox>
	</object>
	<object>
		<name>face</name>
		<pose>Unspecified</pose>
		<truncated>0</truncated>
		<difficult>0</difficult>
		<occluded>0</occluded>
		<bndbox>
			<xmin>575</xmin>
			<xmax>742</xmax>
			<ymin>1</ymin>
			<ymax>118</ymax>
		</bndbox>
	</object>
</annotation>
