<annotation>
	<folder></folder>
	<filename>frame_0033_jpg.rf.3c6eeb33849ae8a92c5a57900abb401b.jpg</filename>
	<path>frame_0033_jpg.rf.3c6eeb33849ae8a92c5a57900abb401b.jpg</path>
	<source>
		<database>roboflow.ai</database>
	</source>
	<size>
		<width>1280</width>
		<height>720</height>
		<depth>3</depth>
	</size>
	<segmented>0</segmented>
	<object>
		<name>face</name>
		<pose>Unspecified</pose>
		<truncated>0</truncated>
		<difficult>0</difficult>
		<occluded>0</occluded>
		<bndbox>
			<xmin>473</xmin>
			<xmax>620</xmax>
			<ymin>1</ymin>
			<ymax>116</ymax>
		</bndbox>
	</object>
	<object>
		<name>hand</name>
		<pose>Unspecified</pose>
		<truncated>0</truncated>
		<difficult>0</difficult>
		<occluded>0</occluded>
		<bndbox>
			<xmin>669</xmin>
			<xmax>773</xmax>
			<ymin>305</ymin>
			<ymax>420</ymax>
		</bndbox>
	</object>
</annotation>
