<annotation>
	<folder></folder>
	<filename>frame_2433_jpg.rf.15576164a9e2a0b5bf074cc79ae32946.jpg</filename>
	<path>frame_2433_jpg.rf.15576164a9e2a0b5bf074cc79ae32946.jpg</path>
	<source>
		<database>roboflow.ai</database>
	</source>
	<size>
		<width>1280</width>
		<height>720</height>
		<depth>3</depth>
	</size>
	<segmented>0</segmented>
	<object>
		<name>hand</name>
		<pose>Unspecified</pose>
		<truncated>0</truncated>
		<difficult>0</difficult>
		<occluded>0</occluded>
		<bndbox>
			<xmin>319</xmin>
			<xmax>514</xmax>
			<ymin>188</ymin>
			<ymax>396</ymax>
		</bndbox>
	</object>
	<object>
		<name>hand</name>
		<pose>Unspecified</pose>
		<truncated>0</truncated>
		<difficult>0</difficult>
		<occluded>0</occluded>
		<bndbox>
			<xmin>650</xmin>
			<xmax>868</xmax>
			<ymin>214</ymin>
			<ymax>435</ymax>
		</bndbox>
	</object>
</annotation>
