<annotation>
	<folder></folder>
	<filename>frame_0027_jpg.rf.5cd10d10d3c2ff1b10eed6e40a118bc6.jpg</filename>
	<path>frame_0027_jpg.rf.5cd10d10d3c2ff1b10eed6e40a118bc6.jpg</path>
	<source>
		<database>roboflow.ai</database>
	</source>
	<size>
		<width>1280</width>
		<height>720</height>
		<depth>3</depth>
	</size>
	<segmented>0</segmented>
	<object>
		<name>hand</name>
		<pose>Unspecified</pose>
		<truncated>0</truncated>
		<difficult>0</difficult>
		<occluded>0</occluded>
		<bndbox>
			<xmin>298</xmin>
			<xmax>467</xmax>
			<ymin>306</ymin>
			<ymax>490</ymax>
		</bndbox>
	</object>
	<object>
		<name>hand</name>
		<pose>Unspecified</pose>
		<truncated>0</truncated>
		<difficult>0</difficult>
		<occluded>0</occluded>
		<bndbox>
			<xmin>621</xmin>
			<xmax>765</xmax>
			<ymin>333</ymin>
			<ymax>451</ymax>
		</bndbox>
	</object>
</annotation>
