<annotation>
	<folder></folder>
	<filename>frame_1471_jpg.rf.1cae162caa3e79a0cc5f8fdad186113b.jpg</filename>
	<path>frame_1471_jpg.rf.1cae162caa3e79a0cc5f8fdad186113b.jpg</path>
	<source>
		<database>roboflow.ai</database>
	</source>
	<size>
		<width>1280</width>
		<height>720</height>
		<depth>3</depth>
	</size>
	<segmented>0</segmented>
	<object>
		<name>hand</name>
		<pose>Unspecified</pose>
		<truncated>0</truncated>
		<difficult>0</difficult>
		<occluded>0</occluded>
		<bndbox>
			<xmin>121</xmin>
			<xmax>341</xmax>
			<ymin>283</ymin>
			<ymax>503</ymax>
		</bndbox>
	</object>
	<object>
		<name>hand</name>
		<pose>Unspecified</pose>
		<truncated>0</truncated>
		<difficult>0</difficult>
		<occluded>0</occluded>
		<bndbox>
			<xmin>595</xmin>
			<xmax>847</xmax>
			<ymin>251</ymin>
			<ymax>508</ymax>
		</bndbox>
	</object>
	<object>
		<name>face</name>
		<pose>Unspecified</pose>
		<truncated>0</truncated>
		<difficult>0</difficult>
		<occluded>0</occluded>
		<bndbox>
			<xmin>604</xmin>
			<xmax>822</xmax>
			<ymin>1</ymin>
			<ymax>187</ymax>
		</bndbox>
	</object>
</annotation>
