<annotation>
	<folder></folder>
	<filename>frame_0927_jpg.rf.c289f87778ec05af909e72059910d2a2.jpg</filename>
	<path>frame_0927_jpg.rf.c289f87778ec05af909e72059910d2a2.jpg</path>
	<source>
		<database>roboflow.ai</database>
	</source>
	<size>
		<width>1280</width>
		<height>720</height>
		<depth>3</depth>
	</size>
	<segmented>0</segmented>
	<object>
		<name>hand</name>
		<pose>Unspecified</pose>
		<truncated>0</truncated>
		<difficult>0</difficult>
		<occluded>0</occluded>
		<bndbox>
			<xmin>357</xmin>
			<xmax>523</xmax>
			<ymin>276</ymin>
			<ymax>411</ymax>
		</bndbox>
	</object>
	<object>
		<name>hand</name>
		<pose>Unspecified</pose>
		<truncated>0</truncated>
		<difficult>0</difficult>
		<occluded>0</occluded>
		<bndbox>
			<xmin>616</xmin>
			<xmax>770</xmax>
			<ymin>320</ymin>
			<ymax>455</ymax>
		</bndbox>
	</object>
	<object>
		<name>hand</name>
		<pose>Unspecified</pose>
		<truncated>0</truncated>
		<difficult>0</difficult>
		<occluded>0</occluded>
		<bndbox>
			<xmin>484</xmin>
			<xmax>709</xmax>
			<ymin>421</ymin>
			<ymax>631</ymax>
		</bndbox>
	</object>
</annotation>
