<annotation>
	<folder></folder>
	<filename>frame_0311_jpg.rf.b1478cd4d38130830f8f84a90059b643.jpg</filename>
	<path>frame_0311_jpg.rf.b1478cd4d38130830f8f84a90059b643.jpg</path>
	<source>
		<database>roboflow.ai</database>
	</source>
	<size>
		<width>1280</width>
		<height>720</height>
		<depth>3</depth>
	</size>
	<segmented>0</segmented>
	<object>
		<name>face</name>
		<pose>Unspecified</pose>
		<truncated>0</truncated>
		<difficult>0</difficult>
		<occluded>0</occluded>
		<bndbox>
			<xmin>761</xmin>
			<xmax>965</xmax>
			<ymin>211</ymin>
			<ymax>411</ymax>
		</bndbox>
	</object>
	<object>
		<name>hand</name>
		<pose>Unspecified</pose>
		<truncated>0</truncated>
		<difficult>0</difficult>
		<occluded>0</occluded>
		<bndbox>
			<xmin>233</xmin>
			<xmax>438</xmax>
			<ymin>239</ymin>
			<ymax>502</ymax>
		</bndbox>
	</object>
</annotation>
