<annotation>
	<folder></folder>
	<filename>frame_1709_jpg.rf.6f4e72aee8af8fdc12aa20f23edc7f07.jpg</filename>
	<path>frame_1709_jpg.rf.6f4e72aee8af8fdc12aa20f23edc7f07.jpg</path>
	<source>
		<database>roboflow.ai</database>
	</source>
	<size>
		<width>1280</width>
		<height>720</height>
		<depth>3</depth>
	</size>
	<segmented>0</segmented>
	<object>
		<name>hand</name>
		<pose>Unspecified</pose>
		<truncated>0</truncated>
		<difficult>0</difficult>
		<occluded>0</occluded>
		<bndbox>
			<xmin>421</xmin>
			<xmax>620</xmax>
			<ymin>221</ymin>
			<ymax>581</ymax>
		</bndbox>
	</object>
	<object>
		<name>hand</name>
		<pose>Unspecified</pose>
		<truncated>0</truncated>
		<difficult>0</difficult>
		<occluded>0</occluded>
		<bndbox>
			<xmin>686</xmin>
			<xmax>788</xmax>
			<ymin>269</ymin>
			<ymax>603</ymax>
		</bndbox>
	</object>
	<object>
		<name>hand</name>
		<pose>Unspecified</pose>
		<truncated>0</truncated>
		<difficult>0</difficult>
		<occluded>0</occluded>
		<bndbox>
			<xmin>700</xmin>
			<xmax>855</xmax>
			<ymin>526</ymin>
			<ymax>717</ymax>
		</bndbox>
	</object>
	<object>
		<name>hand</name>
		<pose>Unspecified</pose>
		<truncated>0</truncated>
		<difficult>0</difficult>
		<occluded>0</occluded>
		<bndbox>
			<xmin>409</xmin>
			<xmax>568</xmax>
			<ymin>513</ymin>
			<ymax>720</ymax>
		</bndbox>
	</object>
</annotation>
