<annotation>
	<folder></folder>
	<filename>frame_1572_jpg.rf.74509b73633058b6340a17d153fa9443.jpg</filename>
	<path>frame_1572_jpg.rf.74509b73633058b6340a17d153fa9443.jpg</path>
	<source>
		<database>roboflow.ai</database>
	</source>
	<size>
		<width>1280</width>
		<height>720</height>
		<depth>3</depth>
	</size>
	<segmented>0</segmented>
	<object>
		<name>hand</name>
		<pose>Unspecified</pose>
		<truncated>0</truncated>
		<difficult>0</difficult>
		<occluded>0</occluded>
		<bndbox>
			<xmin>190</xmin>
			<xmax>440</xmax>
			<ymin>176</ymin>
			<ymax>326</ymax>
		</bndbox>
	</object>
	<object>
		<name>hand</name>
		<pose>Unspecified</pose>
		<truncated>0</truncated>
		<difficult>0</difficult>
		<occluded>0</occluded>
		<bndbox>
			<xmin>723</xmin>
			<xmax>1068</xmax>
			<ymin>440</ymin>
			<ymax>720</ymax>
		</bndbox>
	</object>
</annotation>
