<annotation>
	<folder></folder>
	<filename>frame_0085_jpg.rf.ae0dc9fefecc112d08060098c1a29007.jpg</filename>
	<path>frame_0085_jpg.rf.ae0dc9fefecc112d08060098c1a29007.jpg</path>
	<source>
		<database>roboflow.ai</database>
	</source>
	<size>
		<width>1280</width>
		<height>720</height>
		<depth>3</depth>
	</size>
	<segmented>0</segmented>
	<object>
		<name>hand</name>
		<pose>Unspecified</pose>
		<truncated>0</truncated>
		<difficult>0</difficult>
		<occluded>0</occluded>
		<bndbox>
			<xmin>495</xmin>
			<xmax>651</xmax>
			<ymin>285</ymin>
			<ymax>400</ymax>
		</bndbox>
	</object>
	<object>
		<name>hand</name>
		<pose>Unspecified</pose>
		<truncated>0</truncated>
		<difficult>0</difficult>
		<occluded>0</occluded>
		<bndbox>
			<xmin>602</xmin>
			<xmax>718</xmax>
			<ymin>268</ymin>
			<ymax>372</ymax>
		</bndbox>
	</object>
</annotation>
