<annotation>
	<folder></folder>
	<filename>frame_1198_jpg.rf.e2e87a2dbe9496e4a99e03ec84c7917e.jpg</filename>
	<path>frame_1198_jpg.rf.e2e87a2dbe9496e4a99e03ec84c7917e.jpg</path>
	<source>
		<database>roboflow.ai</database>
	</source>
	<size>
		<width>1280</width>
		<height>720</height>
		<depth>3</depth>
	</size>
	<segmented>0</segmented>
	<object>
		<name>hand</name>
		<pose>Unspecified</pose>
		<truncated>0</truncated>
		<difficult>0</difficult>
		<occluded>0</occluded>
		<bndbox>
			<xmin>309</xmin>
			<xmax>526</xmax>
			<ymin>88</ymin>
			<ymax>261</ymax>
		</bndbox>
	</object>
	<object>
		<name>hand</name>
		<pose>Unspecified</pose>
		<truncated>0</truncated>
		<difficult>0</difficult>
		<occluded>0</occluded>
		<bndbox>
			<xmin>874</xmin>
			<xmax>1076</xmax>
			<ymin>342</ymin>
			<ymax>556</ymax>
		</bndbox>
	</object>
	<object>
		<name>face</name>
		<pose>Unspecified</pose>
		<truncated>0</truncated>
		<difficult>0</difficult>
		<occluded>0</occluded>
		<bndbox>
			<xmin>505</xmin>
			<xmax>752</xmax>
			<ymin>1</ymin>
			<ymax>164</ymax>
		</bndbox>
	</object>
</annotation>
