<annotation>
	<folder></folder>
	<filename>frame_1770_jpg.rf.1c1265d3247c3f115dcd42e7339a3d59.jpg</filename>
	<path>frame_1770_jpg.rf.1c1265d3247c3f115dcd42e7339a3d59.jpg</path>
	<source>
		<database>roboflow.ai</database>
	</source>
	<size>
		<width>1280</width>
		<height>720</height>
		<depth>3</depth>
	</size>
	<segmented>0</segmented>
	<object>
		<name>hand</name>
		<pose>Unspecified</pose>
		<truncated>0</truncated>
		<difficult>0</difficult>
		<occluded>0</occluded>
		<bndbox>
			<xmin>389</xmin>
			<xmax>563</xmax>
			<ymin>174</ymin>
			<ymax>338</ymax>
		</bndbox>
	</object>
	<object>
		<name>hand</name>
		<pose>Unspecified</pose>
		<truncated>0</truncated>
		<difficult>0</difficult>
		<occluded>0</occluded>
		<bndbox>
			<xmin>702</xmin>
			<xmax>883</xmax>
			<ymin>253</ymin>
			<ymax>396</ymax>
		</bndbox>
	</object>
</annotation>
