<annotation>
	<folder></folder>
	<filename>frame_0032_jpg.rf.d2700123da239500f24d53e438832c0a.jpg</filename>
	<path>frame_0032_jpg.rf.d2700123da239500f24d53e438832c0a.jpg</path>
	<source>
		<database>roboflow.ai</database>
	</source>
	<size>
		<width>1280</width>
		<height>720</height>
		<depth>3</depth>
	</size>
	<segmented>0</segmented>
	<object>
		<name>hand</name>
		<pose>Unspecified</pose>
		<truncated>0</truncated>
		<difficult>0</difficult>
		<occluded>0</occluded>
		<bndbox>
			<xmin>305</xmin>
			<xmax>534</xmax>
			<ymin>248</ymin>
			<ymax>477</ymax>
		</bndbox>
	</object>
	<object>
		<name>hand</name>
		<pose>Unspecified</pose>
		<truncated>0</truncated>
		<difficult>0</difficult>
		<occluded>0</occluded>
		<bndbox>
			<xmin>477</xmin>
			<xmax>626</xmax>
			<ymin>250</ymin>
			<ymax>342</ymax>
		</bndbox>
	</object>
</annotation>
