<annotation>
	<folder></folder>
	<filename>frame_1566_jpg.rf.e173cb2ee34941c9341f5859c1bed0f1.jpg</filename>
	<path>frame_1566_jpg.rf.e173cb2ee34941c9341f5859c1bed0f1.jpg</path>
	<source>
		<database>roboflow.ai</database>
	</source>
	<size>
		<width>1280</width>
		<height>720</height>
		<depth>3</depth>
	</size>
	<segmented>0</segmented>
	<object>
		<name>hand</name>
		<pose>Unspecified</pose>
		<truncated>0</truncated>
		<difficult>0</difficult>
		<occluded>0</occluded>
		<bndbox>
			<xmin>318</xmin>
			<xmax>467</xmax>
			<ymin>234</ymin>
			<ymax>399</ymax>
		</bndbox>
	</object>
	<object>
		<name>hand</name>
		<pose>Unspecified</pose>
		<truncated>0</truncated>
		<difficult>0</difficult>
		<occluded>0</occluded>
		<bndbox>
			<xmin>907</xmin>
			<xmax>1098</xmax>
			<ymin>283</ymin>
			<ymax>515</ymax>
		</bndbox>
	</object>
	<object>
		<name>hand</name>
		<pose>Unspecified</pose>
		<truncated>0</truncated>
		<difficult>0</difficult>
		<occluded>0</occluded>
		<bndbox>
			<xmin>188</xmin>
			<xmax>410</xmax>
			<ymin>558</ymin>
			<ymax>720</ymax>
		</bndbox>
	</object>
</annotation>
