<annotation>
	<folder></folder>
	<filename>frame_0549_jpg.rf.37f32274d2eb1b12b495ed45c31d6f78.jpg</filename>
	<path>frame_0549_jpg.rf.37f32274d2eb1b12b495ed45c31d6f78.jpg</path>
	<source>
		<database>roboflow.ai</database>
	</source>
	<size>
		<width>1280</width>
		<height>720</height>
		<depth>3</depth>
	</size>
	<segmented>0</segmented>
	<object>
		<name>hand</name>
		<pose>Unspecified</pose>
		<truncated>0</truncated>
		<difficult>0</difficult>
		<occluded>0</occluded>
		<bndbox>
			<xmin>436</xmin>
			<xmax>637</xmax>
			<ymin>233</ymin>
			<ymax>415</ymax>
		</bndbox>
	</object>
</annotation>
