<annotation>
	<folder></folder>
	<filename>frame_0146_jpg.rf.1dbf48c3cd07de4546cff019eb3771a2.jpg</filename>
	<path>frame_0146_jpg.rf.1dbf48c3cd07de4546cff019eb3771a2.jpg</path>
	<source>
		<database>roboflow.ai</database>
	</source>
	<size>
		<width>1280</width>
		<height>720</height>
		<depth>3</depth>
	</size>
	<segmented>0</segmented>
	<object>
		<name>hand</name>
		<pose>Unspecified</pose>
		<truncated>0</truncated>
		<difficult>0</difficult>
		<occluded>0</occluded>
		<bndbox>
			<xmin>593</xmin>
			<xmax>783</xmax>
			<ymin>189</ymin>
			<ymax>342</ymax>
		</bndbox>
	</object>
	<object>
		<name>hand</name>
		<pose>Unspecified</pose>
		<truncated>0</truncated>
		<difficult>0</difficult>
		<occluded>0</occluded>
		<bndbox>
			<xmin>780</xmin>
			<xmax>1036</xmax>
			<ymin>232</ymin>
			<ymax>388</ymax>
		</bndbox>
	</object>
	<object>
		<name>hand</name>
		<pose>Unspecified</pose>
		<truncated>0</truncated>
		<difficult>0</difficult>
		<occluded>0</occluded>
		<bndbox>
			<xmin>645</xmin>
			<xmax>1059</xmax>
			<ymin>487</ymin>
			<ymax>720</ymax>
		</bndbox>
	</object>
</annotation>
