<annotation>
	<folder></folder>
	<filename>frame_2698_jpg.rf.07f649c25a6c32bf89141f54fbe5cdfd.jpg</filename>
	<path>frame_2698_jpg.rf.07f649c25a6c32bf89141f54fbe5cdfd.jpg</path>
	<source>
		<database>roboflow.ai</database>
	</source>
	<size>
		<width>1280</width>
		<height>720</height>
		<depth>3</depth>
	</size>
	<segmented>0</segmented>
	<object>
		<name>hand</name>
		<pose>Unspecified</pose>
		<truncated>0</truncated>
		<difficult>0</difficult>
		<occluded>0</occluded>
		<bndbox>
			<xmin>364</xmin>
			<xmax>522</xmax>
			<ymin>350</ymin>
			<ymax>472</ymax>
		</bndbox>
	</object>
	<object>
		<name>hand</name>
		<pose>Unspecified</pose>
		<truncated>0</truncated>
		<difficult>0</difficult>
		<occluded>0</occluded>
		<bndbox>
			<xmin>668</xmin>
			<xmax>759</xmax>
			<ymin>346</ymin>
			<ymax>461</ymax>
		</bndbox>
	</object>
</annotation>
