<annotation>
	<folder></folder>
	<filename>frame_2605_jpg.rf.b77591d7f4f7bd036bf524747d7f8174.jpg</filename>
	<path>frame_2605_jpg.rf.b77591d7f4f7bd036bf524747d7f8174.jpg</path>
	<source>
		<database>roboflow.ai</database>
	</source>
	<size>
		<width>1280</width>
		<height>720</height>
		<depth>3</depth>
	</size>
	<segmented>0</segmented>
	<object>
		<name>hand</name>
		<pose>Unspecified</pose>
		<truncated>0</truncated>
		<difficult>0</difficult>
		<occluded>0</occluded>
		<bndbox>
			<xmin>781</xmin>
			<xmax>910</xmax>
			<ymin>475</ymin>
			<ymax>621</ymax>
		</bndbox>
	</object>
	<object>
		<name>hand</name>
		<pose>Unspecified</pose>
		<truncated>0</truncated>
		<difficult>0</difficult>
		<occluded>0</occluded>
		<bndbox>
			<xmin>44</xmin>
			<xmax>311</xmax>
			<ymin>221</ymin>
			<ymax>545</ymax>
		</bndbox>
	</object>
	<object>
		<name>hand</name>
		<pose>Unspecified</pose>
		<truncated>0</truncated>
		<difficult>0</difficult>
		<occluded>0</occluded>
		<bndbox>
			<xmin>321</xmin>
			<xmax>464</xmax>
			<ymin>249</ymin>
			<ymax>376</ymax>
		</bndbox>
	</object>
	<object>
		<name>face</name>
		<pose>Unspecified</pose>
		<truncated>0</truncated>
		<difficult>0</difficult>
		<occluded>0</occluded>
		<bndbox>
			<xmin>459</xmin>
			<xmax>622</xmax>
			<ymin>7</ymin>
			<ymax>184</ymax>
		</bndbox>
	</object>
</annotation>
