<annotation>
	<folder></folder>
	<filename>frame_0045_jpg.rf.2819036e3ff83904e0a129e9573c6c83.jpg</filename>
	<path>frame_0045_jpg.rf.2819036e3ff83904e0a129e9573c6c83.jpg</path>
	<source>
		<database>roboflow.ai</database>
	</source>
	<size>
		<width>1280</width>
		<height>720</height>
		<depth>3</depth>
	</size>
	<segmented>0</segmented>
	<object>
		<name>hand</name>
		<pose>Unspecified</pose>
		<truncated>0</truncated>
		<difficult>0</difficult>
		<occluded>0</occluded>
		<bndbox>
			<xmin>505</xmin>
			<xmax>746</xmax>
			<ymin>216</ymin>
			<ymax>399</ymax>
		</bndbox>
	</object>
	<object>
		<name>hand</name>
		<pose>Unspecified</pose>
		<truncated>0</truncated>
		<difficult>0</difficult>
		<occluded>0</occluded>
		<bndbox>
			<xmin>710</xmin>
			<xmax>992</xmax>
			<ymin>260</ymin>
			<ymax>454</ymax>
		</bndbox>
	</object>
</annotation>
