<annotation>
	<folder></folder>
	<filename>frame_2251_jpg.rf.d7ba3b010f562bb9234410ae11888c0f.jpg</filename>
	<path>frame_2251_jpg.rf.d7ba3b010f562bb9234410ae11888c0f.jpg</path>
	<source>
		<database>roboflow.ai</database>
	</source>
	<size>
		<width>1280</width>
		<height>720</height>
		<depth>3</depth>
	</size>
	<segmented>0</segmented>
	<object>
		<name>hand</name>
		<pose>Unspecified</pose>
		<truncated>0</truncated>
		<difficult>0</difficult>
		<occluded>0</occluded>
		<bndbox>
			<xmin>730</xmin>
			<xmax>906</xmax>
			<ymin>434</ymin>
			<ymax>607</ymax>
		</bndbox>
	</object>
	<object>
		<name>hand</name>
		<pose>Unspecified</pose>
		<truncated>0</truncated>
		<difficult>0</difficult>
		<occluded>0</occluded>
		<bndbox>
			<xmin>411</xmin>
			<xmax>515</xmax>
			<ymin>352</ymin>
			<ymax>538</ymax>
		</bndbox>
	</object>
</annotation>
