<annotation>
	<folder></folder>
	<filename>frame_0185_jpg.rf.7a1c0ed2bad7afeb93336930de0c991c.jpg</filename>
	<path>frame_0185_jpg.rf.7a1c0ed2bad7afeb93336930de0c991c.jpg</path>
	<source>
		<database>roboflow.ai</database>
	</source>
	<size>
		<width>1280</width>
		<height>720</height>
		<depth>3</depth>
	</size>
	<segmented>0</segmented>
	<object>
		<name>hand</name>
		<pose>Unspecified</pose>
		<truncated>0</truncated>
		<difficult>0</difficult>
		<occluded>0</occluded>
		<bndbox>
			<xmin>389</xmin>
			<xmax>603</xmax>
			<ymin>456</ymin>
			<ymax>720</ymax>
		</bndbox>
	</object>
	<object>
		<name>hand</name>
		<pose>Unspecified</pose>
		<truncated>0</truncated>
		<difficult>0</difficult>
		<occluded>0</occluded>
		<bndbox>
			<xmin>617</xmin>
			<xmax>811</xmax>
			<ymin>346</ymin>
			<ymax>559</ymax>
		</bndbox>
	</object>
</annotation>
