<annotation>
	<folder></folder>
	<filename>frame_1089_jpg.rf.5f71355414b4289017f9e78dd9d13857.jpg</filename>
	<path>frame_1089_jpg.rf.5f71355414b4289017f9e78dd9d13857.jpg</path>
	<source>
		<database>roboflow.ai</database>
	</source>
	<size>
		<width>1280</width>
		<height>720</height>
		<depth>3</depth>
	</size>
	<segmented>0</segmented>
	<object>
		<name>hand</name>
		<pose>Unspecified</pose>
		<truncated>0</truncated>
		<difficult>0</difficult>
		<occluded>0</occluded>
		<bndbox>
			<xmin>769</xmin>
			<xmax>941</xmax>
			<ymin>307</ymin>
			<ymax>444</ymax>
		</bndbox>
	</object>
	<object>
		<name>hand</name>
		<pose>Unspecified</pose>
		<truncated>0</truncated>
		<difficult>0</difficult>
		<occluded>0</occluded>
		<bndbox>
			<xmin>585</xmin>
			<xmax>767</xmax>
			<ymin>288</ymin>
			<ymax>439</ymax>
		</bndbox>
	</object>
	<object>
		<name>hand</name>
		<pose>Unspecified</pose>
		<truncated>0</truncated>
		<difficult>0</difficult>
		<occluded>0</occluded>
		<bndbox>
			<xmin>509</xmin>
			<xmax>741</xmax>
			<ymin>435</ymin>
			<ymax>708</ymax>
		</bndbox>
	</object>
</annotation>
