<annotation>
	<folder></folder>
	<filename>frame_0321_jpg.rf.5925dbde0a017d97209fb4b46a99c109.jpg</filename>
	<path>frame_0321_jpg.rf.5925dbde0a017d97209fb4b46a99c109.jpg</path>
	<source>
		<database>roboflow.ai</database>
	</source>
	<size>
		<width>1280</width>
		<height>720</height>
		<depth>3</depth>
	</size>
	<segmented>0</segmented>
	<object>
		<name>hand</name>
		<pose>Unspecified</pose>
		<truncated>0</truncated>
		<difficult>0</difficult>
		<occluded>0</occluded>
		<bndbox>
			<xmin>309</xmin>
			<xmax>534</xmax>
			<ymin>197</ymin>
			<ymax>427</ymax>
		</bndbox>
	</object>
	<object>
		<name>hand</name>
		<pose>Unspecified</pose>
		<truncated>0</truncated>
		<difficult>0</difficult>
		<occluded>0</occluded>
		<bndbox>
			<xmin>643</xmin>
			<xmax>841</xmax>
			<ymin>210</ymin>
			<ymax>326</ymax>
		</bndbox>
	</object>
</annotation>
