<annotation>
	<folder></folder>
	<filename>frame_0604_jpg.rf.53518353e253b0c75186ce8146bd85d7.jpg</filename>
	<path>frame_0604_jpg.rf.53518353e253b0c75186ce8146bd85d7.jpg</path>
	<source>
		<database>roboflow.ai</database>
	</source>
	<size>
		<width>1280</width>
		<height>720</height>
		<depth>3</depth>
	</size>
	<segmented>0</segmented>
	<object>
		<name>hand</name>
		<pose>Unspecified</pose>
		<truncated>0</truncated>
		<difficult>0</difficult>
		<occluded>0</occluded>
		<bndbox>
			<xmin>624</xmin>
			<xmax>807</xmax>
			<ymin>241</ymin>
			<ymax>377</ymax>
		</bndbox>
	</object>
	<object>
		<name>hand</name>
		<pose>Unspecified</pose>
		<truncated>0</truncated>
		<difficult>0</difficult>
		<occluded>0</occluded>
		<bndbox>
			<xmin>374</xmin>
			<xmax>572</xmax>
			<ymin>212</ymin>
			<ymax>357</ymax>
		</bndbox>
	</object>
	<object>
		<name>hand</name>
		<pose>Unspecified</pose>
		<truncated>0</truncated>
		<difficult>0</difficult>
		<occluded>0</occluded>
		<bndbox>
			<xmin>604</xmin>
			<xmax>1044</xmax>
			<ymin>494</ymin>
			<ymax>720</ymax>
		</bndbox>
	</object>
</annotation>
