<annotation>
	<folder></folder>
	<filename>frame_1581_jpg.rf.02d4fb8b748812b8502e996903786670.jpg</filename>
	<path>frame_1581_jpg.rf.02d4fb8b748812b8502e996903786670.jpg</path>
	<source>
		<database>roboflow.ai</database>
	</source>
	<size>
		<width>1280</width>
		<height>720</height>
		<depth>3</depth>
	</size>
	<segmented>0</segmented>
	<object>
		<name>hand</name>
		<pose>Unspecified</pose>
		<truncated>0</truncated>
		<difficult>0</difficult>
		<occluded>0</occluded>
		<bndbox>
			<xmin>641</xmin>
			<xmax>1072</xmax>
			<ymin>156</ymin>
			<ymax>698</ymax>
		</bndbox>
	</object>
	<object>
		<name>hand</name>
		<pose>Unspecified</pose>
		<truncated>0</truncated>
		<difficult>0</difficult>
		<occluded>0</occluded>
		<bndbox>
			<xmin>1</xmin>
			<xmax>368</xmax>
			<ymin>218</ymin>
			<ymax>720</ymax>
		</bndbox>
	</object>
	<object>
		<name>hand</name>
		<pose>Unspecified</pose>
		<truncated>0</truncated>
		<difficult>0</difficult>
		<occluded>0</occluded>
		<bndbox>
			<xmin>277</xmin>
			<xmax>454</xmax>
			<ymin>499</ymin>
			<ymax>671</ymax>
		</bndbox>
	</object>
	<object>
		<name>hand</name>
		<pose>Unspecified</pose>
		<truncated>0</truncated>
		<difficult>0</difficult>
		<occluded>0</occluded>
		<bndbox>
			<xmin>649</xmin>
			<xmax>818</xmax>
			<ymin>490</ymin>
			<ymax>677</ymax>
		</bndbox>
	</object>
	<object>
		<name>face</name>
		<pose>Unspecified</pose>
		<truncated>0</truncated>
		<difficult>0</difficult>
		<occluded>0</occluded>
		<bndbox>
			<xmin>423</xmin>
			<xmax>644</xmax>
			<ymin>3</ymin>
			<ymax>168</ymax>
		</bndbox>
	</object>
</annotation>
