<annotation>
	<folder></folder>
	<filename>frame_0230_jpg.rf.24975fd6a22cb3341de95eed409c1dc3.jpg</filename>
	<path>frame_0230_jpg.rf.24975fd6a22cb3341de95eed409c1dc3.jpg</path>
	<source>
		<database>roboflow.ai</database>
	</source>
	<size>
		<width>1280</width>
		<height>720</height>
		<depth>3</depth>
	</size>
	<segmented>0</segmented>
	<object>
		<name>hand</name>
		<pose>Unspecified</pose>
		<truncated>0</truncated>
		<difficult>0</difficult>
		<occluded>0</occluded>
		<bndbox>
			<xmin>277</xmin>
			<xmax>465</xmax>
			<ymin>83</ymin>
			<ymax>283</ymax>
		</bndbox>
	</object>
</annotation>
