<annotation>
	<folder></folder>
	<filename>frame_2348_jpg.rf.6792039602157ea59e5e22ce4cd2990e.jpg</filename>
	<path>frame_2348_jpg.rf.6792039602157ea59e5e22ce4cd2990e.jpg</path>
	<source>
		<database>roboflow.ai</database>
	</source>
	<size>
		<width>1280</width>
		<height>720</height>
		<depth>3</depth>
	</size>
	<segmented>0</segmented>
	<object>
		<name>hand</name>
		<pose>Unspecified</pose>
		<truncated>0</truncated>
		<difficult>0</difficult>
		<occluded>0</occluded>
		<bndbox>
			<xmin>521</xmin>
			<xmax>704</xmax>
			<ymin>261</ymin>
			<ymax>406</ymax>
		</bndbox>
	</object>
	<object>
		<name>hand</name>
		<pose>Unspecified</pose>
		<truncated>0</truncated>
		<difficult>0</difficult>
		<occluded>0</occluded>
		<bndbox>
			<xmin>327</xmin>
			<xmax>488</xmax>
			<ymin>256</ymin>
			<ymax>395</ymax>
		</bndbox>
	</object>
	<object>
		<name>face</name>
		<pose>Unspecified</pose>
		<truncated>0</truncated>
		<difficult>0</difficult>
		<occluded>0</occluded>
		<bndbox>
			<xmin>421</xmin>
			<xmax>594</xmax>
			<ymin>69</ymin>
			<ymax>250</ymax>
		</bndbox>
	</object>
</annotation>
