<annotation>
	<folder></folder>
	<filename>frame_0756_jpg.rf.4edbbe0e7d2b864fa6bccecc64545adf.jpg</filename>
	<path>frame_0756_jpg.rf.4edbbe0e7d2b864fa6bccecc64545adf.jpg</path>
	<source>
		<database>roboflow.ai</database>
	</source>
	<size>
		<width>1280</width>
		<height>720</height>
		<depth>3</depth>
	</size>
	<segmented>0</segmented>
	<object>
		<name>hand</name>
		<pose>Unspecified</pose>
		<truncated>0</truncated>
		<difficult>0</difficult>
		<occluded>0</occluded>
		<bndbox>
			<xmin>1</xmin>
			<xmax>260</xmax>
			<ymin>1</ymin>
			<ymax>196</ymax>
		</bndbox>
	</object>
</annotation>
