<annotation>
	<folder></folder>
	<filename>frame_0200_jpg.rf.ffae76ba8b9219db2c8efc0248898579.jpg</filename>
	<path>frame_0200_jpg.rf.ffae76ba8b9219db2c8efc0248898579.jpg</path>
	<source>
		<database>roboflow.ai</database>
	</source>
	<size>
		<width>1280</width>
		<height>720</height>
		<depth>3</depth>
	</size>
	<segmented>0</segmented>
	<object>
		<name>face</name>
		<pose>Unspecified</pose>
		<truncated>0</truncated>
		<difficult>0</difficult>
		<occluded>0</occluded>
		<bndbox>
			<xmin>610</xmin>
			<xmax>818</xmax>
			<ymin>1</ymin>
			<ymax>135</ymax>
		</bndbox>
	</object>
	<object>
		<name>hand</name>
		<pose>Unspecified</pose>
		<truncated>0</truncated>
		<difficult>0</difficult>
		<occluded>0</occluded>
		<bndbox>
			<xmin>531</xmin>
			<xmax>707</xmax>
			<ymin>245</ymin>
			<ymax>389</ymax>
		</bndbox>
	</object>
	<object>
		<name>hand</name>
		<pose>Unspecified</pose>
		<truncated>0</truncated>
		<difficult>0</difficult>
		<occluded>0</occluded>
		<bndbox>
			<xmin>910</xmin>
			<xmax>1127</xmax>
			<ymin>279</ymin>
			<ymax>464</ymax>
		</bndbox>
	</object>
	<object>
		<name>hand</name>
		<pose>Unspecified</pose>
		<truncated>0</truncated>
		<difficult>0</difficult>
		<occluded>0</occluded>
		<bndbox>
			<xmin>11</xmin>
			<xmax>404</xmax>
			<ymin>513</ymin>
			<ymax>720</ymax>
		</bndbox>
	</object>
</annotation>
