<annotation>
	<folder></folder>
	<filename>frame_1458_jpg.rf.96627cf396a46436dd6a875a080a8a34.jpg</filename>
	<path>frame_1458_jpg.rf.96627cf396a46436dd6a875a080a8a34.jpg</path>
	<source>
		<database>roboflow.ai</database>
	</source>
	<size>
		<width>1280</width>
		<height>720</height>
		<depth>3</depth>
	</size>
	<segmented>0</segmented>
	<object>
		<name>hand</name>
		<pose>Unspecified</pose>
		<truncated>0</truncated>
		<difficult>0</difficult>
		<occluded>0</occluded>
		<bndbox>
			<xmin>449</xmin>
			<xmax>742</xmax>
			<ymin>368</ymin>
			<ymax>687</ymax>
		</bndbox>
	</object>
	<object>
		<name>hand</name>
		<pose>Unspecified</pose>
		<truncated>0</truncated>
		<difficult>0</difficult>
		<occluded>0</occluded>
		<bndbox>
			<xmin>428</xmin>
			<xmax>609</xmax>
			<ymin>253</ymin>
			<ymax>376</ymax>
		</bndbox>
	</object>
	<object>
		<name>face</name>
		<pose>Unspecified</pose>
		<truncated>0</truncated>
		<difficult>0</difficult>
		<occluded>0</occluded>
		<bndbox>
			<xmin>319</xmin>
			<xmax>457</xmax>
			<ymin>1</ymin>
			<ymax>176</ymax>
		</bndbox>
	</object>
</annotation>
