<annotation>
	<folder></folder>
	<filename>frame_0003_jpg.rf.0e2b5d8ec2e653d8c724c4bfb7fb3817.jpg</filename>
	<path>frame_0003_jpg.rf.0e2b5d8ec2e653d8c724c4bfb7fb3817.jpg</path>
	<source>
		<database>roboflow.ai</database>
	</source>
	<size>
		<width>1280</width>
		<height>720</height>
		<depth>3</depth>
	</size>
	<segmented>0</segmented>
	<object>
		<name>hand</name>
		<pose>Unspecified</pose>
		<truncated>0</truncated>
		<difficult>0</difficult>
		<occluded>0</occluded>
		<bndbox>
			<xmin>276</xmin>
			<xmax>480</xmax>
			<ymin>308</ymin>
			<ymax>481</ymax>
		</bndbox>
	</object>
	<object>
		<name>hand</name>
		<pose>Unspecified</pose>
		<truncated>0</truncated>
		<difficult>0</difficult>
		<occluded>0</occluded>
		<bndbox>
			<xmin>638</xmin>
			<xmax>867</xmax>
			<ymin>331</ymin>
			<ymax>500</ymax>
		</bndbox>
	</object>
</annotation>
