<annotation>
	<folder></folder>
	<filename>frame_1220_jpg.rf.af68bdc5fc21396f404a8358ffac89d7.jpg</filename>
	<path>frame_1220_jpg.rf.af68bdc5fc21396f404a8358ffac89d7.jpg</path>
	<source>
		<database>roboflow.ai</database>
	</source>
	<size>
		<width>1280</width>
		<height>720</height>
		<depth>3</depth>
	</size>
	<segmented>0</segmented>
	<object>
		<name>hand</name>
		<pose>Unspecified</pose>
		<truncated>0</truncated>
		<difficult>0</difficult>
		<occluded>0</occluded>
		<bndbox>
			<xmin>434</xmin>
			<xmax>664</xmax>
			<ymin>175</ymin>
			<ymax>342</ymax>
		</bndbox>
	</object>
	<object>
		<name>hand</name>
		<pose>Unspecified</pose>
		<truncated>0</truncated>
		<difficult>0</difficult>
		<occluded>0</occluded>
		<bndbox>
			<xmin>636</xmin>
			<xmax>848</xmax>
			<ymin>216</ymin>
			<ymax>367</ymax>
		</bndbox>
	</object>
	<object>
		<name>hand</name>
		<pose>Unspecified</pose>
		<truncated>0</truncated>
		<difficult>0</difficult>
		<occluded>0</occluded>
		<bndbox>
			<xmin>414</xmin>
			<xmax>1052</xmax>
			<ymin>380</ymin>
			<ymax>720</ymax>
		</bndbox>
	</object>
</annotation>
