<annotation>
	<folder></folder>
	<filename>frame_0890_jpg.rf.660eeb0926172240406924ca245fbdf6.jpg</filename>
	<path>frame_0890_jpg.rf.660eeb0926172240406924ca245fbdf6.jpg</path>
	<source>
		<database>roboflow.ai</database>
	</source>
	<size>
		<width>1280</width>
		<height>720</height>
		<depth>3</depth>
	</size>
	<segmented>0</segmented>
	<object>
		<name>hand</name>
		<pose>Unspecified</pose>
		<truncated>0</truncated>
		<difficult>0</difficult>
		<occluded>0</occluded>
		<bndbox>
			<xmin>617</xmin>
			<xmax>1004</xmax>
			<ymin>512</ymin>
			<ymax>720</ymax>
		</bndbox>
	</object>
	<object>
		<name>hand</name>
		<pose>Unspecified</pose>
		<truncated>0</truncated>
		<difficult>0</difficult>
		<occluded>0</occluded>
		<bndbox>
			<xmin>356</xmin>
			<xmax>579</xmax>
			<ymin>239</ymin>
			<ymax>548</ymax>
		</bndbox>
	</object>
</annotation>
