<annotation>
	<folder></folder>
	<filename>frame_1830_jpg.rf.d34735bf41742d4ac271ce723e523781.jpg</filename>
	<path>frame_1830_jpg.rf.d34735bf41742d4ac271ce723e523781.jpg</path>
	<source>
		<database>roboflow.ai</database>
	</source>
	<size>
		<width>1280</width>
		<height>720</height>
		<depth>3</depth>
	</size>
	<segmented>0</segmented>
	<object>
		<name>hand</name>
		<pose>Unspecified</pose>
		<truncated>0</truncated>
		<difficult>0</difficult>
		<occluded>0</occluded>
		<bndbox>
			<xmin>572</xmin>
			<xmax>842</xmax>
			<ymin>404</ymin>
			<ymax>702</ymax>
		</bndbox>
	</object>
	<object>
		<name>hand</name>
		<pose>Unspecified</pose>
		<truncated>0</truncated>
		<difficult>0</difficult>
		<occluded>0</occluded>
		<bndbox>
			<xmin>124</xmin>
			<xmax>430</xmax>
			<ymin>456</ymin>
			<ymax>720</ymax>
		</bndbox>
	</object>
	<object>
		<name>hand</name>
		<pose>Unspecified</pose>
		<truncated>0</truncated>
		<difficult>0</difficult>
		<occluded>0</occluded>
		<bndbox>
			<xmin>614</xmin>
			<xmax>799</xmax>
			<ymin>112</ymin>
			<ymax>228</ymax>
		</bndbox>
	</object>
</annotation>
