<annotation>
	<folder></folder>
	<filename>frame_1664_jpg.rf.f7a898ad2cc082038555f211fecca171.jpg</filename>
	<path>frame_1664_jpg.rf.f7a898ad2cc082038555f211fecca171.jpg</path>
	<source>
		<database>roboflow.ai</database>
	</source>
	<size>
		<width>1280</width>
		<height>720</height>
		<depth>3</depth>
	</size>
	<segmented>0</segmented>
	<object>
		<name>hand</name>
		<pose>Unspecified</pose>
		<truncated>0</truncated>
		<difficult>0</difficult>
		<occluded>0</occluded>
		<bndbox>
			<xmin>452</xmin>
			<xmax>894</xmax>
			<ymin>281</ymin>
			<ymax>714</ymax>
		</bndbox>
	</object>
	<object>
		<name>hand</name>
		<pose>Unspecified</pose>
		<truncated>0</truncated>
		<difficult>0</difficult>
		<occluded>0</occluded>
		<bndbox>
			<xmin>1</xmin>
			<xmax>277</xmax>
			<ymin>345</ymin>
			<ymax>720</ymax>
		</bndbox>
	</object>
</annotation>
