<annotation>
	<folder></folder>
	<filename>frame_0550_jpg.rf.5acd58ee20ffbcee71e898713c34eba4.jpg</filename>
	<path>frame_0550_jpg.rf.5acd58ee20ffbcee71e898713c34eba4.jpg</path>
	<source>
		<database>roboflow.ai</database>
	</source>
	<size>
		<width>1280</width>
		<height>720</height>
		<depth>3</depth>
	</size>
	<segmented>0</segmented>
	<object>
		<name>hand</name>
		<pose>Unspecified</pose>
		<truncated>0</truncated>
		<difficult>0</difficult>
		<occluded>0</occluded>
		<bndbox>
			<xmin>1</xmin>
			<xmax>269</xmax>
			<ymin>354</ymin>
			<ymax>640</ymax>
		</bndbox>
	</object>
	<object>
		<name>hand</name>
		<pose>Unspecified</pose>
		<truncated>0</truncated>
		<difficult>0</difficult>
		<occluded>0</occluded>
		<bndbox>
			<xmin>572</xmin>
			<xmax>1064</xmax>
			<ymin>134</ymin>
			<ymax>560</ymax>
		</bndbox>
	</object>
</annotation>
