<annotation>
	<folder></folder>
	<filename>frame_0783_jpg.rf.ffcce5a75795ac5d4a13279e7dd99929.jpg</filename>
	<path>frame_0783_jpg.rf.ffcce5a75795ac5d4a13279e7dd99929.jpg</path>
	<source>
		<database>roboflow.ai</database>
	</source>
	<size>
		<width>1280</width>
		<height>720</height>
		<depth>3</depth>
	</size>
	<segmented>0</segmented>
	<object>
		<name>hand</name>
		<pose>Unspecified</pose>
		<truncated>0</truncated>
		<difficult>0</difficult>
		<occluded>0</occluded>
		<bndbox>
			<xmin>177</xmin>
			<xmax>379</xmax>
			<ymin>440</ymin>
			<ymax>634</ymax>
		</bndbox>
	</object>
	<object>
		<name>hand</name>
		<pose>Unspecified</pose>
		<truncated>0</truncated>
		<difficult>0</difficult>
		<occluded>0</occluded>
		<bndbox>
			<xmin>792</xmin>
			<xmax>1059</xmax>
			<ymin>311</ymin>
			<ymax>673</ymax>
		</bndbox>
	</object>
</annotation>
