<annotation>
	<folder></folder>
	<filename>frame_0194_jpg.rf.7b0a3170dfb0a98cd004f43e0a9915f8.jpg</filename>
	<path>frame_0194_jpg.rf.7b0a3170dfb0a98cd004f43e0a9915f8.jpg</path>
	<source>
		<database>roboflow.ai</database>
	</source>
	<size>
		<width>1280</width>
		<height>720</height>
		<depth>3</depth>
	</size>
	<segmented>0</segmented>
	<object>
		<name>hand</name>
		<pose>Unspecified</pose>
		<truncated>0</truncated>
		<difficult>0</difficult>
		<occluded>0</occluded>
		<bndbox>
			<xmin>284</xmin>
			<xmax>550</xmax>
			<ymin>250</ymin>
			<ymax>487</ymax>
		</bndbox>
	</object>
	<object>
		<name>hand</name>
		<pose>Unspecified</pose>
		<truncated>0</truncated>
		<difficult>0</difficult>
		<occluded>0</occluded>
		<bndbox>
			<xmin>523</xmin>
			<xmax>780</xmax>
			<ymin>283</ymin>
			<ymax>405</ymax>
		</bndbox>
	</object>
</annotation>
