<annotation>
	<folder></folder>
	<filename>frame_0763_jpg.rf.22f722cd7381790b5a2c7d087438f5ac.jpg</filename>
	<path>frame_0763_jpg.rf.22f722cd7381790b5a2c7d087438f5ac.jpg</path>
	<source>
		<database>roboflow.ai</database>
	</source>
	<size>
		<width>1280</width>
		<height>720</height>
		<depth>3</depth>
	</size>
	<segmented>0</segmented>
	<object>
		<name>hand</name>
		<pose>Unspecified</pose>
		<truncated>0</truncated>
		<difficult>0</difficult>
		<occluded>0</occluded>
		<bndbox>
			<xmin>79</xmin>
			<xmax>281</xmax>
			<ymin>169</ymin>
			<ymax>369</ymax>
		</bndbox>
	</object>
	<object>
		<name>hand</name>
		<pose>Unspecified</pose>
		<truncated>0</truncated>
		<difficult>0</difficult>
		<occluded>0</occluded>
		<bndbox>
			<xmin>373</xmin>
			<xmax>521</xmax>
			<ymin>148</ymin>
			<ymax>338</ymax>
		</bndbox>
	</object>
	<object>
		<name>hand</name>
		<pose>Unspecified</pose>
		<truncated>0</truncated>
		<difficult>0</difficult>
		<occluded>0</occluded>
		<bndbox>
			<xmin>645</xmin>
			<xmax>1023</xmax>
			<ymin>469</ymin>
			<ymax>720</ymax>
		</bndbox>
	</object>
</annotation>
