<annotation>
	<folder></folder>
	<filename>frame_0134_jpg.rf.5d980127bfae63b186725b6f86224599.jpg</filename>
	<path>frame_0134_jpg.rf.5d980127bfae63b186725b6f86224599.jpg</path>
	<source>
		<database>roboflow.ai</database>
	</source>
	<size>
		<width>1280</width>
		<height>720</height>
		<depth>3</depth>
	</size>
	<segmented>0</segmented>
	<object>
		<name>hand</name>
		<pose>Unspecified</pose>
		<truncated>0</truncated>
		<difficult>0</difficult>
		<occluded>0</occluded>
		<bndbox>
			<xmin>460</xmin>
			<xmax>821</xmax>
			<ymin>157</ymin>
			<ymax>431</ymax>
		</bndbox>
	</object>
	<object>
		<name>hand</name>
		<pose>Unspecified</pose>
		<truncated>0</truncated>
		<difficult>0</difficult>
		<occluded>0</occluded>
		<bndbox>
			<xmin>1</xmin>
			<xmax>150</xmax>
			<ymin>136</ymin>
			<ymax>372</ymax>
		</bndbox>
	</object>
</annotation>
