<annotation>
	<folder></folder>
	<filename>frame_0012_jpg.rf.1c512eaa89756635880a27441e9eccce.jpg</filename>
	<path>frame_0012_jpg.rf.1c512eaa89756635880a27441e9eccce.jpg</path>
	<source>
		<database>roboflow.ai</database>
	</source>
	<size>
		<width>1280</width>
		<height>720</height>
		<depth>3</depth>
	</size>
	<segmented>0</segmented>
	<object>
		<name>hand</name>
		<pose>Unspecified</pose>
		<truncated>0</truncated>
		<difficult>0</difficult>
		<occluded>0</occluded>
		<bndbox>
			<xmin>766</xmin>
			<xmax>953</xmax>
			<ymin>471</ymin>
			<ymax>652</ymax>
		</bndbox>
	</object>
	<object>
		<name>hand</name>
		<pose>Unspecified</pose>
		<truncated>0</truncated>
		<difficult>0</difficult>
		<occluded>0</occluded>
		<bndbox>
			<xmin>207</xmin>
			<xmax>395</xmax>
			<ymin>362</ymin>
			<ymax>558</ymax>
		</bndbox>
	</object>
	<object>
		<name>hand</name>
		<pose>Unspecified</pose>
		<truncated>0</truncated>
		<difficult>0</difficult>
		<occluded>0</occluded>
		<bndbox>
			<xmin>541</xmin>
			<xmax>741</xmax>
			<ymin>365</ymin>
			<ymax>534</ymax>
		</bndbox>
	</object>
</annotation>
