<annotation>
	<folder></folder>
	<filename>frame_1982_jpg.rf.75b1dcb29e73064bb0f6992f257afdbf.jpg</filename>
	<path>frame_1982_jpg.rf.75b1dcb29e73064bb0f6992f257afdbf.jpg</path>
	<source>
		<database>roboflow.ai</database>
	</source>
	<size>
		<width>1280</width>
		<height>720</height>
		<depth>3</depth>
	</size>
	<segmented>0</segmented>
	<object>
		<name>hand</name>
		<pose>Unspecified</pose>
		<truncated>0</truncated>
		<difficult>0</difficult>
		<occluded>0</occluded>
		<bndbox>
			<xmin>379</xmin>
			<xmax>614</xmax>
			<ymin>106</ymin>
			<ymax>281</ymax>
		</bndbox>
	</object>
	<object>
		<name>hand</name>
		<pose>Unspecified</pose>
		<truncated>0</truncated>
		<difficult>0</difficult>
		<occluded>0</occluded>
		<bndbox>
			<xmin>564</xmin>
			<xmax>873</xmax>
			<ymin>98</ymin>
			<ymax>342</ymax>
		</bndbox>
	</object>
	<object>
		<name>hand</name>
		<pose>Unspecified</pose>
		<truncated>0</truncated>
		<difficult>0</difficult>
		<occluded>0</occluded>
		<bndbox>
			<xmin>711</xmin>
			<xmax>807</xmax>
			<ymin>391</ymin>
			<ymax>531</ymax>
		</bndbox>
	</object>
</annotation>
