<annotation>
	<folder></folder>
	<filename>frame_0804_jpg.rf.73130caed8fc4c26018aa195aaa475ac.jpg</filename>
	<path>frame_0804_jpg.rf.73130caed8fc4c26018aa195aaa475ac.jpg</path>
	<source>
		<database>roboflow.ai</database>
	</source>
	<size>
		<width>1280</width>
		<height>720</height>
		<depth>3</depth>
	</size>
	<segmented>0</segmented>
	<object>
		<name>hand</name>
		<pose>Unspecified</pose>
		<truncated>0</truncated>
		<difficult>0</difficult>
		<occluded>0</occluded>
		<bndbox>
			<xmin>423</xmin>
			<xmax>577</xmax>
			<ymin>148</ymin>
			<ymax>265</ymax>
		</bndbox>
	</object>
	<object>
		<name>hand</name>
		<pose>Unspecified</pose>
		<truncated>0</truncated>
		<difficult>0</difficult>
		<occluded>0</occluded>
		<bndbox>
			<xmin>73</xmin>
			<xmax>411</xmax>
			<ymin>492</ymin>
			<ymax>720</ymax>
		</bndbox>
	</object>
	<object>
		<name>hand</name>
		<pose>Unspecified</pose>
		<truncated>0</truncated>
		<difficult>0</difficult>
		<occluded>0</occluded>
		<bndbox>
			<xmin>586</xmin>
			<xmax>854</xmax>
			<ymin>529</ymin>
			<ymax>720</ymax>
		</bndbox>
	</object>
	<object>
		<name>hand</name>
		<pose>Unspecified</pose>
		<truncated>0</truncated>
		<difficult>0</difficult>
		<occluded>0</occluded>
		<bndbox>
			<xmin>623</xmin>
			<xmax>779</xmax>
			<ymin>148</ymin>
			<ymax>250</ymax>
		</bndbox>
	</object>
</annotation>
