<annotation>
	<folder></folder>
	<filename>frame_0434_jpg.rf.d2c35ad4f7ed467e7ed52359a2edd275.jpg</filename>
	<path>frame_0434_jpg.rf.d2c35ad4f7ed467e7ed52359a2edd275.jpg</path>
	<source>
		<database>roboflow.ai</database>
	</source>
	<size>
		<width>1280</width>
		<height>720</height>
		<depth>3</depth>
	</size>
	<segmented>0</segmented>
	<object>
		<name>hand</name>
		<pose>Unspecified</pose>
		<truncated>0</truncated>
		<difficult>0</difficult>
		<occluded>0</occluded>
		<bndbox>
			<xmin>381</xmin>
			<xmax>558</xmax>
			<ymin>183</ymin>
			<ymax>357</ymax>
		</bndbox>
	</object>
	<object>
		<name>hand</name>
		<pose>Unspecified</pose>
		<truncated>0</truncated>
		<difficult>0</difficult>
		<occluded>0</occluded>
		<bndbox>
			<xmin>557</xmin>
			<xmax>706</xmax>
			<ymin>210</ymin>
			<ymax>357</ymax>
		</bndbox>
	</object>
</annotation>
