<annotation>
	<folder></folder>
	<filename>frame_1295_jpg.rf.ffd9d8f8a25704e4e1946d861af6ff53.jpg</filename>
	<path>frame_1295_jpg.rf.ffd9d8f8a25704e4e1946d861af6ff53.jpg</path>
	<source>
		<database>roboflow.ai</database>
	</source>
	<size>
		<width>1280</width>
		<height>720</height>
		<depth>3</depth>
	</size>
	<segmented>0</segmented>
	<object>
		<name>hand</name>
		<pose>Unspecified</pose>
		<truncated>0</truncated>
		<difficult>0</difficult>
		<occluded>0</occluded>
		<bndbox>
			<xmin>240</xmin>
			<xmax>498</xmax>
			<ymin>144</ymin>
			<ymax>326</ymax>
		</bndbox>
	</object>
	<object>
		<name>hand</name>
		<pose>Unspecified</pose>
		<truncated>0</truncated>
		<difficult>0</difficult>
		<occluded>0</occluded>
		<bndbox>
			<xmin>490</xmin>
			<xmax>836</xmax>
			<ymin>150</ymin>
			<ymax>350</ymax>
		</bndbox>
	</object>
</annotation>
