<annotation>
	<folder></folder>
	<filename>frame_0143_jpg.rf.4e5fcd173e0697e9e090072e1e72444a.jpg</filename>
	<path>frame_0143_jpg.rf.4e5fcd173e0697e9e090072e1e72444a.jpg</path>
	<source>
		<database>roboflow.ai</database>
	</source>
	<size>
		<width>1280</width>
		<height>720</height>
		<depth>3</depth>
	</size>
	<segmented>0</segmented>
	<object>
		<name>hand</name>
		<pose>Unspecified</pose>
		<truncated>0</truncated>
		<difficult>0</difficult>
		<occluded>0</occluded>
		<bndbox>
			<xmin>274</xmin>
			<xmax>566</xmax>
			<ymin>72</ymin>
			<ymax>318</ymax>
		</bndbox>
	</object>
</annotation>
