<annotation>
	<folder></folder>
	<filename>frame_0508_jpg.rf.3639a8d24ff69b2ff9bf87131e71940d.jpg</filename>
	<path>frame_0508_jpg.rf.3639a8d24ff69b2ff9bf87131e71940d.jpg</path>
	<source>
		<database>roboflow.ai</database>
	</source>
	<size>
		<width>1280</width>
		<height>720</height>
		<depth>3</depth>
	</size>
	<segmented>0</segmented>
	<object>
		<name>hand</name>
		<pose>Unspecified</pose>
		<truncated>0</truncated>
		<difficult>0</difficult>
		<occluded>0</occluded>
		<bndbox>
			<xmin>439</xmin>
			<xmax>572</xmax>
			<ymin>96</ymin>
			<ymax>246</ymax>
		</bndbox>
	</object>
	<object>
		<name>hand</name>
		<pose>Unspecified</pose>
		<truncated>0</truncated>
		<difficult>0</difficult>
		<occluded>0</occluded>
		<bndbox>
			<xmin>209</xmin>
			<xmax>499</xmax>
			<ymin>36</ymin>
			<ymax>353</ymax>
		</bndbox>
	</object>
</annotation>
