<annotation>
	<folder></folder>
	<filename>frame_0460_jpg.rf.6c2ab109414ba3350fbbe16ed9665013.jpg</filename>
	<path>frame_0460_jpg.rf.6c2ab109414ba3350fbbe16ed9665013.jpg</path>
	<source>
		<database>roboflow.ai</database>
	</source>
	<size>
		<width>1280</width>
		<height>720</height>
		<depth>3</depth>
	</size>
	<segmented>0</segmented>
	<object>
		<name>hand</name>
		<pose>Unspecified</pose>
		<truncated>0</truncated>
		<difficult>0</difficult>
		<occluded>0</occluded>
		<bndbox>
			<xmin>179</xmin>
			<xmax>349</xmax>
			<ymin>335</ymin>
			<ymax>517</ymax>
		</bndbox>
	</object>
	<object>
		<name>hand</name>
		<pose>Unspecified</pose>
		<truncated>0</truncated>
		<difficult>0</difficult>
		<occluded>0</occluded>
		<bndbox>
			<xmin>412</xmin>
			<xmax>638</xmax>
			<ymin>349</ymin>
			<ymax>520</ymax>
		</bndbox>
	</object>
</annotation>
