<annotation>
	<folder></folder>
	<filename>frame_0052_jpg.rf.013fe27412596e6d9be91cd292f6e468.jpg</filename>
	<path>frame_0052_jpg.rf.013fe27412596e6d9be91cd292f6e468.jpg</path>
	<source>
		<database>roboflow.ai</database>
	</source>
	<size>
		<width>1280</width>
		<height>720</height>
		<depth>3</depth>
	</size>
	<segmented>0</segmented>
	<object>
		<name>face</name>
		<pose>Unspecified</pose>
		<truncated>0</truncated>
		<difficult>0</difficult>
		<occluded>0</occluded>
		<bndbox>
			<xmin>460</xmin>
			<xmax>692</xmax>
			<ymin>1</ymin>
			<ymax>172</ymax>
		</bndbox>
	</object>
	<object>
		<name>hand</name>
		<pose>Unspecified</pose>
		<truncated>0</truncated>
		<difficult>0</difficult>
		<occluded>0</occluded>
		<bndbox>
			<xmin>131</xmin>
			<xmax>346</xmax>
			<ymin>322</ymin>
			<ymax>530</ymax>
		</bndbox>
	</object>
	<object>
		<name>hand</name>
		<pose>Unspecified</pose>
		<truncated>0</truncated>
		<difficult>0</difficult>
		<occluded>0</occluded>
		<bndbox>
			<xmin>758</xmin>
			<xmax>934</xmax>
			<ymin>354</ymin>
			<ymax>539</ymax>
		</bndbox>
	</object>
	<object>
		<name>hand</name>
		<pose>Unspecified</pose>
		<truncated>0</truncated>
		<difficult>0</difficult>
		<occluded>0</occluded>
		<bndbox>
			<xmin>844</xmin>
			<xmax>1251</xmax>
			<ymin>292</ymin>
			<ymax>704</ymax>
		</bndbox>
	</object>
</annotation>
