<annotation>
	<folder></folder>
	<filename>frame_0135_jpg.rf.8793dff8616e1deaa2fec0221a62dd12.jpg</filename>
	<path>frame_0135_jpg.rf.8793dff8616e1deaa2fec0221a62dd12.jpg</path>
	<source>
		<database>roboflow.ai</database>
	</source>
	<size>
		<width>1280</width>
		<height>720</height>
		<depth>3</depth>
	</size>
	<segmented>0</segmented>
	<object>
		<name>face</name>
		<pose>Unspecified</pose>
		<truncated>0</truncated>
		<difficult>0</difficult>
		<occluded>0</occluded>
		<bndbox>
			<xmin>607</xmin>
			<xmax>816</xmax>
			<ymin>1</ymin>
			<ymax>133</ymax>
		</bndbox>
	</object>
	<object>
		<name>hand</name>
		<pose>Unspecified</pose>
		<truncated>0</truncated>
		<difficult>0</difficult>
		<occluded>0</occluded>
		<bndbox>
			<xmin>374</xmin>
			<xmax>615</xmax>
			<ymin>217</ymin>
			<ymax>372</ymax>
		</bndbox>
	</object>
	<object>
		<name>hand</name>
		<pose>Unspecified</pose>
		<truncated>0</truncated>
		<difficult>0</difficult>
		<occluded>0</occluded>
		<bndbox>
			<xmin>902</xmin>
			<xmax>1126</xmax>
			<ymin>269</ymin>
			<ymax>458</ymax>
		</bndbox>
	</object>
	<object>
		<name>hand</name>
		<pose>Unspecified</pose>
		<truncated>0</truncated>
		<difficult>0</difficult>
		<occluded>0</occluded>
		<bndbox>
			<xmin>51</xmin>
			<xmax>368</xmax>
			<ymin>540</ymin>
			<ymax>720</ymax>
		</bndbox>
	</object>
</annotation>
