<annotation>
	<folder></folder>
	<filename>Frank_Beamer_0001_jpg.rf.b3ae44e3e1d3c16b46176ced1902eb06.jpg</filename>
	<path>Frank_Beamer_0001_jpg.rf.b3ae44e3e1d3c16b46176ced1902eb06.jpg</path>
	<source>
		<database>roboflow.ai</database>
	</source>
	<size>
		<width>250</width>
		<height>250</height>
		<depth>3</depth>
	</size>
	<segmented>0</segmented>
	<object>
		<name>face</name>
		<pose>Unspecified</pose>
		<truncated>0</truncated>
		<difficult>0</difficult>
		<occluded>0</occluded>
		<bndbox>
			<xmin>96</xmin>
			<xmax>177</xmax>
			<ymin>100</ymin>
			<ymax>195</ymax>
		</bndbox>
	</object>
	<object>
		<name>hand</name>
		<pose>Unspecified</pose>
		<truncated>0</truncated>
		<difficult>0</difficult>
		<occluded>0</occluded>
		<bndbox>
			<xmin>21</xmin>
			<xmax>109</xmax>
			<ymin>85</ymin>
			<ymax>150</ymax>
		</bndbox>
	</object>
</annotation>
