<annotation>
	<folder></folder>
	<filename>Garry_Kasparov_0002_jpg.rf.4a04ad80705c6393b0bab884164dddfd.jpg</filename>
	<path>Garry_Kasparov_0002_jpg.rf.4a04ad80705c6393b0bab884164dddfd.jpg</path>
	<source>
		<database>roboflow.ai</database>
	</source>
	<size>
		<width>250</width>
		<height>250</height>
		<depth>3</depth>
	</size>
	<segmented>0</segmented>
	<object>
		<name>face</name>
		<pose>Unspecified</pose>
		<truncated>0</truncated>
		<difficult>0</difficult>
		<occluded>0</occluded>
		<bndbox>
			<xmin>90</xmin>
			<xmax>172</xmax>
			<ymin>96</ymin>
			<ymax>190</ymax>
		</bndbox>
	</object>
	<object>
		<name>hand</name>
		<pose>Unspecified</pose>
		<truncated>0</truncated>
		<difficult>0</difficult>
		<occluded>0</occluded>
		<bndbox>
			<xmin>142</xmin>
			<xmax>214</xmax>
			<ymin>143</ymin>
			<ymax>201</ymax>
		</bndbox>
	</object>
	<object>
		<name>hand</name>
		<pose>Unspecified</pose>
		<truncated>0</truncated>
		<difficult>0</difficult>
		<occluded>0</occluded>
		<bndbox>
			<xmin>209</xmin>
			<xmax>247</xmax>
			<ymin>131</ymin>
			<ymax>202</ymax>
		</bndbox>
	</object>
</annotation>
