<annotation>
	<folder></folder>
	<filename>Gary_Bergeron_0001_jpg.rf.676c4bbd6f68e31451995677c6c8b6c6.jpg</filename>
	<path>Gary_Bergeron_0001_jpg.rf.676c4bbd6f68e31451995677c6c8b6c6.jpg</path>
	<source>
		<database>roboflow.ai</database>
	</source>
	<size>
		<width>250</width>
		<height>250</height>
		<depth>3</depth>
	</size>
	<segmented>0</segmented>
	<object>
		<name>face</name>
		<pose>Unspecified</pose>
		<truncated>0</truncated>
		<difficult>0</difficult>
		<occluded>0</occluded>
		<bndbox>
			<xmin>173</xmin>
			<xmax>225</xmax>
			<ymin>102</ymin>
			<ymax>170</ymax>
		</bndbox>
	</object>
	<object>
		<name>face</name>
		<pose>Unspecified</pose>
		<truncated>0</truncated>
		<difficult>0</difficult>
		<occluded>0</occluded>
		<bndbox>
			<xmin>88</xmin>
			<xmax>174</xmax>
			<ymin>94</ymin>
			<ymax>196</ymax>
		</bndbox>
	</object>
	<object>
		<name>hand</name>
		<pose>Unspecified</pose>
		<truncated>0</truncated>
		<difficult>0</difficult>
		<occluded>0</occluded>
		<bndbox>
			<xmin>38</xmin>
			<xmax>108</xmax>
			<ymin>114</ymin>
			<ymax>194</ymax>
		</bndbox>
	</object>
</annotation>
