<annotation>
	<folder></folder>
	<filename>Gary_Bergeron_0002_jpg.rf.5466a8cc37b85ad95e40ef903d2172df.jpg</filename>
	<path>Gary_Bergeron_0002_jpg.rf.5466a8cc37b85ad95e40ef903d2172df.jpg</path>
	<source>
		<database>roboflow.ai</database>
	</source>
	<size>
		<width>250</width>
		<height>250</height>
		<depth>3</depth>
	</size>
	<segmented>0</segmented>
	<object>
		<name>face</name>
		<pose>Unspecified</pose>
		<truncated>0</truncated>
		<difficult>0</difficult>
		<occluded>0</occluded>
		<bndbox>
			<xmin>86</xmin>
			<xmax>176</xmax>
			<ymin>98</ymin>
			<ymax>201</ymax>
		</bndbox>
	</object>
	<object>
		<name>hand</name>
		<pose>Unspecified</pose>
		<truncated>0</truncated>
		<difficult>0</difficult>
		<occluded>0</occluded>
		<bndbox>
			<xmin>142</xmin>
			<xmax>247</xmax>
			<ymin>176</ymin>
			<ymax>250</ymax>
		</bndbox>
	</object>
</annotation>
