<annotation>
	<folder></folder>
	<filename>Gary_Doer_0002_jpg.rf.d796d8aa53c70481d2b93f2d38c5e7a6.jpg</filename>
	<path>Gary_Doer_0002_jpg.rf.d796d8aa53c70481d2b93f2d38c5e7a6.jpg</path>
	<source>
		<database>roboflow.ai</database>
	</source>
	<size>
		<width>250</width>
		<height>250</height>
		<depth>3</depth>
	</size>
	<segmented>0</segmented>
	<object>
		<name>face</name>
		<pose>Unspecified</pose>
		<truncated>0</truncated>
		<difficult>0</difficult>
		<occluded>0</occluded>
		<bndbox>
			<xmin>165</xmin>
			<xmax>203</xmax>
			<ymin>90</ymin>
			<ymax>150</ymax>
		</bndbox>
	</object>
	<object>
		<name>face</name>
		<pose>Unspecified</pose>
		<truncated>0</truncated>
		<difficult>0</difficult>
		<occluded>0</occluded>
		<bndbox>
			<xmin>80</xmin>
			<xmax>167</xmax>
			<ymin>97</ymin>
			<ymax>199</ymax>
		</bndbox>
	</object>
	<object>
		<name>hand</name>
		<pose>Unspecified</pose>
		<truncated>0</truncated>
		<difficult>0</difficult>
		<occluded>0</occluded>
		<bndbox>
			<xmin>118</xmin>
			<xmax>191</xmax>
			<ymin>174</ymin>
			<ymax>250</ymax>
		</bndbox>
	</object>
</annotation>
