<annotation>
	<folder></folder>
	<filename>Geoff_Hoon_0005_jpg.rf.320043602eef2c67aa1cb59c65f6d7ba.jpg</filename>
	<path>Geoff_Hoon_0005_jpg.rf.320043602eef2c67aa1cb59c65f6d7ba.jpg</path>
	<source>
		<database>roboflow.ai</database>
	</source>
	<size>
		<width>250</width>
		<height>250</height>
		<depth>3</depth>
	</size>
	<segmented>0</segmented>
	<object>
		<name>face</name>
		<pose>Unspecified</pose>
		<truncated>0</truncated>
		<difficult>0</difficult>
		<occluded>0</occluded>
		<bndbox>
			<xmin>75</xmin>
			<xmax>161</xmax>
			<ymin>92</ymin>
			<ymax>202</ymax>
		</bndbox>
	</object>
	<object>
		<name>hand</name>
		<pose>Unspecified</pose>
		<truncated>0</truncated>
		<difficult>0</difficult>
		<occluded>0</occluded>
		<bndbox>
			<xmin>11</xmin>
			<xmax>70</xmax>
			<ymin>145</ymin>
			<ymax>250</ymax>
		</bndbox>
	</object>
</annotation>
