<annotation>
	<folder></folder>
	<filename>Geoff_Dixon_0001_jpg.rf.7f4472529d9aad8781c362361cd58f7d.jpg</filename>
	<path>Geoff_Dixon_0001_jpg.rf.7f4472529d9aad8781c362361cd58f7d.jpg</path>
	<source>
		<database>roboflow.ai</database>
	</source>
	<size>
		<width>250</width>
		<height>250</height>
		<depth>3</depth>
	</size>
	<segmented>0</segmented>
	<object>
		<name>hand</name>
		<pose>Unspecified</pose>
		<truncated>0</truncated>
		<difficult>0</difficult>
		<occluded>0</occluded>
		<bndbox>
			<xmin>65</xmin>
			<xmax>124</xmax>
			<ymin>103</ymin>
			<ymax>212</ymax>
		</bndbox>
	</object>
	<object>
		<name>face</name>
		<pose>Unspecified</pose>
		<truncated>0</truncated>
		<difficult>0</difficult>
		<occluded>0</occluded>
		<bndbox>
			<xmin>85</xmin>
			<xmax>166</xmax>
			<ymin>92</ymin>
			<ymax>197</ymax>
		</bndbox>
	</object>
</annotation>
