<annotation>
	<folder></folder>
	<filename>George_W_Bush_0299_jpg.rf.d88b49acdb0a3f6e8e7ca21c4c497d07.jpg</filename>
	<path>George_W_Bush_0299_jpg.rf.d88b49acdb0a3f6e8e7ca21c4c497d07.jpg</path>
	<source>
		<database>roboflow.ai</database>
	</source>
	<size>
		<width>250</width>
		<height>250</height>
		<depth>3</depth>
	</size>
	<segmented>0</segmented>
	<object>
		<name>face</name>
		<pose>Unspecified</pose>
		<truncated>0</truncated>
		<difficult>0</difficult>
		<occluded>0</occluded>
		<bndbox>
			<xmin>83</xmin>
			<xmax>175</xmax>
			<ymin>99</ymin>
			<ymax>205</ymax>
		</bndbox>
	</object>
	<object>
		<name>hand</name>
		<pose>Unspecified</pose>
		<truncated>0</truncated>
		<difficult>0</difficult>
		<occluded>0</occluded>
		<bndbox>
			<xmin>32</xmin>
			<xmax>174</xmax>
			<ymin>131</ymin>
			<ymax>230</ymax>
		</bndbox>
	</object>
</annotation>
