<annotation>
	<folder></folder>
	<filename>George_W_Bush_0214_jpg.rf.a984df8459cc2ab66b3f42d335bfd963.jpg</filename>
	<path>George_W_Bush_0214_jpg.rf.a984df8459cc2ab66b3f42d335bfd963.jpg</path>
	<source>
		<database>roboflow.ai</database>
	</source>
	<size>
		<width>250</width>
		<height>250</height>
		<depth>3</depth>
	</size>
	<segmented>0</segmented>
	<object>
		<name>face</name>
		<pose>Unspecified</pose>
		<truncated>0</truncated>
		<difficult>0</difficult>
		<occluded>0</occluded>
		<bndbox>
			<xmin>89</xmin>
			<xmax>168</xmax>
			<ymin>94</ymin>
			<ymax>190</ymax>
		</bndbox>
	</object>
	<object>
		<name>hand</name>
		<pose>Unspecified</pose>
		<truncated>0</truncated>
		<difficult>0</difficult>
		<occluded>0</occluded>
		<bndbox>
			<xmin>19</xmin>
			<xmax>91</xmax>
			<ymin>92</ymin>
			<ymax>198</ymax>
		</bndbox>
	</object>
</annotation>
