<annotation>
	<folder></folder>
	<filename>George_W_Bush_0358_jpg.rf.47af7deb915629c5ef4fe176cfcbfbcb.jpg</filename>
	<path>George_W_Bush_0358_jpg.rf.47af7deb915629c5ef4fe176cfcbfbcb.jpg</path>
	<source>
		<database>roboflow.ai</database>
	</source>
	<size>
		<width>250</width>
		<height>250</height>
		<depth>3</depth>
	</size>
	<segmented>0</segmented>
	<object>
		<name>face</name>
		<pose>Unspecified</pose>
		<truncated>0</truncated>
		<difficult>0</difficult>
		<occluded>0</occluded>
		<bndbox>
			<xmin>73</xmin>
			<xmax>164</xmax>
			<ymin>97</ymin>
			<ymax>212</ymax>
		</bndbox>
	</object>
	<object>
		<name>hand</name>
		<pose>Unspecified</pose>
		<truncated>0</truncated>
		<difficult>0</difficult>
		<occluded>0</occluded>
		<bndbox>
			<xmin>132</xmin>
			<xmax>204</xmax>
			<ymin>162</ymin>
			<ymax>249</ymax>
		</bndbox>
	</object>
</annotation>
