<annotation>
	<folder></folder>
	<filename>George_W_Bush_0092_jpg.rf.2c387c454393e0babc70310c403aeb1c.jpg</filename>
	<path>George_W_Bush_0092_jpg.rf.2c387c454393e0babc70310c403aeb1c.jpg</path>
	<source>
		<database>roboflow.ai</database>
	</source>
	<size>
		<width>250</width>
		<height>250</height>
		<depth>3</depth>
	</size>
	<segmented>0</segmented>
	<object>
		<name>face</name>
		<pose>Unspecified</pose>
		<truncated>0</truncated>
		<difficult>0</difficult>
		<occluded>0</occluded>
		<bndbox>
			<xmin>84</xmin>
			<xmax>172</xmax>
			<ymin>94</ymin>
			<ymax>204</ymax>
		</bndbox>
	</object>
	<object>
		<name>hand</name>
		<pose>Unspecified</pose>
		<truncated>0</truncated>
		<difficult>0</difficult>
		<occluded>0</occluded>
		<bndbox>
			<xmin>157</xmin>
			<xmax>250</xmax>
			<ymin>88</ymin>
			<ymax>218</ymax>
		</bndbox>
	</object>
</annotation>
