<annotation>
	<folder></folder>
	<filename>George_W_Bush_0331_jpg.rf.161bd68bce2d319a640d483c316c6b96.jpg</filename>
	<path>George_W_Bush_0331_jpg.rf.161bd68bce2d319a640d483c316c6b96.jpg</path>
	<source>
		<database>roboflow.ai</database>
	</source>
	<size>
		<width>250</width>
		<height>250</height>
		<depth>3</depth>
	</size>
	<segmented>0</segmented>
	<object>
		<name>face</name>
		<pose>Unspecified</pose>
		<truncated>0</truncated>
		<difficult>0</difficult>
		<occluded>0</occluded>
		<bndbox>
			<xmin>86</xmin>
			<xmax>170</xmax>
			<ymin>97</ymin>
			<ymax>194</ymax>
		</bndbox>
	</object>
	<object>
		<name>hand</name>
		<pose>Unspecified</pose>
		<truncated>0</truncated>
		<difficult>0</difficult>
		<occluded>0</occluded>
		<bndbox>
			<xmin>20</xmin>
			<xmax>67</xmax>
			<ymin>81</ymin>
			<ymax>181</ymax>
		</bndbox>
	</object>
</annotation>
