<annotation>
	<folder></folder>
	<filename>George_W_Bush_0176_jpg.rf.a65e82cd5bdae8bc7032abaaf34edaf3.jpg</filename>
	<path>George_W_Bush_0176_jpg.rf.a65e82cd5bdae8bc7032abaaf34edaf3.jpg</path>
	<source>
		<database>roboflow.ai</database>
	</source>
	<size>
		<width>250</width>
		<height>250</height>
		<depth>3</depth>
	</size>
	<segmented>0</segmented>
	<object>
		<name>face</name>
		<pose>Unspecified</pose>
		<truncated>0</truncated>
		<difficult>0</difficult>
		<occluded>0</occluded>
		<bndbox>
			<xmin>83</xmin>
			<xmax>168</xmax>
			<ymin>95</ymin>
			<ymax>189</ymax>
		</bndbox>
	</object>
	<object>
		<name>hand</name>
		<pose>Unspecified</pose>
		<truncated>0</truncated>
		<difficult>0</difficult>
		<occluded>0</occluded>
		<bndbox>
			<xmin>100</xmin>
			<xmax>163</xmax>
			<ymin>156</ymin>
			<ymax>238</ymax>
		</bndbox>
	</object>
</annotation>
