<annotation>
	<folder></folder>
	<filename>George_W_Bush_0046_jpg.rf.05201c9a429fba9a4b71c7cb679facb3.jpg</filename>
	<path>George_W_Bush_0046_jpg.rf.05201c9a429fba9a4b71c7cb679facb3.jpg</path>
	<source>
		<database>roboflow.ai</database>
	</source>
	<size>
		<width>250</width>
		<height>250</height>
		<depth>3</depth>
	</size>
	<segmented>0</segmented>
	<object>
		<name>face</name>
		<pose>Unspecified</pose>
		<truncated>0</truncated>
		<difficult>0</difficult>
		<occluded>0</occluded>
		<bndbox>
			<xmin>88</xmin>
			<xmax>162</xmax>
			<ymin>99</ymin>
			<ymax>198</ymax>
		</bndbox>
	</object>
	<object>
		<name>hand</name>
		<pose>Unspecified</pose>
		<truncated>0</truncated>
		<difficult>0</difficult>
		<occluded>0</occluded>
		<bndbox>
			<xmin>55</xmin>
			<xmax>123</xmax>
			<ymin>163</ymin>
			<ymax>250</ymax>
		</bndbox>
	</object>
</annotation>
