<annotation>
	<folder></folder>
	<filename>George_W_Bush_0270_jpg.rf.7a2899bb8499c001b0a896b2cd0e1447.jpg</filename>
	<path>George_W_Bush_0270_jpg.rf.7a2899bb8499c001b0a896b2cd0e1447.jpg</path>
	<source>
		<database>roboflow.ai</database>
	</source>
	<size>
		<width>250</width>
		<height>250</height>
		<depth>3</depth>
	</size>
	<segmented>0</segmented>
	<object>
		<name>face</name>
		<pose>Unspecified</pose>
		<truncated>0</truncated>
		<difficult>0</difficult>
		<occluded>0</occluded>
		<bndbox>
			<xmin>88</xmin>
			<xmax>194</xmax>
			<ymin>91</ymin>
			<ymax>198</ymax>
		</bndbox>
	</object>
	<object>
		<name>hand</name>
		<pose>Unspecified</pose>
		<truncated>0</truncated>
		<difficult>0</difficult>
		<occluded>0</occluded>
		<bndbox>
			<xmin>158</xmin>
			<xmax>250</xmax>
			<ymin>103</ymin>
			<ymax>241</ymax>
		</bndbox>
	</object>
</annotation>
