<annotation>
	<folder></folder>
	<filename>Kevin_Sorbo_0001_jpg.rf.1b0d9ef138aa363a75111c1bfcbfd5e6.jpg</filename>
	<path>Kevin_Sorbo_0001_jpg.rf.1b0d9ef138aa363a75111c1bfcbfd5e6.jpg</path>
	<source>
		<database>roboflow.ai</database>
	</source>
	<size>
		<width>250</width>
		<height>250</height>
		<depth>3</depth>
	</size>
	<segmented>0</segmented>
	<object>
		<name>face</name>
		<pose>Unspecified</pose>
		<truncated>0</truncated>
		<difficult>0</difficult>
		<occluded>0</occluded>
		<bndbox>
			<xmin>80</xmin>
			<xmax>163</xmax>
			<ymin>95</ymin>
			<ymax>213</ymax>
		</bndbox>
	</object>
	<object>
		<name>hand</name>
		<pose>Unspecified</pose>
		<truncated>0</truncated>
		<difficult>0</difficult>
		<occluded>0</occluded>
		<bndbox>
			<xmin>1</xmin>
			<xmax>83</xmax>
			<ymin>104</ymin>
			<ymax>250</ymax>
		</bndbox>
	</object>
</annotation>
