<annotation>
	<folder></folder>
	<filename>Khum_Bahadur_Khadka_0001_jpg.rf.0f1622da2b53883cf2a638f2c4172282.jpg</filename>
	<path>Khum_Bahadur_Khadka_0001_jpg.rf.0f1622da2b53883cf2a638f2c4172282.jpg</path>
	<source>
		<database>roboflow.ai</database>
	</source>
	<size>
		<width>250</width>
		<height>250</height>
		<depth>3</depth>
	</size>
	<segmented>0</segmented>
	<object>
		<name>face</name>
		<pose>Unspecified</pose>
		<truncated>0</truncated>
		<difficult>0</difficult>
		<occluded>0</occluded>
		<bndbox>
			<xmin>195</xmin>
			<xmax>250</xmax>
			<ymin>121</ymin>
			<ymax>193</ymax>
		</bndbox>
	</object>
	<object>
		<name>face</name>
		<pose>Unspecified</pose>
		<truncated>0</truncated>
		<difficult>0</difficult>
		<occluded>0</occluded>
		<bndbox>
			<xmin>85</xmin>
			<xmax>176</xmax>
			<ymin>94</ymin>
			<ymax>201</ymax>
		</bndbox>
	</object>
	<object>
		<name>face</name>
		<pose>Unspecified</pose>
		<truncated>0</truncated>
		<difficult>0</difficult>
		<occluded>0</occluded>
		<bndbox>
			<xmin>35</xmin>
			<xmax>77</xmax>
			<ymin>122</ymin>
			<ymax>180</ymax>
		</bndbox>
	</object>
	<object>
		<name>hand</name>
		<pose>Unspecified</pose>
		<truncated>0</truncated>
		<difficult>0</difficult>
		<occluded>0</occluded>
		<bndbox>
			<xmin>39</xmin>
			<xmax>140</xmax>
			<ymin>189</ymin>
			<ymax>250</ymax>
		</bndbox>
	</object>
</annotation>
