<annotation>
	<folder></folder>
	<filename>Kirk_Douglas_0001_jpg.rf.6a4c6e58220931fdee02f39a29cfa32d.jpg</filename>
	<path>Kirk_Douglas_0001_jpg.rf.6a4c6e58220931fdee02f39a29cfa32d.jpg</path>
	<source>
		<database>roboflow.ai</database>
	</source>
	<size>
		<width>250</width>
		<height>250</height>
		<depth>3</depth>
	</size>
	<segmented>0</segmented>
	<object>
		<name>face</name>
		<pose>Unspecified</pose>
		<truncated>0</truncated>
		<difficult>0</difficult>
		<occluded>0</occluded>
		<bndbox>
			<xmin>84</xmin>
			<xmax>170</xmax>
			<ymin>102</ymin>
			<ymax>199</ymax>
		</bndbox>
	</object>
</annotation>
