<annotation>
	<folder></folder>
	<filename>Klaus_Zwickel_0001_jpg.rf.a116cc23bc5e3d201b180903c285cc1d.jpg</filename>
	<path>Klaus_Zwickel_0001_jpg.rf.a116cc23bc5e3d201b180903c285cc1d.jpg</path>
	<source>
		<database>roboflow.ai</database>
	</source>
	<size>
		<width>250</width>
		<height>250</height>
		<depth>3</depth>
	</size>
	<segmented>0</segmented>
	<object>
		<name>face</name>
		<pose>Unspecified</pose>
		<truncated>0</truncated>
		<difficult>0</difficult>
		<occluded>0</occluded>
		<bndbox>
			<xmin>83</xmin>
			<xmax>167</xmax>
			<ymin>95</ymin>
			<ymax>198</ymax>
		</bndbox>
	</object>
	<object>
		<name>hand</name>
		<pose>Unspecified</pose>
		<truncated>0</truncated>
		<difficult>0</difficult>
		<occluded>0</occluded>
		<bndbox>
			<xmin>171</xmin>
			<xmax>250</xmax>
			<ymin>85</ymin>
			<ymax>225</ymax>
		</bndbox>
	</object>
</annotation>
