<annotation>
	<folder></folder>
	<filename>Kurt_Busch_0002_jpg.rf.a12f4a8515a35b4e97e6f72a822da5ef.jpg</filename>
	<path>Kurt_Busch_0002_jpg.rf.a12f4a8515a35b4e97e6f72a822da5ef.jpg</path>
	<source>
		<database>roboflow.ai</database>
	</source>
	<size>
		<width>250</width>
		<height>250</height>
		<depth>3</depth>
	</size>
	<segmented>0</segmented>
	<object>
		<name>face</name>
		<pose>Unspecified</pose>
		<truncated>0</truncated>
		<difficult>0</difficult>
		<occluded>0</occluded>
		<bndbox>
			<xmin>79</xmin>
			<xmax>169</xmax>
			<ymin>96</ymin>
			<ymax>197</ymax>
		</bndbox>
	</object>
	<object>
		<name>hand</name>
		<pose>Unspecified</pose>
		<truncated>0</truncated>
		<difficult>0</difficult>
		<occluded>0</occluded>
		<bndbox>
			<xmin>96</xmin>
			<xmax>161</xmax>
			<ymin>203</ymin>
			<ymax>250</ymax>
		</bndbox>
	</object>
</annotation>
