<annotation>
	<folder></folder>
	<filename>Kwame_Kilpatrick_0001_jpg.rf.f89b60d76cf44d425febf7f0b8c6522a.jpg</filename>
	<path>Kwame_Kilpatrick_0001_jpg.rf.f89b60d76cf44d425febf7f0b8c6522a.jpg</path>
	<source>
		<database>roboflow.ai</database>
	</source>
	<size>
		<width>250</width>
		<height>250</height>
		<depth>3</depth>
	</size>
	<segmented>0</segmented>
	<object>
		<name>face</name>
		<pose>Unspecified</pose>
		<truncated>0</truncated>
		<difficult>0</difficult>
		<occluded>0</occluded>
		<bndbox>
			<xmin>88</xmin>
			<xmax>178</xmax>
			<ymin>102</ymin>
			<ymax>188</ymax>
		</bndbox>
	</object>
</annotation>
