<annotation>
	<folder></folder>
	<filename>Laila_Ali_0003_jpg.rf.db9bdb3bde493668d4a14873a9b7d4f0.jpg</filename>
	<path>Laila_Ali_0003_jpg.rf.db9bdb3bde493668d4a14873a9b7d4f0.jpg</path>
	<source>
		<database>roboflow.ai</database>
	</source>
	<size>
		<width>250</width>
		<height>250</height>
		<depth>3</depth>
	</size>
	<segmented>0</segmented>
	<object>
		<name>face</name>
		<pose>Unspecified</pose>
		<truncated>0</truncated>
		<difficult>0</difficult>
		<occluded>0</occluded>
		<bndbox>
			<xmin>82</xmin>
			<xmax>164</xmax>
			<ymin>93</ymin>
			<ymax>191</ymax>
		</bndbox>
	</object>
	<object>
		<name>hand</name>
		<pose>Unspecified</pose>
		<truncated>0</truncated>
		<difficult>0</difficult>
		<occluded>0</occluded>
		<bndbox>
			<xmin>40</xmin>
			<xmax>104</xmax>
			<ymin>193</ymin>
			<ymax>250</ymax>
		</bndbox>
	</object>
</annotation>
