<annotation>
	<folder></folder>
	<filename>Lance_Bass_0004_jpg.rf.f2057aef146ba2d1045fd431dac72e7a.jpg</filename>
	<path>Lance_Bass_0004_jpg.rf.f2057aef146ba2d1045fd431dac72e7a.jpg</path>
	<source>
		<database>roboflow.ai</database>
	</source>
	<size>
		<width>250</width>
		<height>250</height>
		<depth>3</depth>
	</size>
	<segmented>0</segmented>
	<object>
		<name>face</name>
		<pose>Unspecified</pose>
		<truncated>0</truncated>
		<difficult>0</difficult>
		<occluded>0</occluded>
		<bndbox>
			<xmin>90</xmin>
			<xmax>162</xmax>
			<ymin>93</ymin>
			<ymax>190</ymax>
		</bndbox>
	</object>
	<object>
		<name>hand</name>
		<pose>Unspecified</pose>
		<truncated>0</truncated>
		<difficult>0</difficult>
		<occluded>0</occluded>
		<bndbox>
			<xmin>5</xmin>
			<xmax>52</xmax>
			<ymin>164</ymin>
			<ymax>214</ymax>
		</bndbox>
	</object>
</annotation>
