<annotation>
	<folder></folder>
	<filename>Lance_Bass_0005_jpg.rf.7d091383654dcda604e8657667052eae.jpg</filename>
	<path>Lance_Bass_0005_jpg.rf.7d091383654dcda604e8657667052eae.jpg</path>
	<source>
		<database>roboflow.ai</database>
	</source>
	<size>
		<width>250</width>
		<height>250</height>
		<depth>3</depth>
	</size>
	<segmented>0</segmented>
	<object>
		<name>face</name>
		<pose>Unspecified</pose>
		<truncated>0</truncated>
		<difficult>0</difficult>
		<occluded>0</occluded>
		<bndbox>
			<xmin>87</xmin>
			<xmax>171</xmax>
			<ymin>92</ymin>
			<ymax>190</ymax>
		</bndbox>
	</object>
	<object>
		<name>hand</name>
		<pose>Unspecified</pose>
		<truncated>0</truncated>
		<difficult>0</difficult>
		<occluded>0</occluded>
		<bndbox>
			<xmin>8</xmin>
			<xmax>76</xmax>
			<ymin>182</ymin>
			<ymax>250</ymax>
		</bndbox>
	</object>
</annotation>
