<annotation>
	<folder></folder>
	<filename>Lane_Bryant_0001_jpg.rf.1b28d07fa62da774ac014e53f5a097d1.jpg</filename>
	<path>Lane_Bryant_0001_jpg.rf.1b28d07fa62da774ac014e53f5a097d1.jpg</path>
	<source>
		<database>roboflow.ai</database>
	</source>
	<size>
		<width>250</width>
		<height>250</height>
		<depth>3</depth>
	</size>
	<segmented>0</segmented>
	<object>
		<name>face</name>
		<pose>Unspecified</pose>
		<truncated>0</truncated>
		<difficult>0</difficult>
		<occluded>0</occluded>
		<bndbox>
			<xmin>80</xmin>
			<xmax>168</xmax>
			<ymin>89</ymin>
			<ymax>187</ymax>
		</bndbox>
	</object>
	<object>
		<name>hand</name>
		<pose>Unspecified</pose>
		<truncated>0</truncated>
		<difficult>0</difficult>
		<occluded>0</occluded>
		<bndbox>
			<xmin>68</xmin>
			<xmax>201</xmax>
			<ymin>194</ymin>
			<ymax>250</ymax>
		</bndbox>
	</object>
</annotation>
