<annotation>
	<folder></folder>
	<filename>Larry_Brown_0002_jpg.rf.2d266dbac725c3b7a943dfaa065b355f.jpg</filename>
	<path>Larry_Brown_0002_jpg.rf.2d266dbac725c3b7a943dfaa065b355f.jpg</path>
	<source>
		<database>roboflow.ai</database>
	</source>
	<size>
		<width>250</width>
		<height>250</height>
		<depth>3</depth>
	</size>
	<segmented>0</segmented>
	<object>
		<name>face</name>
		<pose>Unspecified</pose>
		<truncated>0</truncated>
		<difficult>0</difficult>
		<occluded>0</occluded>
		<bndbox>
			<xmin>86</xmin>
			<xmax>171</xmax>
			<ymin>95</ymin>
			<ymax>207</ymax>
		</bndbox>
	</object>
	<object>
		<name>hand</name>
		<pose>Unspecified</pose>
		<truncated>0</truncated>
		<difficult>0</difficult>
		<occluded>0</occluded>
		<bndbox>
			<xmin>123</xmin>
			<xmax>189</xmax>
			<ymin>125</ymin>
			<ymax>229</ymax>
		</bndbox>
	</object>
</annotation>
