<annotation>
	<folder></folder>
	<filename>Laura_Schlessinger_0001_jpg.rf.ce4fda875fdce0c8c6c4eb56a84f35f8.jpg</filename>
	<path>Laura_Schlessinger_0001_jpg.rf.ce4fda875fdce0c8c6c4eb56a84f35f8.jpg</path>
	<source>
		<database>roboflow.ai</database>
	</source>
	<size>
		<width>250</width>
		<height>250</height>
		<depth>3</depth>
	</size>
	<segmented>0</segmented>
	<object>
		<name>face</name>
		<pose>Unspecified</pose>
		<truncated>0</truncated>
		<difficult>0</difficult>
		<occluded>0</occluded>
		<bndbox>
			<xmin>80</xmin>
			<xmax>167</xmax>
			<ymin>99</ymin>
			<ymax>188</ymax>
		</bndbox>
	</object>
	<object>
		<name>hand</name>
		<pose>Unspecified</pose>
		<truncated>0</truncated>
		<difficult>0</difficult>
		<occluded>0</occluded>
		<bndbox>
			<xmin>129</xmin>
			<xmax>196</xmax>
			<ymin>143</ymin>
			<ymax>248</ymax>
		</bndbox>
	</object>
</annotation>
