<annotation>
	<folder></folder>
	<filename>Laura_Bush_0016_jpg.rf.d4fc6d3dfb0a9ece309c235f19d4d8f0.jpg</filename>
	<path>Laura_Bush_0016_jpg.rf.d4fc6d3dfb0a9ece309c235f19d4d8f0.jpg</path>
	<source>
		<database>roboflow.ai</database>
	</source>
	<size>
		<width>250</width>
		<height>250</height>
		<depth>3</depth>
	</size>
	<segmented>0</segmented>
	<object>
		<name>face</name>
		<pose>Unspecified</pose>
		<truncated>0</truncated>
		<difficult>0</difficult>
		<occluded>0</occluded>
		<bndbox>
			<xmin>80</xmin>
			<xmax>173</xmax>
			<ymin>96</ymin>
			<ymax>190</ymax>
		</bndbox>
	</object>
	<object>
		<name>hand</name>
		<pose>Unspecified</pose>
		<truncated>0</truncated>
		<difficult>0</difficult>
		<occluded>0</occluded>
		<bndbox>
			<xmin>72</xmin>
			<xmax>144</xmax>
			<ymin>193</ymin>
			<ymax>250</ymax>
		</bndbox>
	</object>
</annotation>
