<annotation>
	<folder></folder>
	<filename>Laurent_Gbagbo_0002_jpg.rf.07cd74537d8ada955972b0e50ad8f1ed.jpg</filename>
	<path>Laurent_Gbagbo_0002_jpg.rf.07cd74537d8ada955972b0e50ad8f1ed.jpg</path>
	<source>
		<database>roboflow.ai</database>
	</source>
	<size>
		<width>250</width>
		<height>250</height>
		<depth>3</depth>
	</size>
	<segmented>0</segmented>
	<object>
		<name>face</name>
		<pose>Unspecified</pose>
		<truncated>0</truncated>
		<difficult>0</difficult>
		<occluded>0</occluded>
		<bndbox>
			<xmin>71</xmin>
			<xmax>184</xmax>
			<ymin>80</ymin>
			<ymax>219</ymax>
		</bndbox>
	</object>
	<object>
		<name>hand</name>
		<pose>Unspecified</pose>
		<truncated>0</truncated>
		<difficult>0</difficult>
		<occluded>0</occluded>
		<bndbox>
			<xmin>1</xmin>
			<xmax>111</xmax>
			<ymin>132</ymin>
			<ymax>250</ymax>
		</bndbox>
	</object>
</annotation>
