<annotation>
	<folder></folder>
	<filename>Laura_Bush_0018_jpg.rf.a17a2d84836ee90c5dac65ed07963e30.jpg</filename>
	<path>Laura_Bush_0018_jpg.rf.a17a2d84836ee90c5dac65ed07963e30.jpg</path>
	<source>
		<database>roboflow.ai</database>
	</source>
	<size>
		<width>250</width>
		<height>250</height>
		<depth>3</depth>
	</size>
	<segmented>0</segmented>
	<object>
		<name>face</name>
		<pose>Unspecified</pose>
		<truncated>0</truncated>
		<difficult>0</difficult>
		<occluded>0</occluded>
		<bndbox>
			<xmin>88</xmin>
			<xmax>169</xmax>
			<ymin>96</ymin>
			<ymax>186</ymax>
		</bndbox>
	</object>
	<object>
		<name>hand</name>
		<pose>Unspecified</pose>
		<truncated>0</truncated>
		<difficult>0</difficult>
		<occluded>0</occluded>
		<bndbox>
			<xmin>1</xmin>
			<xmax>63</xmax>
			<ymin>113</ymin>
			<ymax>224</ymax>
		</bndbox>
	</object>
</annotation>
