<annotation>
	<folder></folder>
	<filename>Laura_Bush_0040_jpg.rf.26a36241e884b1e2fe197a337c5e1ee5.jpg</filename>
	<path>Laura_Bush_0040_jpg.rf.26a36241e884b1e2fe197a337c5e1ee5.jpg</path>
	<source>
		<database>roboflow.ai</database>
	</source>
	<size>
		<width>250</width>
		<height>250</height>
		<depth>3</depth>
	</size>
	<segmented>0</segmented>
	<object>
		<name>hand</name>
		<pose>Unspecified</pose>
		<truncated>0</truncated>
		<difficult>0</difficult>
		<occluded>0</occluded>
		<bndbox>
			<xmin>160</xmin>
			<xmax>243</xmax>
			<ymin>11</ymin>
			<ymax>112</ymax>
		</bndbox>
	</object>
	<object>
		<name>face</name>
		<pose>Unspecified</pose>
		<truncated>0</truncated>
		<difficult>0</difficult>
		<occluded>0</occluded>
		<bndbox>
			<xmin>82</xmin>
			<xmax>167</xmax>
			<ymin>89</ymin>
			<ymax>197</ymax>
		</bndbox>
	</object>
</annotation>
