<annotation>
	<folder></folder>
	<filename>Lawrence_Vito_0001_jpg.rf.f2bf909151edd624efcdf7a20be69ee8.jpg</filename>
	<path>Lawrence_Vito_0001_jpg.rf.f2bf909151edd624efcdf7a20be69ee8.jpg</path>
	<source>
		<database>roboflow.ai</database>
	</source>
	<size>
		<width>250</width>
		<height>250</height>
		<depth>3</depth>
	</size>
	<segmented>0</segmented>
	<object>
		<name>face</name>
		<pose>Unspecified</pose>
		<truncated>0</truncated>
		<difficult>0</difficult>
		<occluded>0</occluded>
		<bndbox>
			<xmin>90</xmin>
			<xmax>178</xmax>
			<ymin>97</ymin>
			<ymax>182</ymax>
		</bndbox>
	</object>
	<object>
		<name>hand</name>
		<pose>Unspecified</pose>
		<truncated>0</truncated>
		<difficult>0</difficult>
		<occluded>0</occluded>
		<bndbox>
			<xmin>179</xmin>
			<xmax>250</xmax>
			<ymin>106</ymin>
			<ymax>228</ymax>
		</bndbox>
	</object>
</annotation>
