<annotation>
	<folder></folder>
	<filename>Lenny_Wilkens_0001_jpg.rf.ceb04c7b9b7153cf8b27109f86514e05.jpg</filename>
	<path>Lenny_Wilkens_0001_jpg.rf.ceb04c7b9b7153cf8b27109f86514e05.jpg</path>
	<source>
		<database>roboflow.ai</database>
	</source>
	<size>
		<width>250</width>
		<height>250</height>
		<depth>3</depth>
	</size>
	<segmented>0</segmented>
	<object>
		<name>face</name>
		<pose>Unspecified</pose>
		<truncated>0</truncated>
		<difficult>0</difficult>
		<occluded>0</occluded>
		<bndbox>
			<xmin>87</xmin>
			<xmax>168</xmax>
			<ymin>93</ymin>
			<ymax>186</ymax>
		</bndbox>
	</object>
	<object>
		<name>hand</name>
		<pose>Unspecified</pose>
		<truncated>0</truncated>
		<difficult>0</difficult>
		<occluded>0</occluded>
		<bndbox>
			<xmin>134</xmin>
			<xmax>212</xmax>
			<ymin>187</ymin>
			<ymax>250</ymax>
		</bndbox>
	</object>
</annotation>
