<annotation>
	<folder></folder>
	<filename>Lenny_Wilkens_0002_jpg.rf.e97840ebcf5dd2c327166a514e5928b6.jpg</filename>
	<path>Lenny_Wilkens_0002_jpg.rf.e97840ebcf5dd2c327166a514e5928b6.jpg</path>
	<source>
		<database>roboflow.ai</database>
	</source>
	<size>
		<width>250</width>
		<height>250</height>
		<depth>3</depth>
	</size>
	<segmented>0</segmented>
	<object>
		<name>face</name>
		<pose>Unspecified</pose>
		<truncated>0</truncated>
		<difficult>0</difficult>
		<occluded>0</occluded>
		<bndbox>
			<xmin>84</xmin>
			<xmax>161</xmax>
			<ymin>92</ymin>
			<ymax>196</ymax>
		</bndbox>
	</object>
	<object>
		<name>hand</name>
		<pose>Unspecified</pose>
		<truncated>0</truncated>
		<difficult>0</difficult>
		<occluded>0</occluded>
		<bndbox>
			<xmin>61</xmin>
			<xmax>144</xmax>
			<ymin>197</ymin>
			<ymax>250</ymax>
		</bndbox>
	</object>
</annotation>
