<annotation>
	<folder></folder>
	<filename>Leo_Mullin_0001_jpg.rf.2a02b1bac900c2386a40100c7d6c603a.jpg</filename>
	<path>Leo_Mullin_0001_jpg.rf.2a02b1bac900c2386a40100c7d6c603a.jpg</path>
	<source>
		<database>roboflow.ai</database>
	</source>
	<size>
		<width>250</width>
		<height>250</height>
		<depth>3</depth>
	</size>
	<segmented>0</segmented>
	<object>
		<name>face</name>
		<pose>Unspecified</pose>
		<truncated>0</truncated>
		<difficult>0</difficult>
		<occluded>0</occluded>
		<bndbox>
			<xmin>79</xmin>
			<xmax>164</xmax>
			<ymin>100</ymin>
			<ymax>194</ymax>
		</bndbox>
	</object>
	<object>
		<name>hand</name>
		<pose>Unspecified</pose>
		<truncated>0</truncated>
		<difficult>0</difficult>
		<occluded>0</occluded>
		<bndbox>
			<xmin>128</xmin>
			<xmax>238</xmax>
			<ymin>174</ymin>
			<ymax>243</ymax>
		</bndbox>
	</object>
</annotation>
