<annotation>
	<folder></folder>
	<filename>Leonid_Kuchma_0002_jpg.rf.754f80d0b1bce65af2d0ec36fe54735b.jpg</filename>
	<path>Leonid_Kuchma_0002_jpg.rf.754f80d0b1bce65af2d0ec36fe54735b.jpg</path>
	<source>
		<database>roboflow.ai</database>
	</source>
	<size>
		<width>250</width>
		<height>250</height>
		<depth>3</depth>
	</size>
	<segmented>0</segmented>
	<object>
		<name>face</name>
		<pose>Unspecified</pose>
		<truncated>0</truncated>
		<difficult>0</difficult>
		<occluded>0</occluded>
		<bndbox>
			<xmin>90</xmin>
			<xmax>168</xmax>
			<ymin>100</ymin>
			<ymax>178</ymax>
		</bndbox>
	</object>
	<object>
		<name>hand</name>
		<pose>Unspecified</pose>
		<truncated>0</truncated>
		<difficult>0</difficult>
		<occluded>0</occluded>
		<bndbox>
			<xmin>118</xmin>
			<xmax>188</xmax>
			<ymin>169</ymin>
			<ymax>250</ymax>
		</bndbox>
	</object>
	<object>
		<name>face</name>
		<pose>Unspecified</pose>
		<truncated>0</truncated>
		<difficult>0</difficult>
		<occluded>0</occluded>
		<bndbox>
			<xmin>1</xmin>
			<xmax>45</xmax>
			<ymin>104</ymin>
			<ymax>170</ymax>
		</bndbox>
	</object>
</annotation>
