<annotation>
	<folder></folder>
	<filename>Leonid_Kuchma_0004_jpg.rf.875c1f8baf424287f02d65f40cf5f319.jpg</filename>
	<path>Leonid_Kuchma_0004_jpg.rf.875c1f8baf424287f02d65f40cf5f319.jpg</path>
	<source>
		<database>roboflow.ai</database>
	</source>
	<size>
		<width>250</width>
		<height>250</height>
		<depth>3</depth>
	</size>
	<segmented>0</segmented>
	<object>
		<name>face</name>
		<pose>Unspecified</pose>
		<truncated>0</truncated>
		<difficult>0</difficult>
		<occluded>0</occluded>
		<bndbox>
			<xmin>75</xmin>
			<xmax>167</xmax>
			<ymin>92</ymin>
			<ymax>177</ymax>
		</bndbox>
	</object>
	<object>
		<name>hand</name>
		<pose>Unspecified</pose>
		<truncated>0</truncated>
		<difficult>0</difficult>
		<occluded>0</occluded>
		<bndbox>
			<xmin>19</xmin>
			<xmax>74</xmax>
			<ymin>80</ymin>
			<ymax>169</ymax>
		</bndbox>
	</object>
</annotation>
