<annotation>
	<folder></folder>
	<filename>Leonard_Hamilton_0001_jpg.rf.1f277b5e93c75dc408c877df4c4d393a.jpg</filename>
	<path>Leonard_Hamilton_0001_jpg.rf.1f277b5e93c75dc408c877df4c4d393a.jpg</path>
	<source>
		<database>roboflow.ai</database>
	</source>
	<size>
		<width>250</width>
		<height>250</height>
		<depth>3</depth>
	</size>
	<segmented>0</segmented>
	<object>
		<name>face</name>
		<pose>Unspecified</pose>
		<truncated>0</truncated>
		<difficult>0</difficult>
		<occluded>0</occluded>
		<bndbox>
			<xmin>84</xmin>
			<xmax>171</xmax>
			<ymin>96</ymin>
			<ymax>193</ymax>
		</bndbox>
	</object>
	<object>
		<name>hand</name>
		<pose>Unspecified</pose>
		<truncated>0</truncated>
		<difficult>0</difficult>
		<occluded>0</occluded>
		<bndbox>
			<xmin>1</xmin>
			<xmax>87</xmax>
			<ymin>139</ymin>
			<ymax>247</ymax>
		</bndbox>
	</object>
</annotation>
