<annotation>
	<folder></folder>
	<filename>Leonid_Kuchma_0003_jpg.rf.d0dc59e310548851617836a5470071ca.jpg</filename>
	<path>Leonid_Kuchma_0003_jpg.rf.d0dc59e310548851617836a5470071ca.jpg</path>
	<source>
		<database>roboflow.ai</database>
	</source>
	<size>
		<width>250</width>
		<height>250</height>
		<depth>3</depth>
	</size>
	<segmented>0</segmented>
	<object>
		<name>face</name>
		<pose>Unspecified</pose>
		<truncated>0</truncated>
		<difficult>0</difficult>
		<occluded>0</occluded>
		<bndbox>
			<xmin>84</xmin>
			<xmax>174</xmax>
			<ymin>93</ymin>
			<ymax>177</ymax>
		</bndbox>
	</object>
	<object>
		<name>hand</name>
		<pose>Unspecified</pose>
		<truncated>0</truncated>
		<difficult>0</difficult>
		<occluded>0</occluded>
		<bndbox>
			<xmin>15</xmin>
			<xmax>84</xmax>
			<ymin>91</ymin>
			<ymax>181</ymax>
		</bndbox>
	</object>
</annotation>
