<annotation>
	<folder></folder>
	<filename>Li_Ka-shing_0001_jpg.rf.1fee0f00138bde3b6ae590294e023149.jpg</filename>
	<path>Li_Ka-shing_0001_jpg.rf.1fee0f00138bde3b6ae590294e023149.jpg</path>
	<source>
		<database>roboflow.ai</database>
	</source>
	<size>
		<width>250</width>
		<height>250</height>
		<depth>3</depth>
	</size>
	<segmented>0</segmented>
	<object>
		<name>face</name>
		<pose>Unspecified</pose>
		<truncated>0</truncated>
		<difficult>0</difficult>
		<occluded>0</occluded>
		<bndbox>
			<xmin>196</xmin>
			<xmax>250</xmax>
			<ymin>100</ymin>
			<ymax>171</ymax>
		</bndbox>
	</object>
	<object>
		<name>face</name>
		<pose>Unspecified</pose>
		<truncated>0</truncated>
		<difficult>0</difficult>
		<occluded>0</occluded>
		<bndbox>
			<xmin>104</xmin>
			<xmax>163</xmax>
			<ymin>91</ymin>
			<ymax>178</ymax>
		</bndbox>
	</object>
	<object>
		<name>hand</name>
		<pose>Unspecified</pose>
		<truncated>0</truncated>
		<difficult>0</difficult>
		<occluded>0</occluded>
		<bndbox>
			<xmin>143</xmin>
			<xmax>217</xmax>
			<ymin>155</ymin>
			<ymax>218</ymax>
		</bndbox>
	</object>
</annotation>
