<annotation>
	<folder></folder>
	<filename>Li_Peng_0004_jpg.rf.c9aad4c5939c985192643d609d913841.jpg</filename>
	<path>Li_Peng_0004_jpg.rf.c9aad4c5939c985192643d609d913841.jpg</path>
	<source>
		<database>roboflow.ai</database>
	</source>
	<size>
		<width>250</width>
		<height>250</height>
		<depth>3</depth>
	</size>
	<segmented>0</segmented>
	<object>
		<name>hand</name>
		<pose>Unspecified</pose>
		<truncated>0</truncated>
		<difficult>0</difficult>
		<occluded>0</occluded>
		<bndbox>
			<xmin>64</xmin>
			<xmax>125</xmax>
			<ymin>56</ymin>
			<ymax>122</ymax>
		</bndbox>
	</object>
	<object>
		<name>face</name>
		<pose>Unspecified</pose>
		<truncated>0</truncated>
		<difficult>0</difficult>
		<occluded>0</occluded>
		<bndbox>
			<xmin>89</xmin>
			<xmax>174</xmax>
			<ymin>98</ymin>
			<ymax>182</ymax>
		</bndbox>
	</object>
</annotation>
