<annotation>
	<folder></folder>
	<filename>Li_Peng_0005_jpg.rf.228649b6b7896a3726572b3e6374d1f0.jpg</filename>
	<path>Li_Peng_0005_jpg.rf.228649b6b7896a3726572b3e6374d1f0.jpg</path>
	<source>
		<database>roboflow.ai</database>
	</source>
	<size>
		<width>250</width>
		<height>250</height>
		<depth>3</depth>
	</size>
	<segmented>0</segmented>
	<object>
		<name>face</name>
		<pose>Unspecified</pose>
		<truncated>0</truncated>
		<difficult>0</difficult>
		<occluded>0</occluded>
		<bndbox>
			<xmin>80</xmin>
			<xmax>156</xmax>
			<ymin>90</ymin>
			<ymax>181</ymax>
		</bndbox>
	</object>
	<object>
		<name>hand</name>
		<pose>Unspecified</pose>
		<truncated>0</truncated>
		<difficult>0</difficult>
		<occluded>0</occluded>
		<bndbox>
			<xmin>146</xmin>
			<xmax>209</xmax>
			<ymin>177</ymin>
			<ymax>250</ymax>
		</bndbox>
	</object>
</annotation>
